Time,X,Y
0.0,0.043240174651145935,0.09960751235485077
0.03333333333333333,0.043091341853141785,0.0982668548822403
0.06666666666666667,0.042547449469566345,0.09825751185417175
0.1,0.04264271259307861,0.09847372770309448
0.13333333333333333,0.04269513487815857,0.09929147362709045
0.16666666666666666,0.04265819489955902,0.09854653477668762
0.2,0.04285304248332977,0.09831950068473816
0.23333333333333334,0.042519599199295044,0.09833566844463348
0.26666666666666666,0.04208281636238098,0.10195225477218628
0.3,0.04186747968196869,0.10212820768356323
0.3333333333333333,0.041702449321746826,0.10247999429702759
0.36666666666666664,0.041009679436683655,0.10206042230129242
0.4,0.039439693093299866,0.10274969041347504
0.43333333333333335,0.03899623453617096,0.10395431518554688
0.4666666666666667,0.03908178210258484,0.10472393035888672
0.5,0.03924873471260071,0.1049705296754837
0.5333333333333333,0.03842651844024658,0.10500717163085938
0.5666666666666667,0.0370042622089386,0.10529769957065582
0.6,0.036763086915016174,0.10549695789813995
0.6333333333333333,0.03711165487766266,0.10548903048038483
0.6666666666666666,0.037045836448669434,0.10601848363876343
0.7,0.03720755875110626,0.10604660212993622
0.7333333333333333,0.03718571364879608,0.10553619265556335
0.7666666666666667,0.03694887459278107,0.10601919889450073
0.8,0.036917343735694885,0.10641434788703918
0.8333333333333334,0.03693994879722595,0.1064288467168808
0.8666666666666667,0.036924198269844055,0.10603542625904083
0.9,0.036849573254585266,0.10534089803695679
0.9333333333333333,0.036876529455184937,0.1051771342754364
0.9666666666666667,0.03687909245491028,0.10507930815219879
1.0,0.0367395281791687,0.1051722913980484
1.0333333333333334,0.036766424775123596,0.10518640279769897
1.0666666666666667,0.03682444989681244,0.10479770600795746
1.1,0.03673131763935089,0.10462012887001038
1.1333333333333333,0.036646485328674316,0.10449770092964172
1.1666666666666667,0.036484941840171814,0.10474137961864471
1.2,0.036562591791152954,0.10453660786151886
1.2333333333333334,0.0364256352186203,0.10408434271812439
1.2666666666666666,0.03640459477901459,0.1040782481431961
1.3,0.03651483356952667,0.10382381081581116
1.3333333333333333,0.03660863637924194,0.10403892397880554
1.3666666666666667,0.0364762544631958,0.10342976450920105
1.4,0.03648892045021057,0.1032831072807312
1.4333333333333333,0.03648647665977478,0.1029948890209198
1.4666666666666666,0.03640143573284149,0.10340628027915955
1.5,0.036454662680625916,0.10336409509181976
1.5333333333333334,0.036513134837150574,0.10339471697807312
1.5666666666666667,0.03650602698326111,0.10336916148662567
1.6,0.036460280418395996,0.1031147837638855
1.6333333333333333,0.03653132915496826,0.10316824913024902
1.6666666666666667,0.03623479604721069,0.10256919264793396
1.7,0.03588472306728363,0.10247175395488739
1.7333333333333334,0.035794198513031006,0.10242532193660736
1.7666666666666666,0.03593170642852783,0.1022806316614151
1.8,0.03572387993335724,0.10230894386768341
1.8333333333333333,0.03580811619758606,0.10221317410469055
1.8666666666666667,0.0358574241399765,0.10223376750946045
1.9,0.03592047095298767,0.10260123014450073
1.9333333333333333,0.03802533447742462,0.1006271243095398
1.9666666666666666,0.04144662618637085,0.0975351631641388
2.0,0.04302123188972473,0.09342256188392639
2.033333333333333,0.04282715916633606,0.09214477241039276
2.066666666666667,0.04274173080921173,0.09236429631710052
2.1,0.04268866777420044,0.09277018904685974
2.1333333333333333,0.04272930324077606,0.09257595241069794
2.1666666666666665,0.042526230216026306,0.09258244931697845
2.2,0.042504385113716125,0.09250347316265106
2.2333333333333334,0.0424271821975708,0.09242776036262512
2.2666666666666666,0.04237370193004608,0.09243500232696533
2.3,0.04233412444591522,0.09242388606071472
2.3333333333333335,0.04238112270832062,0.09257757663726807
2.3666666666666667,0.04247041046619415,0.09300887584686279
2.4,0.04241769015789032,0.09278184175491333
2.433333333333333,0.042377769947052,0.09289489686489105
2.466666666666667,0.04240618646144867,0.09289808571338654
2.5,0.04246711730957031,0.09309488534927368
2.533333333333333,0.04244333505630493,0.09321311116218567
2.566666666666667,0.042434945702552795,0.09314371645450592
2.6,0.04245634377002716,0.09341968595981598
2.6333333333333333,0.04252709448337555,0.09374034404754639
2.6666666666666665,0.04257781803607941,0.09434595704078674
2.7,0.04258713126182556,0.09429898858070374
2.7333333333333334,0.04266725480556488,0.09478910267353058
2.7666666666666666,0.042580872774124146,0.09481529891490936
2.8,0.0426691472530365,0.0948411077260971
2.8333333333333335,0.04269351065158844,0.09491230547428131
2.8666666666666667,0.04263649880886078,0.09477537870407104
2.9,0.042570069432258606,0.09437905251979828
2.933333333333333,0.04267452657222748,0.09428121149539948
2.966666666666667,0.042663782835006714,0.09440316259860992
3.0,0.0426192581653595,0.09455281496047974
3.033333333333333,0.0425921231508255,0.094639852643013
3.066666666666667,0.042693525552749634,0.09443245828151703
3.1,0.04275466501712799,0.09454874694347382
3.1333333333333333,0.04271131753921509,0.09464147686958313
3.1666666666666665,0.042802855372428894,0.09453190863132477
3.2,0.042715609073638916,0.09468235075473785
3.2333333333333334,0.042729899287223816,0.09461064636707306
3.2666666666666666,0.04278627038002014,0.09479567408561707
3.3,0.042739346623420715,0.09439729154109955
3.3333333333333335,0.04273523390293121,0.09421257674694061
3.3666666666666667,0.042709216475486755,0.0942375510931015
3.4,0.04271620512008667,0.0942637026309967
3.433333333333333,0.042793333530426025,0.09426446259021759
3.466666666666667,0.042756691575050354,0.09408815205097198
3.5,0.042716145515441895,0.0940595269203186
3.533333333333333,0.04273711144924164,0.09413355588912964
3.566666666666667,0.04272794723510742,0.09423905611038208
3.6,0.042707622051239014,0.09422105550765991
3.6333333333333333,0.04271772503852844,0.09409253299236298
3.6666666666666665,0.042707398533821106,0.0941268652677536
3.7,0.042642876505851746,0.09380605816841125
3.7333333333333334,0.04267601668834686,0.09351131319999695
3.7666666666666666,0.0427008718252182,0.09341855347156525
3.8,0.042581334710121155,0.09340105950832367
3.8333333333333335,0.04256775975227356,0.09341828525066376
3.8666666666666667,0.04250982403755188,0.09346595406532288
3.9,0.04252634942531586,0.09333287179470062
3.933333333333333,0.04251289367675781,0.09334489703178406
3.966666666666667,0.04258053004741669,0.09312532842159271
4.0,0.042547985911369324,0.09328307211399078
4.033333333333333,0.042682960629463196,0.09321649372577667
4.066666666666666,0.04256311058998108,0.09260258078575134
4.1,0.042529910802841187,0.09254437685012817
4.133333333333334,0.04242968559265137,0.09222164750099182
4.166666666666667,0.042415156960487366,0.09231045842170715
4.2,0.04241694509983063,0.09234845638275146
4.233333333333333,0.04245796799659729,0.09206828474998474
4.266666666666667,0.04248987138271332,0.09194546937942505
4.3,0.04242938756942749,0.09188729524612427
4.333333333333333,0.04233783483505249,0.09189575910568237
4.366666666666666,0.042446479201316833,0.09198282659053802
4.4,0.04245021939277649,0.09177793562412262
4.433333333333334,0.042919859290122986,0.09261435270309448
4.466666666666667,0.04474686086177826,0.0939929336309433
4.5,0.04615609347820282,0.09569747745990753
4.533333333333333,0.04634648561477661,0.09637853503227234
4.566666666666666,0.046706393361091614,0.09623993933200836
4.6,0.049771785736083984,0.09776759147644043
4.633333333333334,0.05237984657287598,0.0993831604719162
4.666666666666667,0.05437964200973511,0.09996621310710907
4.7,0.05514252185821533,0.1010047197341919
4.733333333333333,0.05570243299007416,0.10156568884849548
4.766666666666667,0.0557856559753418,0.10201594233512878
4.8,0.056105419993400574,0.10151396691799164
4.833333333333333,0.05611249804496765,0.1015462726354599
4.866666666666666,0.05601516366004944,0.10117834806442261
4.9,0.056128740310668945,0.1013246476650238
4.933333333333334,0.05626547336578369,0.10133956372737885
4.966666666666667,0.05625493824481964,0.10139751434326172
5.0,0.05624257028102875,0.10092027485370636
5.033333333333333,0.05622503161430359,0.10106965899467468
5.066666666666666,0.05613492429256439,0.1012321412563324
5.1,0.056161120533943176,0.10130728781223297
5.133333333333334,0.05615915358066559,0.10108037292957306
5.166666666666667,0.056128665804862976,0.10089096426963806
5.2,0.05636702477931976,0.100801020860672
5.233333333333333,0.05638539791107178,0.10076044499874115
5.266666666666667,0.05628792941570282,0.10070575773715973
5.3,0.05637064576148987,0.10057072341442108
5.333333333333333,0.05633150041103363,0.10039696097373962
5.366666666666666,0.05626828968524933,0.10031996667385101
5.4,0.056396737694740295,0.10038647055625916
5.433333333333334,0.05650670826435089,0.10028263926506042
5.466666666666667,0.05647166073322296,0.10013268887996674
5.5,0.0562615692615509,0.10039263963699341
5.533333333333333,0.056380510330200195,0.10057897865772247
5.566666666666666,0.056388869881629944,0.10107184946537018
5.6,0.056315287947654724,0.10149767994880676
5.633333333333334,0.056382909417152405,0.10113492608070374
5.666666666666667,0.05639028549194336,0.1012231856584549
5.7,0.05646534264087677,0.10113662481307983
5.733333333333333,0.056483447551727295,0.1013198047876358
5.766666666666667,0.05643835663795471,0.10143488645553589
5.8,0.05653657019138336,0.10147184133529663
5.833333333333333,0.05651329457759857,0.10174617171287537
5.866666666666666,0.05647672712802887,0.10178384184837341
5.9,0.05637906491756439,0.10191446542739868
5.933333333333334,0.05628100037574768,0.10178273916244507
5.966666666666667,0.05638137459754944,0.10159003734588623
6.0,0.056178271770477295,0.10214801132678986
6.033333333333333,0.05617628991603851,0.10150633752346039
6.066666666666666,0.05606147646903992,0.10077369213104248
6.1,0.05590352416038513,0.1007150262594223
6.133333333333334,0.05647900700569153,0.10052773356437683
6.166666666666667,0.05635474622249603,0.10057905316352844
6.2,0.05622681975364685,0.10100926458835602
6.233333333333333,0.056241557002067566,0.10081502795219421
6.266666666666667,0.05601821839809418,0.10078854858875275
6.3,0.055921584367752075,0.10089682042598724
6.333333333333333,0.05585390329360962,0.10090327262878418
6.366666666666666,0.0559493750333786,0.10094346106052399
6.4,0.05604170262813568,0.10107739269733429
6.433333333333334,0.05596473813056946,0.10085023939609528
6.466666666666667,0.05608066916465759,0.10079199075698853
6.5,0.05612580478191376,0.10072517395019531
6.533333333333333,0.05606307089328766,0.10048775374889374
6.566666666666666,0.056213364005088806,0.10055360198020935
6.6,0.05587998032569885,0.10030342638492584
6.633333333333334,0.055727049708366394,0.10057219862937927
6.666666666666667,0.055231451988220215,0.10050442814826965
6.7,0.05521228909492493,0.10066841542720795
6.733333333333333,0.05522482097148895,0.10074871778488159
6.766666666666667,0.05523914098739624,0.10046268999576569
6.8,0.05517871677875519,0.10028646886348724
6.833333333333333,0.05493488907814026,0.10029250383377075
6.866666666666666,0.055072054266929626,0.10014206171035767
6.9,0.05488339066505432,0.10032021999359131
6.933333333333334,0.050293758511543274,0.10322749614715576
6.966666666666667,0.047918468713760376,0.10388825833797455
7.0,0.048029378056526184,0.10462981462478638
7.033333333333333,0.04791320860385895,0.10454058647155762
7.066666666666666,0.04795980453491211,0.1044246107339859
7.1,0.048093050718307495,0.10430772602558136
7.133333333333334,0.04787261784076691,0.1045454740524292
7.166666666666667,0.04811713099479675,0.10495352745056152
7.2,0.0478876531124115,0.105123370885849
7.233333333333333,0.046598076820373535,0.10456717014312744
7.266666666666667,0.042413219809532166,0.10562601685523987
7.3,0.04085510969161987,0.10366816818714142
7.333333333333333,0.04055182635784149,0.1038832813501358
7.366666666666666,0.04066288471221924,0.10372781753540039
7.4,0.04067401587963104,0.10340315103530884
7.433333333333334,0.04053884744644165,0.10339111089706421
7.466666666666667,0.04049845039844513,0.10316729545593262
7.5,0.040201202034950256,0.10317900776863098
7.533333333333333,0.039979636669158936,0.10321445763111115
7.566666666666666,0.039910197257995605,0.1033218652009964
7.6,0.03990638256072998,0.10358688235282898
7.633333333333334,0.03984065353870392,0.10350839793682098
7.666666666666667,0.03784668445587158,0.1043085902929306
7.7,0.03643813729286194,0.10361340641975403
7.733333333333333,0.03460307419300079,0.10378625988960266
7.766666666666667,0.03435465693473816,0.10323143005371094
7.8,0.03410246968269348,0.10322010517120361
7.833333333333333,0.03424319624900818,0.10313063859939575
7.866666666666666,0.03403472900390625,0.10338267683982849
7.9,0.03414145112037659,0.10373742878437042
7.933333333333334,0.033977046608924866,0.10319951176643372
7.966666666666667,0.032449886202812195,0.10239988565444946
8.0,0.03188487887382507,0.10209919512271881
8.033333333333333,0.0317879319190979,0.10165059566497803
8.066666666666666,0.031652823090553284,0.10194313526153564
8.1,0.031689152121543884,0.10172037780284882
8.133333333333333,0.031711965799331665,0.10168783366680145
8.166666666666666,0.031694844365119934,0.10158658027648926
8.2,0.03160552680492401,0.1017264574766159
8.233333333333333,0.031613320112228394,0.1016673594713211
8.266666666666667,0.0316447913646698,0.1019393801689148
8.3,0.03171195089817047,0.10190945863723755
8.333333333333334,0.03188338875770569,0.1017078161239624
8.366666666666667,0.0318496972322464,0.10191553831100464
8.4,0.03174610435962677,0.10171115398406982
8.433333333333334,0.031731486320495605,0.10220561921596527
8.466666666666667,0.031579479575157166,0.1018441915512085
8.5,0.03167356550693512,0.10212798416614532
8.533333333333333,0.031732141971588135,0.10148206353187561
8.566666666666666,0.0316014289855957,0.10156971216201782
8.6,0.031740427017211914,0.10150313377380371
8.633333333333333,0.031431958079338074,0.10150478780269623
8.666666666666666,0.032011330127716064,0.1005592793226242
8.7,0.031182080507278442,0.10088765621185303
8.733333333333333,0.031744152307510376,0.10017664730548859
8.766666666666667,0.03084893524646759,0.10067273676395416
8.8,0.03176620602607727,0.10029321908950806
8.833333333333334,0.03073418140411377,0.1002512276172638
8.866666666666667,0.03187328577041626,0.10029095411300659
8.9,0.03084564208984375,0.10035821795463562
8.933333333333334,0.03200313448905945,0.10014137625694275
8.966666666666667,0.0309755802154541,0.10036890208721161
9.0,0.032045334577560425,0.10080748796463013
9.033333333333333,0.03113625943660736,0.10048475861549377
9.066666666666666,0.03202737867832184,0.10100068151950836
9.1,0.03139147162437439,0.10106806457042694
9.133333333333333,0.03198932111263275,0.10095565021038055
9.166666666666666,0.031292885541915894,0.10151444375514984
9.2,0.03183785080909729,0.10126341879367828
9.233333333333333,0.031332820653915405,0.10170738399028778
9.266666666666667,0.031855642795562744,0.10142993927001953
9.3,0.03128345310688019,0.10140222311019897
9.333333333333334,0.03192582726478577,0.10111355781555176
9.366666666666667,0.03145359456539154,0.10111278295516968
9.4,0.03203202784061432,0.10127857327461243
9.433333333333334,0.031723231077194214,0.1011410802602768
9.466666666666667,0.03207717835903168,0.10119621455669403
9.5,0.03170455992221832,0.10109178721904755
9.533333333333333,0.032049164175987244,0.10110083222389221
9.566666666666666,0.031833261251449585,0.10089932382106781
9.6,0.03218860924243927,0.10115770995616913
9.633333333333333,0.03191930055618286,0.10092213749885559
9.666666666666666,0.03205719590187073,0.1008540689945221
9.7,0.03184182941913605,0.10073882341384888
9.733333333333333,0.03197738528251648,0.10071653127670288
9.766666666666667,0.0318593829870224,0.10069765150547028
9.8,0.03197261691093445,0.10091474652290344
9.833333333333334,0.03163072466850281,0.10060976445674896
9.866666666666667,0.03199726343154907,0.1008613109588623
9.9,0.03231853246688843,0.10054387152194977
9.933333333333334,0.032520487904548645,0.10059794783592224
9.966666666666667,0.03252638876438141,0.10060755908489227
10.0,0.032750487327575684,0.1004398763179779
10.033333333333333,0.03257030248641968,0.10056410729885101
10.066666666666666,0.032934099435806274,0.10022500157356262
10.1,0.03265254199504852,0.10021086037158966
10.133333333333333,0.03580678999423981,0.10026182234287262
10.166666666666666,0.038514599204063416,0.10061216354370117
10.2,0.03869086503982544,0.10051105916500092
10.233333333333333,0.038391441106796265,0.10057012736797333
10.266666666666667,0.038659319281578064,0.10106700658798218
10.3,0.03842794895172119,0.10076364874839783
10.333333333333334,0.03858986496925354,0.10131065547466278
10.366666666666667,0.038528114557266235,0.10083787143230438
10.4,0.041278451681137085,0.10144320130348206
10.433333333333334,0.043458759784698486,0.10149161517620087
10.466666666666667,0.04528042674064636,0.10120095312595367
10.5,0.0460168719291687,0.10052362084388733
10.533333333333333,0.045385971665382385,0.10063816606998444
10.566666666666666,0.04588708281517029,0.09997229278087616
10.6,0.04554951190948486,0.10056531429290771
10.633333333333333,0.045766040682792664,0.09993219375610352
10.666666666666666,0.0456877201795578,0.10028418898582458
10.7,0.045689791440963745,0.09993818402290344
10.733333333333333,0.045608967542648315,0.09996318817138672
10.766666666666667,0.04573632776737213,0.09978531301021576
10.8,0.04895322024822235,0.10141144692897797
10.833333333333334,0.053483814001083374,0.09938584268093109
10.866666666666667,0.05452090501785278,0.09869660437107086
10.9,0.05489005148410797,0.0988413393497467
10.933333333333334,0.05475926399230957,0.09872923791408539
10.966666666666667,0.05479787290096283,0.09788233041763306
11.0,0.05467161536216736,0.09762221574783325
11.033333333333333,0.054837167263031006,0.09724420309066772
11.066666666666666,0.05487070977687836,0.09704884886741638
11.1,0.054225727915763855,0.09513787925243378
11.133333333333333,0.055264413356781006,0.09284466505050659
11.166666666666666,0.055911749601364136,0.0914786159992218
11.2,0.05569164454936981,0.09131515026092529
11.233333333333333,0.05501933395862579,0.09179569780826569
11.266666666666667,0.05525834858417511,0.09297594428062439
11.3,0.05528762936592102,0.09326308965682983
11.333333333333334,0.05529913306236267,0.0936172604560852
11.366666666666667,0.055380597710609436,0.09412245452404022
11.4,0.0555097758769989,0.09429500997066498
11.433333333333334,0.055588603019714355,0.09440672397613525
11.466666666666667,0.05559892952442169,0.09450352191925049
11.5,0.055645644664764404,0.09454672038555145
11.533333333333333,0.05563516914844513,0.09412840008735657
11.566666666666666,0.05579514801502228,0.09362712502479553
11.6,0.05571995675563812,0.09300163388252258
11.633333333333333,0.05573546886444092,0.09272478520870209
11.666666666666666,0.05571401119232178,0.09268233180046082
11.7,0.05577768385410309,0.09255397319793701
11.733333333333333,0.05564378201961517,0.09260819852352142
11.766666666666667,0.05560697615146637,0.0926404595375061
11.8,0.055549219250679016,0.09261950850486755
11.833333333333334,0.05546094477176666,0.09268242120742798
11.866666666666667,0.05565285682678223,0.09268181025981903
11.9,0.05565786361694336,0.09300804138183594
11.933333333333334,0.05570167303085327,0.0924459844827652
11.966666666666667,0.05575557053089142,0.09199592471122742
12.0,0.05572153627872467,0.09163357317447662
12.033333333333333,0.05565322935581207,0.09174509346485138
12.066666666666666,0.055622294545173645,0.09148816764354706
12.1,0.0556759238243103,0.09119732677936554
12.133333333333333,0.055737271904945374,0.09119966626167297
12.166666666666666,0.05566677451133728,0.09145836532115936
12.2,0.055675119161605835,0.09167705476284027
12.233333333333333,0.055550262331962585,0.0922367125749588
12.266666666666667,0.05557657778263092,0.09196390211582184
12.3,0.05554662644863129,0.09206484258174896
12.333333333333334,0.05533084273338318,0.09219382703304291
12.366666666666667,0.0551954060792923,0.0919133871793747
12.4,0.05503584444522858,0.09167465567588806
12.433333333333334,0.05518116056919098,0.09146729111671448
12.466666666666667,0.0552939772605896,0.09147125482559204
12.5,0.055301159620285034,0.09148973226547241
12.533333333333333,0.05529387295246124,0.09161266684532166
12.566666666666666,0.05520579218864441,0.09162068367004395
12.6,0.05523279309272766,0.09156644344329834
12.633333333333333,0.055270493030548096,0.0915796160697937
12.666666666666666,0.05528232455253601,0.09189146757125854
12.7,0.05520819127559662,0.0919458419084549
12.733333333333333,0.05519360303878784,0.09180505573749542
12.766666666666667,0.05492207407951355,0.09172429144382477
12.8,0.05502048134803772,0.09140799939632416
12.833333333333334,0.05480232834815979,0.09148314595222473
12.866666666666667,0.054944708943367004,0.09154072403907776
12.9,0.05509467422962189,0.09190608561038971
12.933333333333334,0.055195242166519165,0.09171447157859802
12.966666666666667,0.05517511069774628,0.09175540506839752
13.0,0.05515912175178528,0.09172452986240387
13.033333333333333,0.055152371525764465,0.09191273152828217
13.066666666666666,0.0552583783864975,0.0922534167766571
13.1,0.055228352546691895,0.09233444929122925
13.133333333333333,0.055217623710632324,0.09230810403823853
13.166666666666666,0.05529013276100159,0.0922909826040268
13.2,0.05522249639034271,0.09200696647167206
13.233333333333333,0.0551738440990448,0.09139646589756012
13.266666666666667,0.05523768067359924,0.09098461270332336
13.3,0.05475430190563202,0.08872860670089722
13.333333333333334,0.05319973826408386,0.08531120419502258
13.366666666666667,0.04590578377246857,0.08440570533275604
13.4,0.04542176425457001,0.08405229449272156
13.433333333333334,0.051499053835868835,0.08491189777851105
13.466666666666667,0.05278179049491882,0.08948315680027008
13.5,0.05260637402534485,0.09352119266986847
13.533333333333333,0.05233587324619293,0.09496620297431946
13.566666666666666,0.05219408869743347,0.0952969491481781
13.6,0.05184626579284668,0.0956922173500061
13.633333333333333,0.051778554916381836,0.09609609842300415
13.666666666666666,0.051216766238212585,0.09601713716983795
13.7,0.0512772798538208,0.0963081419467926
13.733333333333333,0.05097454786300659,0.0969679057598114
13.766666666666667,0.05101455748081207,0.09659332036972046
13.8,0.048838287591934204,0.09817710518836975
13.833333333333334,0.04826420545578003,0.09814876317977905
13.866666666666667,0.048002928495407104,0.09757691621780396
13.9,0.04828663170337677,0.09729211032390594
13.933333333333334,0.044849708676338196,0.09672857820987701
13.966666666666667,0.04201813042163849,0.09656399488449097
14.0,0.040822386741638184,0.09511557221412659
14.033333333333333,0.040744319558143616,0.09498965740203857
14.066666666666666,0.04071146249771118,0.09464879333972931
14.1,0.04072265326976776,0.09449507296085358
14.133333333333333,0.04090532660484314,0.09430363774299622
14.166666666666666,0.04091368615627289,0.09448099136352539
14.2,0.04086609184741974,0.09481796622276306
14.233333333333333,0.040768206119537354,0.0948512852191925
14.266666666666667,0.04085284471511841,0.09495198726654053
14.3,0.04084976017475128,0.09492108225822449
14.333333333333334,0.0409092903137207,0.0950818806886673
14.366666666666667,0.04052846133708954,0.09519816935062408
14.4,0.038228437304496765,0.09626403450965881
14.433333333333334,0.03815695643424988,0.09644174575805664
14.466666666666667,0.03797660768032074,0.09596262872219086
14.5,0.038090869784355164,0.0959000438451767
14.533333333333333,0.03815425932407379,0.09574630856513977
14.566666666666666,0.03815120458602905,0.09604045748710632
14.6,0.03815428912639618,0.09584115445613861
14.633333333333333,0.0380653440952301,0.09598518908023834
14.666666666666666,0.03815421462059021,0.09595701098442078
14.7,0.03805460035800934,0.09628601372241974
14.733333333333333,0.03788767755031586,0.09592139720916748
14.766666666666667,0.03684113919734955,0.09504884481430054
14.8,0.03389362990856171,0.0943884551525116
14.833333333333334,0.03247693181037903,0.09441801905632019
14.866666666666667,0.03271713852882385,0.09379608929157257
14.9,0.032621219754219055,0.09463553130626678
14.933333333333334,0.03266701102256775,0.09489113092422485
14.966666666666667,0.03259015083312988,0.09513087570667267
15.0,0.03283409774303436,0.09534025192260742
15.033333333333333,0.032416731119155884,0.09473668038845062
15.066666666666666,0.031297579407691956,0.0947633683681488
15.1,0.030768409371376038,0.09325984120368958
15.133333333333333,0.03093712031841278,0.09330107271671295
15.166666666666666,0.030881166458129883,0.09326176345348358
15.2,0.03093390166759491,0.09389078617095947
15.233333333333333,0.031182006001472473,0.09367702901363373
15.266666666666667,0.031186386942863464,0.09423378109931946
15.3,0.030984535813331604,0.09419067203998566
15.333333333333334,0.0309438556432724,0.09401237964630127
15.366666666666667,0.030877023935317993,0.09386582672595978
15.4,0.030864492058753967,0.09400035440921783
15.433333333333334,0.030853018164634705,0.09367798268795013
15.466666666666667,0.030970990657806396,0.09350726008415222
15.5,0.03095334768295288,0.09317079186439514
15.533333333333333,0.03079383075237274,0.09325915575027466
15.566666666666666,0.03084079921245575,0.09143434464931488
15.6,0.031151816248893738,0.09082785248756409
15.633333333333333,0.030893340706825256,0.09123419225215912
15.666666666666666,0.03104214370250702,0.09053654968738556
15.7,0.03072376549243927,0.0903174877166748
15.733333333333333,0.030915796756744385,0.09005226194858551
15.766666666666667,0.030403003096580505,0.08979049324989319
15.8,0.03039972484111786,0.08937543630599976
15.833333333333334,0.030219003558158875,0.08914515376091003
15.866666666666667,0.030296772718429565,0.08911284804344177
15.9,0.02986234426498413,0.08890010416507721
15.933333333333334,0.030094146728515625,0.0885782390832901
15.966666666666667,0.030078232288360596,0.08880738914012909
16.0,0.030162036418914795,0.0886961966753006
16.033333333333335,0.0303327739238739,0.08883622288703918
16.066666666666666,0.030247226357460022,0.0888909250497818
16.1,0.030207782983779907,0.0888856053352356
16.133333333333333,0.0300760418176651,0.0888105183839798
16.166666666666668,0.030281931161880493,0.08862701058387756
16.2,0.030153676867485046,0.08924385905265808
16.233333333333334,0.030372634530067444,0.08968941867351532
16.266666666666666,0.030619606375694275,0.09017843008041382
16.3,0.030706405639648438,0.0903499573469162
16.333333333333332,0.030756384134292603,0.09035065770149231
16.366666666666667,0.030872687697410583,0.09061671793460846
16.4,0.030799537897109985,0.09050804376602173
16.433333333333334,0.030866846442222595,0.09079609811306
16.466666666666665,0.030650436878204346,0.09047520160675049
16.5,0.03088526427745819,0.09102427959442139
16.533333333333335,0.030697152018547058,0.09043969213962555
16.566666666666666,0.03095012903213501,0.09100882709026337
16.6,0.0307094007730484,0.09072117507457733
16.633333333333333,0.030861467123031616,0.09130385518074036
16.666666666666668,0.030786991119384766,0.09097746014595032
16.7,0.03086848556995392,0.09166349470615387
16.733333333333334,0.03089463710784912,0.09158305823802948
16.766666666666666,0.030753254890441895,0.09132090210914612
16.8,0.03083902597427368,0.09149377048015594
16.833333333333332,0.030945375561714172,0.0915495753288269
16.866666666666667,0.03097715973854065,0.09145572781562805
16.9,0.030955106019973755,0.09155449271202087
16.933333333333334,0.030893728137016296,0.09183940291404724
16.966666666666665,0.030970409512519836,0.09201951324939728
17.0,0.030807718634605408,0.09155827760696411
17.033333333333335,0.0329083651304245,0.09210385382175446
17.066666666666666,0.036618515849113464,0.09201781451702118
17.1,0.03847861289978027,0.09145748615264893
17.133333333333333,0.04006609320640564,0.09234721958637238
17.166666666666668,0.040315642952919006,0.09229201078414917
17.2,0.040179312229156494,0.0924699604511261
17.233333333333334,0.0402291864156723,0.09271091222763062
17.266666666666666,0.04039850831031799,0.09268571436405182
17.3,0.04152478277683258,0.09250690042972565
17.333333333333332,0.044949620962142944,0.09298880398273468
17.366666666666667,0.04801930487155914,0.09346131980419159
17.4,0.0502113401889801,0.09335669875144958
17.433333333333334,0.05003012716770172,0.0933259129524231
17.466666666666665,0.050029903650283813,0.09344299137592316
17.5,0.050216883420944214,0.09341630339622498
17.533333333333335,0.0503104031085968,0.09354925155639648
17.566666666666666,0.050314873456954956,0.09344804286956787
17.6,0.050292789936065674,0.09325496852397919
17.633333333333333,0.050238773226737976,0.09340663254261017
17.666666666666668,0.05032901465892792,0.09316375851631165
17.7,0.05054813623428345,0.09335188567638397
17.733333333333334,0.050152286887168884,0.09288577735424042
17.766666666666666,0.05164425075054169,0.0928782969713211
17.8,0.054328128695487976,0.09065721929073334
17.833333333333332,0.054664045572280884,0.09129668772220612
17.866666666666667,0.05477631092071533,0.09075608849525452
17.9,0.054867327213287354,0.09081929922103882
17.933333333333334,0.05492657423019409,0.09026139974594116
17.966666666666665,0.05528968572616577,0.08992226421833038
18.0,0.05537886917591095,0.09074653685092926
18.033333333333335,0.0553581565618515,0.0909237414598465
18.066666666666666,0.05526155233383179,0.0908862054347992
18.1,0.05533395707607269,0.09095920622348785
18.133333333333333,0.055315956473350525,0.09109547734260559
18.166666666666668,0.05515199899673462,0.09108184278011322
18.2,0.0551491379737854,0.09102542698383331
18.233333333333334,0.055148422718048096,0.09116223454475403
18.266666666666666,0.055073246359825134,0.09105491638183594
18.3,0.05505809187889099,0.09102289378643036
18.333333333333332,0.055112048983573914,0.09090268611907959
18.366666666666667,0.05507451295852661,0.09103459119796753
18.4,0.055109426379203796,0.09103797376155853
18.433333333333334,0.055289119482040405,0.09140947461128235
18.466666666666665,0.05528955161571503,0.09136417508125305
18.5,0.055245473980903625,0.09111972153186798
18.533333333333335,0.055203214287757874,0.09126213192939758
18.566666666666666,0.05504998564720154,0.09103010594844818
18.6,0.05493198335170746,0.09110309183597565
18.633333333333333,0.0550275593996048,0.09116530418395996
18.666666666666668,0.05513612926006317,0.09121379256248474
18.7,0.05528181791305542,0.09133616089820862
18.733333333333334,0.05521117150783539,0.09139102697372437
18.766666666666666,0.05521881580352783,0.09157177805900574
18.8,0.055073827505111694,0.09142453968524933
18.833333333333332,0.05502426624298096,0.09121982753276825
18.866666666666667,0.055080294609069824,0.09134675562381744
18.9,0.055008336901664734,0.09126850962638855
18.933333333333334,0.05503423511981964,0.09120658040046692
18.966666666666665,0.05496068298816681,0.09153415262699127
19.0,0.054903894662857056,0.09155181050300598
19.033333333333335,0.05478735268115997,0.09126846492290497
19.066666666666666,0.05481773614883423,0.09135670959949493
19.1,0.054768338799476624,0.09107363224029541
19.133333333333333,0.05482371151447296,0.09086793661117554
19.166666666666668,0.05484025180339813,0.0908803641796112
19.2,0.054872944951057434,0.09109529852867126
19.233333333333334,0.0548284649848938,0.09110960364341736
19.266666666666666,0.05490852892398834,0.0908612608909607
19.3,0.05492442846298218,0.09084814786911011
19.333333333333332,0.05497252941131592,0.09090979397296906
19.366666666666667,0.055061787366867065,0.09071396291255951
19.4,0.055030107498168945,0.09107175469398499
19.433333333333334,0.05500078201293945,0.09081962704658508
19.466666666666665,0.054986417293548584,0.09089736640453339
19.5,0.054922476410865784,0.09092971682548523
19.533333333333335,0.054899245500564575,0.09074093401432037
19.566666666666666,0.05479605495929718,0.09078076481819153
19.6,0.05473528802394867,0.09099319577217102
19.633333333333333,0.05466605722904205,0.09112739562988281
19.666666666666668,0.05469249188899994,0.09101811051368713
19.7,0.054563283920288086,0.09115737676620483
19.733333333333334,0.054453447461128235,0.09109674394130707
19.766666666666666,0.05446012318134308,0.09120732545852661
19.8,0.05448782444000244,0.09096242487430573
19.833333333333332,0.05411157011985779,0.09050273895263672
19.866666666666667,0.054160863161087036,0.09041917324066162
19.9,0.05409000813961029,0.09030519425868988
19.933333333333334,0.054111555218696594,0.0904499739408493
19.966666666666665,0.05403178930282593,0.09033791720867157
20.0,0.054129794239997864,0.09033790230751038
20.033333333333335,0.0541081428527832,0.09031401574611664
20.066666666666666,0.05415508151054382,0.09042789041996002
20.1,0.05411170423030853,0.09033071994781494
20.133333333333333,0.05407878756523132,0.09029383957386017
20.166666666666668,0.05305716395378113,0.09069977700710297
20.2,0.04602840542793274,0.09232449531555176
20.233333333333334,0.042531758546829224,0.09308572113513947
20.266666666666666,0.03977757692337036,0.09325137734413147
20.3,0.03696407377719879,0.0920172780752182
20.333333333333332,0.03669354319572449,0.09221537411212921
20.366666666666667,0.03671650588512421,0.09173312783241272
20.4,0.036688536405563354,0.09213702380657196
20.433333333333334,0.03681418299674988,0.09213867783546448
20.466666666666665,0.03695940971374512,0.09193092584609985
20.5,0.03720813989639282,0.09170077741146088
20.533333333333335,0.037156909704208374,0.09167665243148804
20.566666666666666,0.03716365993022919,0.09191356599330902
20.6,0.037076786160469055,0.09204469621181488
20.633333333333333,0.03707113862037659,0.0919787734746933
20.666666666666668,0.03716565668582916,0.09200654923915863
20.7,0.03722275793552399,0.09205564856529236
20.733333333333334,0.03725358843803406,0.09203286468982697
20.766666666666666,0.03723633289337158,0.09197276830673218
20.8,0.03725779056549072,0.0918809324502945
20.833333333333332,0.03488054871559143,0.09154114127159119
20.866666666666667,0.032053977251052856,0.0912865400314331
20.9,0.030829444527626038,0.09083370864391327
20.933333333333334,0.030766218900680542,0.08980527520179749
20.966666666666665,0.030333608388900757,0.08989010751247406
21.0,0.030717626214027405,0.09007051587104797
21.033333333333335,0.030546441674232483,0.08986745774745941
21.066666666666666,0.03057180345058441,0.09000235795974731
21.1,0.030650004744529724,0.08961820602416992
21.133333333333333,0.030912399291992188,0.08914428949356079
21.166666666666668,0.031690776348114014,0.08648964762687683
21.2,0.03312450647354126,0.08405983448028564
21.233333333333334,0.032256126403808594,0.08216510713100433
21.266666666666666,0.042614877223968506,0.08136890828609467
21.3,0.043109238147735596,0.07877115905284882
21.333333333333332,0.04331575334072113,0.07835429906845093
21.366666666666667,0.04042118787765503,0.08153502643108368
21.4,0.031122133135795593,0.08210492134094238
21.433333333333334,0.03039272129535675,0.08455128967761993
21.466666666666665,0.030680790543556213,0.08701874315738678
21.5,0.03041990101337433,0.08711184561252594
21.533333333333335,0.030409708619117737,0.08831430971622467
21.566666666666666,0.030531123280525208,0.0884944498538971
21.6,0.030343040823936462,0.08914074301719666
21.633333333333333,0.030435100197792053,0.08892437815666199
21.666666666666668,0.030314043164253235,0.088991180062294
21.7,0.03055422008037567,0.08898340165615082
21.733333333333334,0.030440524220466614,0.08922448754310608
21.766666666666666,0.030468031764030457,0.08907879889011383
21.8,0.03074420988559723,0.08938159048557281
21.833333333333332,0.030835822224617004,0.08943623304367065
21.866666666666667,0.030811160802841187,0.08946093916893005
21.9,0.030808329582214355,0.08970549702644348
21.933333333333334,0.03074456751346588,0.08954355120658875
21.966666666666665,0.030675500631332397,0.08926835656166077
22.0,0.03080958127975464,0.08915945887565613
22.033333333333335,0.030734896659851074,0.08907164633274078
22.066666666666666,0.03084424138069153,0.08900555968284607
22.1,0.030749529600143433,0.08908243477344513
22.133333333333333,0.03081001341342926,0.08884686231613159
22.166666666666668,0.03077206015586853,0.08900471031665802
22.2,0.03076881170272827,0.08895032107830048
22.233333333333334,0.030724599957466125,0.08904705941677094
22.266666666666666,0.030714914202690125,0.08916839957237244
22.3,0.03072969615459442,0.0888608992099762
22.333333333333332,0.03064092993736267,0.0886373370885849
22.366666666666667,0.030822843313217163,0.08870391547679901
22.4,0.03062501549720764,0.08845432102680206
22.433333333333334,0.030936390161514282,0.08853821456432343
22.466666666666665,0.030784189701080322,0.08848531544208527
22.5,0.030993402004241943,0.08877432346343994
22.533333333333335,0.03090152144432068,0.0886782705783844
22.566666666666666,0.031168341636657715,0.0890129953622818
22.6,0.03104357421398163,0.08905711770057678
22.633333333333333,0.03120233118534088,0.08907309174537659
22.666666666666668,0.031111061573028564,0.08897192776203156
22.7,0.03189724683761597,0.08861705660820007
22.733333333333334,0.03635317087173462,0.08903837203979492
22.766666666666666,0.03961426019668579,0.08737027645111084
22.8,0.043115049600601196,0.08878523111343384
22.833333333333332,0.04594308137893677,0.08966293931007385
22.866666666666667,0.04857805371284485,0.08923904597759247
22.9,0.051853030920028687,0.08795814216136932
22.933333333333334,0.052753180265426636,0.08794642984867096
22.966666666666665,0.05282020568847656,0.08792251348495483
23.0,0.05271236598491669,0.08779211342334747
23.033333333333335,0.05281546711921692,0.08757779002189636
23.066666666666666,0.05266217887401581,0.08712880313396454
23.1,0.0530095100402832,0.08752915263175964
23.133333333333333,0.05379948019981384,0.08781701326370239
23.166666666666668,0.053970664739608765,0.08797094225883484
23.2,0.054157570004463196,0.08812302350997925
23.233333333333334,0.054202601313591,0.08793607354164124
23.266666666666666,0.05417732894420624,0.08773006498813629
23.3,0.05417422950267792,0.08803094923496246
23.333333333333332,0.05429220199584961,0.0880284309387207
23.366666666666667,0.05439688265323639,0.08809450268745422
23.4,0.05443239212036133,0.08815227448940277
23.433333333333334,0.05448457598686218,0.08835223317146301
23.466666666666665,0.054561883211135864,0.08830885589122772
23.5,0.05452413856983185,0.0883706659078598
23.533333333333335,0.05450454354286194,0.0882996916770935
23.566666666666666,0.05455984175205231,0.08801794052124023
23.6,0.05455400049686432,0.08834610879421234
23.633333333333333,0.05452089011669159,0.0882597267627716
23.666666666666668,0.055127739906311035,0.08859559893608093
23.7,0.05515235662460327,0.0883621871471405
23.733333333333334,0.05511610209941864,0.08828653395175934
23.766666666666666,0.05516138672828674,0.08820360898971558
23.8,0.05519399046897888,0.0879640132188797
23.833333333333332,0.0551922470331192,0.08783543109893799
23.866666666666667,0.05510224401950836,0.08737519383430481
23.9,0.05523122847080231,0.08728043735027313
23.933333333333334,0.05516979098320007,0.08732809126377106
23.966666666666665,0.055054664611816406,0.08755317330360413
24.0,0.055062249302864075,0.087482750415802
24.033333333333335,0.05485351383686066,0.08738088607788086
24.066666666666666,0.054963141679763794,0.08709897100925446
24.1,0.05486004054546356,0.08728773891925812
24.133333333333333,0.05504605174064636,0.08717963099479675
24.166666666666668,0.054932355880737305,0.08733434975147247
24.2,0.05486859381198883,0.08751901984214783
24.233333333333334,0.052938222885131836,0.0866083949804306
24.266666666666666,0.04702490568161011,0.08505471050739288
24.3,0.042893871665000916,0.08340054750442505
24.333333333333332,0.04151958227157593,0.08243368566036224
24.366666666666667,0.04129503667354584,0.08314751088619232
24.4,0.04131852090358734,0.08317084610462189
24.433333333333334,0.04121577739715576,0.08312936127185822
24.466666666666665,0.041141316294670105,0.08317510783672333
24.5,0.04101383686065674,0.08333566784858704
24.533333333333335,0.041092827916145325,0.08353997766971588
24.566666666666666,0.04111410677433014,0.08359409868717194
24.6,0.04116155207157135,0.08355572819709778
24.633333333333333,0.041026219725608826,0.08352594077587128
24.666666666666668,0.04110822081565857,0.08365458250045776
24.7,0.04108023643493652,0.08358724415302277
24.733333333333334,0.04115380346775055,0.08354829251766205
24.766666666666666,0.04114070534706116,0.08340255916118622
24.8,0.04118397831916809,0.08330650627613068
24.833333333333332,0.04119908809661865,0.08301062881946564
24.866666666666667,0.041207000613212585,0.08298926055431366
24.9,0.041240185499191284,0.0829586535692215
24.933333333333334,0.04132440686225891,0.08297526836395264
24.966666666666665,0.041356101632118225,0.0829351544380188
25.0,0.04145188629627228,0.08262673020362854
25.033333333333335,0.04141823947429657,0.08276663720607758
25.066666666666666,0.04140830039978027,0.08263134956359863
25.1,0.04147347807884216,0.08268524706363678
25.133333333333333,0.041433319449424744,0.08282378315925598
25.166666666666668,0.04140983521938324,0.08276543021202087
25.2,0.0415397584438324,0.08271943032741547
25.233333333333334,0.041522711515426636,0.08271953463554382
25.266666666666666,0.04146301746368408,0.08232685923576355
25.3,0.041416555643081665,0.08229903876781464
25.333333333333332,0.04142977297306061,0.08232447504997253
25.366666666666667,0.04145410656929016,0.08220858871936798
25.4,0.04138869047164917,0.08240115642547607
25.433333333333334,0.041154295206069946,0.08357417583465576
25.466666666666665,0.04136122763156891,0.08503130078315735
25.5,0.04158085584640503,0.08718858659267426
25.533333333333335,0.04131905734539032,0.0868285596370697
25.566666666666666,0.041556596755981445,0.08767728507518768
25.6,0.04143252968788147,0.0884796679019928
25.633333333333333,0.041518524289131165,0.08843708038330078
25.666666666666668,0.04177148640155792,0.08877010643482208
25.7,0.04292277991771698,0.09078121185302734
25.733333333333334,0.04293249547481537,0.09218740463256836
25.766666666666666,0.042783960700035095,0.09297986328601837
25.8,0.04284852743148804,0.09301874041557312
25.833333333333332,0.042756929993629456,0.09322424232959747
25.866666666666667,0.042748287320137024,0.09283559024333954
25.9,0.04279366135597229,0.09294284880161285
25.933333333333334,0.042850837111473083,0.09284768998622894
25.966666666666665,0.042748481035232544,0.0928761214017868
26.0,0.04281964898109436,0.09307168424129486
26.033333333333335,0.04271884262561798,0.09519673883914948
26.066666666666666,0.042522281408309937,0.09597711265087128
26.1,0.04238519072532654,0.09600983560085297
26.133333333333333,0.04237706959247589,0.09663142263889313
26.166666666666668,0.04251261055469513,0.0965300053358078
26.2,0.04232022166252136,0.09684641659259796
26.233333333333334,0.042584002017974854,0.0967554897069931
26.266666666666666,0.04220569133758545,0.09665267169475555
26.3,0.04172554612159729,0.09733949601650238
26.333333333333332,0.03996722400188446,0.0973740667104721
26.366666666666667,0.03965321183204651,0.09731726348400116
26.4,0.03946293890476227,0.09746631979942322
26.433333333333334,0.039291635155677795,0.09749014675617218
26.466666666666665,0.03935246169567108,0.09757059812545776
26.5,0.039239302277565,0.09760193526744843
26.533333333333335,0.03917345404624939,0.09763573110103607
26.566666666666666,0.03930358588695526,0.09780393540859222
26.6,0.03928695619106293,0.09785062074661255
26.633333333333333,0.0410657674074173,0.09899100661277771
26.666666666666668,0.04205901920795441,0.10096617043018341
26.7,0.041954100131988525,0.10073058307170868
26.733333333333334,0.04206150770187378,0.10054558515548706
26.766666666666666,0.04211372137069702,0.10036502778530121
26.8,0.04191519320011139,0.10007011890411377
26.833333333333332,0.041859015822410583,0.10043719410896301
26.866666666666667,0.04231841862201691,0.10156585276126862
26.9,0.04243117570877075,0.10190755128860474
26.933333333333334,0.042429447174072266,0.10224975645542145
26.966666666666665,0.04266618192195892,0.10234078764915466
27.0,0.04253925383090973,0.10194317996501923
27.033333333333335,0.04273732006549835,0.10238049924373627
27.066666666666666,0.042534083127975464,0.10198551416397095
27.1,0.04264046251773834,0.1023343950510025
27.133333333333333,0.042662546038627625,0.10204841196537018
27.166666666666668,0.04253359138965607,0.10183914005756378
27.2,0.04257100820541382,0.10172468423843384
27.233333333333334,0.04246509075164795,0.10126130282878876
27.266666666666666,0.04233916103839874,0.10148854553699493
27.3,0.04237636923789978,0.1012415736913681
27.333333333333332,0.04237346351146698,0.10169991850852966
27.366666666666667,0.04241035878658295,0.10190309584140778
27.4,0.042533233761787415,0.10203143954277039
27.433333333333334,0.04247000813484192,0.10213418304920197
27.466666666666665,0.04270273447036743,0.10179935395717621
27.5,0.04267407953739166,0.10191687941551208
27.533333333333335,0.042721226811409,0.10176821053028107
27.566666666666666,0.04260630905628204,0.10194741189479828
27.6,0.042659446597099304,0.10171543061733246
27.633333333333333,0.04260477423667908,0.10184779763221741
27.666666666666668,0.042728304862976074,0.10153302550315857
27.7,0.0427851527929306,0.10131034255027771
27.733333333333334,0.04275207221508026,0.10135959088802338
27.766666666666666,0.04266710579395294,0.10125720500946045
27.8,0.04279886186122894,0.10137449204921722
27.833333333333332,0.04275515675544739,0.10121011734008789
27.866666666666667,0.04290977120399475,0.10088121891021729
27.9,0.04360674321651459,0.09900027513504028
27.933333333333334,0.04399202764034271,0.09667107462882996
27.966666666666665,0.043725863099098206,0.0964793711900711
28.0,0.043576136231422424,0.09642867743968964
28.033333333333335,0.04352492094039917,0.09621177613735199
28.066666666666666,0.04361248016357422,0.0959879457950592
28.1,0.043613165616989136,0.09601910412311554
28.133333333333333,0.044173240661621094,0.09383070468902588
28.166666666666668,0.04445302486419678,0.09085839986801147
28.2,0.044097721576690674,0.08683501183986664
28.233333333333334,0.045779868960380554,0.08123920857906342
28.266666666666666,0.04494190216064453,0.07933348417282104
28.3,0.04480843245983124,0.07826219499111176
28.333333333333332,0.04413942992687225,0.07692483067512512
28.366666666666667,0.044020578265190125,0.07650919258594513
28.4,0.04355761408805847,0.07574781775474548
28.433333333333334,0.04368522763252258,0.0754082202911377
28.466666666666665,0.043631017208099365,0.07488776743412018
28.5,0.0437118262052536,0.07506905496120453
28.533333333333335,0.043522998690605164,0.07511289417743683
28.566666666666666,0.04331803321838379,0.07516922056674957
28.6,0.043209224939346313,0.07535921037197113
28.633333333333333,0.0432547926902771,0.07538782060146332
28.666666666666668,0.04319526255130768,0.07518821954727173
28.7,0.043353334069252014,0.07527972757816315
28.733333333333334,0.043195754289627075,0.07531066238880157
28.766666666666666,0.04339730739593506,0.07492583990097046
28.8,0.04345661401748657,0.07478514313697815
28.833333333333332,0.043502092361450195,0.07495629787445068
28.866666666666667,0.043664053082466125,0.07472752034664154
28.9,0.04371050000190735,0.07462857663631439
28.933333333333334,0.043689921498298645,0.07466572523117065
28.966666666666665,0.04374617338180542,0.0744607150554657
29.0,0.04381541907787323,0.07426628470420837
29.033333333333335,0.04397225379943848,0.0741080492734909
29.066666666666666,0.04407893121242523,0.07408638298511505
29.1,0.04402630031108856,0.07390160858631134
29.133333333333333,0.04405134916305542,0.07382999360561371
29.166666666666668,0.044168904423713684,0.07372385263442993
29.2,0.04427190124988556,0.07339346408843994
29.233333333333334,0.0441133975982666,0.07318250834941864
29.266666666666666,0.0440623015165329,0.07321995496749878
29.3,0.04387287795543671,0.0729009360074997
29.333333333333332,0.04384942352771759,0.07302054762840271
29.366666666666667,0.043800413608551025,0.07301375269889832
29.4,0.043801113963127136,0.07284979522228241
29.433333333333334,0.044022247195243835,0.07261931896209717
29.466666666666665,0.043905869126319885,0.07254678010940552
29.5,0.0438898503780365,0.07259023189544678
29.533333333333335,0.04399573802947998,0.07234373688697815
29.566666666666666,0.04403865337371826,0.07239896059036255
29.6,0.04409921169281006,0.07237660884857178
29.633333333333333,0.044000789523124695,0.07229937613010406
29.666666666666668,0.04402440786361694,0.07233119010925293
29.7,0.04389163851737976,0.07241217792034149
29.733333333333334,0.043988898396492004,0.07240180671215057
29.766666666666666,0.04376496374607086,0.0724160373210907
29.8,0.043795496225357056,0.07235513627529144
29.833333333333332,0.04395174980163574,0.07230189442634583
29.866666666666667,0.043841615319252014,0.07229234278202057
29.9,0.0437101274728775,0.0723530650138855
29.933333333333334,0.04376146197319031,0.07232266664505005
29.966666666666665,0.04365198314189911,0.07230545580387115
30.0,0.04366423189640045,0.0723811686038971
30.033333333333335,0.043727025389671326,0.07231791317462921
30.066666666666666,0.04366309940814972,0.07236720621585846
30.1,0.04377071559429169,0.07218068838119507
30.133333333333333,0.04382774233818054,0.07205905020236969
30.166666666666668,0.043725088238716125,0.07176321744918823
30.2,0.04368962347507477,0.07178549468517303
30.233333333333334,0.043680474162101746,0.07164238393306732
30.266666666666666,0.04354479908943176,0.07178027927875519
30.3,0.043554261326789856,0.07192908227443695
30.333333333333332,0.04381507635116577,0.0719742476940155
30.366666666666667,0.04407300055027008,0.07193437218666077
30.4,0.043871358036994934,0.07206152379512787
30.433333333333334,0.04384388029575348,0.07208225131034851
30.466666666666665,0.043906837701797485,0.0720733106136322
30.5,0.04404795169830322,0.07221284508705139
30.533333333333335,0.04402047395706177,0.07222525775432587
30.566666666666666,0.04393830895423889,0.07212884724140167
30.6,0.043899551033973694,0.07212916016578674
30.633333333333333,0.04381050169467926,0.07197357714176178
30.666666666666668,0.04381686449050903,0.07335776090621948
30.7,0.043004512786865234,0.07545742392539978
30.733333333333334,0.0427311509847641,0.07765761017799377
30.766666666666666,0.042349934577941895,0.07806608080863953
30.8,0.042184218764305115,0.07805310189723969
30.833333333333332,0.04198920726776123,0.07816024124622345
30.866666666666667,0.04137800633907318,0.08045253157615662
30.9,0.04175616800785065,0.08452713489532471
30.933333333333334,0.04131747782230377,0.08650481700897217
30.966666666666665,0.041633978486061096,0.08598004281520844
31.0,0.04152214527130127,0.08691908419132233
31.033333333333335,0.04205206036567688,0.09069664776325226
31.066666666666666,0.0423678457736969,0.09246745705604553
31.1,0.042168498039245605,0.09268206357955933
31.133333333333333,0.04205051064491272,0.09282371401786804
31.166666666666668,0.041922226548194885,0.09224413335323334
31.2,0.04179053008556366,0.09201791882514954
31.233333333333334,0.04217880964279175,0.09213237464427948
31.266666666666666,0.04199443757534027,0.09141319990158081
31.3,0.04231943190097809,0.09176047146320343
31.333333333333332,0.04189297556877136,0.09157527983188629
31.366666666666667,0.042260751128196716,0.09225371479988098
31.4,0.041857004165649414,0.09153705835342407
31.433333333333334,0.04224191606044769,0.09199211001396179
31.466666666666665,0.0417216420173645,0.0918600857257843
31.5,0.0421195924282074,0.09205317497253418
31.533333333333335,0.041308239102363586,0.09300366044044495
31.566666666666666,0.04102589190006256,0.0943036675453186
31.6,0.04079627990722656,0.0942126214504242
31.633333333333333,0.040948525071144104,0.09448754787445068
31.666666666666668,0.0407821387052536,0.09356515109539032
31.7,0.04094739258289337,0.0944313257932663
31.733333333333334,0.04108382761478424,0.09606584906578064
31.766666666666666,0.04130426049232483,0.09716449677944183
31.8,0.04099297523498535,0.09693919122219086
31.833333333333332,0.04123373329639435,0.09802547097206116
31.866666666666667,0.041149020195007324,0.09749047458171844
31.9,0.041351646184921265,0.09812669456005096
31.933333333333334,0.04119515419006348,0.09756174683570862
31.966666666666665,0.04126140475273132,0.09768018126487732
32.0,0.04121488332748413,0.09790588915348053
32.03333333333333,0.04135902225971222,0.09838603436946869
32.06666666666667,0.04156976938247681,0.09798246622085571
32.1,0.041511595249176025,0.0982760637998581
32.13333333333333,0.04147300124168396,0.09843765199184418
32.166666666666664,0.04137451946735382,0.09842841327190399
32.2,0.041457608342170715,0.09837070107460022
32.233333333333334,0.041454821825027466,0.0985858142375946
32.266666666666666,0.04145979881286621,0.09866359829902649
32.3,0.04165735840797424,0.09862354397773743
32.333333333333336,0.041719332337379456,0.09883032739162445
32.36666666666667,0.041848570108413696,0.09881961345672607
32.4,0.041857942938804626,0.09859681129455566
32.43333333333333,0.041886746883392334,0.099938303232193
32.46666666666667,0.04195083677768707,0.09941351413726807
32.5,0.04198122024536133,0.10009776055812836
32.53333333333333,0.04189808666706085,0.09929598867893219
32.56666666666667,0.04189540445804596,0.0999777764081955
32.6,0.04179158806800842,0.09909108281135559
32.63333333333333,0.04170067608356476,0.09968934953212738
32.666666666666664,0.04173414409160614,0.09917354583740234
32.7,0.04156772792339325,0.0991998016834259
32.733333333333334,0.04165913164615631,0.09933309257030487
32.766666666666666,0.04153214395046234,0.09888191521167755
32.8,0.04165898263454437,0.09923361241817474
32.833333333333336,0.04168789088726044,0.09892930090427399
32.86666666666667,0.04170021414756775,0.09895303845405579
32.9,0.04177999496459961,0.09890912473201752
32.93333333333333,0.0418020635843277,0.09891743957996368
32.96666666666667,0.04178963601589203,0.09902536869049072
33.0,0.04190465807914734,0.09706848859786987
33.03333333333333,0.04174141585826874,0.09497271478176117
33.06666666666667,0.04161769151687622,0.0948982834815979
33.1,0.04166330397129059,0.09490405023097992
33.13333333333333,0.041698917746543884,0.09575264155864716
33.166666666666664,0.04170088469982147,0.0956680029630661
33.2,0.041574880480766296,0.09591133892536163
33.233333333333334,0.04154551029205322,0.09581844508647919
33.266666666666666,0.04154758155345917,0.09565874934196472
33.3,0.0414855033159256,0.09574411809444427
33.333333333333336,0.041613608598709106,0.09452688694000244
33.36666666666667,0.041613876819610596,0.0937473326921463
33.4,0.041654422879219055,0.09385117888450623
33.43333333333333,0.04172566533088684,0.09335669875144958
33.46666666666667,0.04161505401134491,0.09330695867538452
33.5,0.04173561930656433,0.09372206032276154
33.53333333333333,0.041634052991867065,0.09362442791461945
33.56666666666667,0.04171361029148102,0.09391489624977112
33.6,0.041552722454071045,0.09362001717090607
33.63333333333333,0.04155556857585907,0.09405817091464996
33.666666666666664,0.04151692986488342,0.09205558896064758
33.7,0.04162265360355377,0.09027907252311707
33.733333333333334,0.0417524129152298,0.09038063883781433
33.766666666666666,0.04188910126686096,0.09079523384571075
33.8,0.04183916747570038,0.090996652841568
33.833333333333336,0.04191899299621582,0.09098279476165771
33.86666666666667,0.04185815155506134,0.0912863165140152
33.9,0.04173806309700012,0.0908936858177185
33.93333333333333,0.04186902940273285,0.09112536907196045
33.96666666666667,0.04186384379863739,0.09092983603477478
34.0,0.04191236197948456,0.09078696370124817
34.03333333333333,0.04203648865222931,0.09102946519851685
34.06666666666667,0.04207801818847656,0.09065259993076324
34.1,0.04204544425010681,0.09035541117191315
34.13333333333333,0.041766345500946045,0.0874159187078476
34.166666666666664,0.041714027523994446,0.08794014155864716
34.2,0.04178901016712189,0.08786480128765106
34.233333333333334,0.04175138473510742,0.08770893514156342
34.266666666666666,0.041830167174339294,0.08809128403663635
34.3,0.04168553650379181,0.08815217018127441
34.333333333333336,0.04164727032184601,0.08802123367786407
34.36666666666667,0.04167824983596802,0.08804164826869965
34.4,0.041612133383750916,0.08823554217815399
34.43333333333333,0.041838884353637695,0.08582298457622528
34.46666666666667,0.04207669198513031,0.0858830064535141
34.5,0.04186969995498657,0.08596140146255493
34.53333333333333,0.04174092411994934,0.08592063188552856
34.56666666666667,0.04161146283149719,0.0860680490732193
34.6,0.041575297713279724,0.08582767844200134
34.63333333333333,0.04155188798904419,0.08591298758983612
34.666666666666664,0.04152098298072815,0.08541262149810791
34.7,0.04155345261096954,0.08536677062511444
34.733333333333334,0.04140828549861908,0.08491380512714386
34.766666666666666,0.041443973779678345,0.08389648795127869
34.8,0.04102611541748047,0.0816052258014679
34.833333333333336,0.04058732092380524,0.07976911962032318
34.86666666666667,0.04066653549671173,0.08000290393829346
34.9,0.04076676070690155,0.08035849034786224
34.93333333333333,0.0407063364982605,0.08061899244785309
34.96666666666667,0.0408625453710556,0.0807216465473175
35.0,0.04091349244117737,0.08090867102146149
35.03333333333333,0.041112542152404785,0.08125688135623932
35.06666666666667,0.04113565385341644,0.08132635056972504
35.1,0.04105541110038757,0.08133268356323242
35.13333333333333,0.04097898304462433,0.08078527450561523
35.166666666666664,0.04157908260822296,0.0774543285369873
35.2,0.04181642830371857,0.07567228376865387
35.233333333333334,0.042109936475753784,0.07548342645168304
35.266666666666666,0.04246865212917328,0.07488103210926056
35.3,0.04243224859237671,0.07480396330356598
35.333333333333336,0.04255905747413635,0.07474285364151001
35.36666666666667,0.04272012412548065,0.07404963672161102
35.4,0.042880237102508545,0.0740492045879364
35.43333333333333,0.042640045285224915,0.07370705902576447
35.46666666666667,0.042909905314445496,0.07354195415973663
35.5,0.042990297079086304,0.07367593050003052
35.53333333333333,0.04299953579902649,0.07355031371116638
35.56666666666667,0.043275028467178345,0.07373306155204773
35.6,0.043125271797180176,0.07381978631019592
35.63333333333333,0.043257325887680054,0.07363846898078918
35.666666666666664,0.043001070618629456,0.07385590672492981
35.7,0.0433586984872818,0.07358402013778687
35.733333333333334,0.043239787220954895,0.07355126738548279
35.766666666666666,0.04322889447212219,0.07354338467121124
35.8,0.04311200976371765,0.07355040311813354
35.833333333333336,0.04306948184967041,0.07362864911556244
35.86666666666667,0.04301635921001434,0.07349886000156403
35.9,0.04286456108093262,0.07395154237747192
35.93333333333333,0.04305259883403778,0.07359996438026428
35.96666666666667,0.04303421080112457,0.07373775541782379
36.0,0.04324895143508911,0.07374617457389832
36.03333333333333,0.043200910091400146,0.07359781861305237
36.06666666666667,0.04312433302402496,0.07362569868564606
36.1,0.04307354986667633,0.07387562096118927
36.13333333333333,0.04311029613018036,0.07389040291309357
36.166666666666664,0.043138787150382996,0.0741388201713562
36.2,0.04303683340549469,0.07407443225383759
36.233333333333334,0.04300545156002045,0.07424277067184448
36.266666666666666,0.04303693771362305,0.0740518867969513
36.3,0.04315505921840668,0.07390272617340088
36.333333333333336,0.043216973543167114,0.07402408123016357
36.36666666666667,0.04333268105983734,0.07385292649269104
36.4,0.043556854128837585,0.0736827403306961
36.43333333333333,0.043504416942596436,0.07373015582561493
36.46666666666667,0.043547093868255615,0.07357902824878693
36.5,0.04362541437149048,0.07375088334083557
36.53333333333333,0.043421193957328796,0.07391899824142456
36.56666666666667,0.0436747670173645,0.07412198185920715
36.6,0.04353509843349457,0.07399001717567444
36.63333333333333,0.04360099136829376,0.07376760244369507
36.666666666666664,0.04315951466560364,0.07374483346939087
36.7,0.04342995584011078,0.07390856742858887
36.733333333333334,0.0433686226606369,0.07378490269184113
36.766666666666666,0.043588459491729736,0.07372502982616425
36.8,0.04360869526863098,0.07388538122177124
36.833333333333336,0.04346489906311035,0.07375074923038483
36.86666666666667,0.043297916650772095,0.07418277859687805
36.9,0.043290406465530396,0.07420815527439117
36.93333333333333,0.043263956904411316,0.07423000037670135
36.96666666666667,0.043223023414611816,0.07426436245441437
37.0,0.043231964111328125,0.07423849403858185
37.03333333333333,0.04325196146965027,0.07433968782424927
37.06666666666667,0.043254584074020386,0.0744478851556778
37.1,0.04319889843463898,0.07416890561580658
37.13333333333333,0.043264031410217285,0.07425355911254883
37.166666666666664,0.043562278151512146,0.07343843579292297
37.2,0.04362216591835022,0.07390348613262177
37.233333333333334,0.04364024102687836,0.07336343824863434
37.266666666666666,0.04367038607597351,0.07317297160625458
37.3,0.043424248695373535,0.07343736290931702
37.333333333333336,0.043501272797584534,0.07347400486469269
37.36666666666667,0.04325173795223236,0.07328125834465027
37.4,0.04322957992553711,0.07309550046920776
37.43333333333333,0.04292026162147522,0.07258075475692749
37.46666666666667,0.04300069808959961,0.0724172592163086
37.5,0.042909175157547,0.07244947552680969
37.53333333333333,0.04300004243850708,0.07219323515892029
37.56666666666667,0.0429193377494812,0.07219840586185455
37.6,0.04286983609199524,0.07210907340049744
37.63333333333333,0.042700767517089844,0.07205522060394287
37.666666666666664,0.04277293384075165,0.0722307562828064
37.7,0.042600154876708984,0.07219238579273224
37.733333333333334,0.0425739586353302,0.07218550145626068
37.766666666666666,0.042675718665122986,0.0718982070684433
37.8,0.042625099420547485,0.07191795110702515
37.833333333333336,0.04262623190879822,0.0716206282377243
37.86666666666667,0.042717114090919495,0.07155293226242065
37.9,0.04261182248592377,0.07153382897377014
37.93333333333333,0.04251198470592499,0.07137414813041687
37.96666666666667,0.042578861117362976,0.07145431637763977
38.0,0.04265663027763367,0.07138171792030334
38.03333333333333,0.04266791045665741,0.07147705554962158
38.06666666666667,0.04265125095844269,0.07150106132030487
38.1,0.0425482839345932,0.07149390876293182
38.13333333333333,0.042615681886672974,0.07164764404296875
38.166666666666664,0.04258370399475098,0.07150411605834961
38.2,0.042661041021347046,0.07157649099826813
38.233333333333334,0.04257988929748535,0.07160128653049469
38.266666666666666,0.04271925985813141,0.07136890292167664
38.3,0.042629435658454895,0.07128550112247467
38.333333333333336,0.042503103613853455,0.07123585045337677
38.36666666666667,0.04240542650222778,0.07124806940555573
38.4,0.04253667593002319,0.0716618150472641
38.43333333333333,0.04246878623962402,0.07155570387840271
38.46666666666667,0.04255416989326477,0.07160735130310059
38.5,0.04251399636268616,0.07151983678340912
38.53333333333333,0.042617589235305786,0.07179440557956696
38.56666666666667,0.04257158935070038,0.07176271080970764
38.6,0.04256533086299896,0.07175523042678833
38.63333333333333,0.042771488428115845,0.07190820574760437
38.666666666666664,0.04296155273914337,0.07228511571884155
38.7,0.042834118008613586,0.07240493595600128
38.733333333333334,0.04300718009471893,0.07244423031806946
38.766666666666666,0.04271365702152252,0.07214291393756866
38.8,0.0429520308971405,0.07224732637405396
38.833333333333336,0.04271844029426575,0.07195082306861877
38.86666666666667,0.04293794929981232,0.07226808369159698
38.9,0.04272767901420593,0.07161957025527954
38.93333333333333,0.04290555417537689,0.07219120860099792
38.96666666666667,0.04269598424434662,0.07184068858623505
39.0,0.043291956186294556,0.07276687026023865
39.03333333333333,0.04315604269504547,0.0727844387292862
39.06666666666667,0.04309631884098053,0.07278980314731598
39.1,0.043145328760147095,0.07277987897396088
39.13333333333333,0.043142423033714294,0.07288342714309692
39.166666666666664,0.043290361762046814,0.07288317382335663
39.2,0.04324132204055786,0.07304981350898743
39.233333333333334,0.04353567957878113,0.07338234782218933
39.266666666666666,0.04339246451854706,0.0736784040927887
39.3,0.04352191090583801,0.07401299476623535
39.333333333333336,0.043500497937202454,0.07384511828422546
39.36666666666667,0.04340222477912903,0.07392314076423645
39.4,0.04348687827587128,0.07386553287506104
39.43333333333333,0.04339715838432312,0.0740508884191513
39.46666666666667,0.043502211570739746,0.07392129302024841
39.5,0.04349684715270996,0.07379487156867981
39.53333333333333,0.043444305658340454,0.074095219373703
39.56666666666667,0.04358130693435669,0.07435920834541321
39.6,0.04365311563014984,0.0743563324213028
39.63333333333333,0.04354478418827057,0.07468633353710175
39.666666666666664,0.04367192089557648,0.07478293776512146
39.7,0.04389643669128418,0.07455815374851227
39.733333333333334,0.04391999542713165,0.07486006617546082
39.766666666666666,0.04391197860240936,0.0748816579580307
39.8,0.04386633634567261,0.07511472702026367
39.833333333333336,0.04390949010848999,0.07516321539878845
39.86666666666667,0.04394735395908356,0.07538722455501556
39.9,0.043627649545669556,0.0757436752319336
39.93333333333333,0.043690040707588196,0.0755825787782669
39.96666666666667,0.04325242340564728,0.0767999142408371
40.0,0.04272685945034027,0.08022014796733856
40.03333333333333,0.04226358234882355,0.08107288181781769
40.06666666666667,0.041842177510261536,0.08131936192512512
40.1,0.04138888418674469,0.08160416781902313
40.13333333333333,0.041586875915527344,0.08189594745635986
40.166666666666664,0.0416145920753479,0.08198052644729614
40.2,0.041710615158081055,0.08183397352695465
40.233333333333334,0.04134748876094818,0.08236220479011536
40.266666666666666,0.04158318042755127,0.08371998369693756
40.3,0.0424104779958725,0.08524851500988007
40.333333333333336,0.04258042573928833,0.08635102212429047
40.36666666666667,0.042268380522727966,0.08626441657543182
40.4,0.04239831864833832,0.08694043755531311
40.43333333333333,0.04239314794540405,0.08632196485996246
40.46666666666667,0.04222571849822998,0.08628840744495392
40.5,0.0423399955034256,0.08665893971920013
40.53333333333333,0.042419880628585815,0.0883750319480896
40.56666666666667,0.042738571763038635,0.08937101066112518
40.6,0.04252156615257263,0.08930359780788422
40.63333333333333,0.04243640601634979,0.08945241570472717
40.666666666666664,0.041536375880241394,0.09261971712112427
40.7,0.041351452469825745,0.09555771946907043
40.733333333333334,0.04102276265621185,0.09546780586242676
40.766666666666666,0.04114975035190582,0.09699459373950958
40.8,0.04151216149330139,0.0966663658618927
40.833333333333336,0.0413442999124527,0.09675578773021698
40.86666666666667,0.04141344130039215,0.09608644247055054
40.9,0.04127427935600281,0.0965828150510788
40.93333333333333,0.04152812063694,0.09597368538379669
40.96666666666667,0.04147632420063019,0.09642000496387482
41.0,0.041518017649650574,0.09600305557250977
41.03333333333333,0.041589781641960144,0.09645652770996094
41.06666666666667,0.04157149791717529,0.09644949436187744
41.1,0.04113869369029999,0.09595507383346558
41.13333333333333,0.040105387568473816,0.09577193856239319
41.166666666666664,0.0398450642824173,0.0961916595697403
41.2,0.039832159876823425,0.09628511965274811
41.233333333333334,0.039817050099372864,0.09574978053569794
41.266666666666666,0.03972168266773224,0.09555432200431824
41.3,0.03976224362850189,0.09558647871017456
41.333333333333336,0.039856910705566406,0.09531155228614807
41.36666666666667,0.03992845118045807,0.09522093832492828
41.4,0.040144890546798706,0.09562788903713226
41.43333333333333,0.0402071475982666,0.09493125975131989
41.46666666666667,0.0401856005191803,0.09545546770095825
41.5,0.04023091495037079,0.0951583981513977
41.53333333333333,0.040269896388053894,0.09533685445785522
41.56666666666667,0.040166810154914856,0.09495459496974945
41.6,0.04016907513141632,0.09496408700942993
41.63333333333333,0.0402534157037735,0.09532442688941956
41.666666666666664,0.04032304883003235,0.09548646211624146
41.7,0.040394023060798645,0.09504169225692749
41.733333333333334,0.04038882255554199,0.09490647912025452
41.766666666666666,0.0403037965297699,0.0951647013425827
41.8,0.04027719795703888,0.09518405795097351
41.833333333333336,0.04031026363372803,0.09536100924015045
41.86666666666667,0.04031148552894592,0.09531429409980774
41.9,0.04034370183944702,0.09531557559967041
41.93333333333333,0.040405213832855225,0.09528453648090363
41.96666666666667,0.04039599001407623,0.09525519609451294
42.0,0.040226489305496216,0.09507110714912415
42.03333333333333,0.04090400040149689,0.09656071662902832
42.06666666666667,0.040954411029815674,0.09634149074554443
42.1,0.040990203619003296,0.09643295407295227
42.13333333333333,0.04098471999168396,0.09654363989830017
42.166666666666664,0.041029274463653564,0.09650643169879913
42.2,0.040951699018478394,0.09650576114654541
42.233333333333334,0.041016578674316406,0.09654808044433594
42.266666666666666,0.04102778434753418,0.09656153619289398
42.3,0.04102352261543274,0.09665194153785706
42.333333333333336,0.04104508459568024,0.09634754061698914
42.36666666666667,0.04114380478858948,0.09487089514732361
42.4,0.04139195382595062,0.0949675440788269
42.43333333333333,0.04135937988758087,0.09504792094230652
42.46666666666667,0.04147517681121826,0.09492424130439758
42.5,0.0413486510515213,0.09510581195354462
42.53333333333333,0.04136490821838379,0.09532363712787628
42.56666666666667,0.041307494044303894,0.09514708817005157
42.6,0.04142814874649048,0.09559884667396545
42.63333333333333,0.041345641016960144,0.09492647647857666
42.666666666666664,0.04195375740528107,0.09446962177753448
42.7,0.04183320701122284,0.09377151727676392
42.733333333333334,0.04192589223384857,0.09402579069137573
42.766666666666666,0.041834041476249695,0.09371855854988098
42.8,0.04184158146381378,0.09398333728313446
42.833333333333336,0.041893571615219116,0.0935831367969513
42.86666666666667,0.04171121120452881,0.09369868040084839
42.9,0.041826292872428894,0.09349822998046875
42.93333333333333,0.041852280497550964,0.09293442964553833
42.96666666666667,0.041544705629348755,0.08788223564624786
43.0,0.04180155694484711,0.08843038976192474
43.03333333333333,0.04168429970741272,0.08814379572868347
43.06666666666667,0.04164576530456543,0.0883970558643341
43.1,0.0415259450674057,0.08801209926605225
43.13333333333333,0.04145427048206329,0.08822454512119293
43.166666666666664,0.04141765832901001,0.08785530924797058
43.2,0.0414547473192215,0.08808733522891998
43.233333333333334,0.04158686101436615,0.0884350836277008
43.266666666666666,0.04140445590019226,0.08814337849617004
43.3,0.042642742395401,0.08612273633480072
43.333333333333336,0.04314018785953522,0.08475016057491302
43.36666666666667,0.04326148331165314,0.08439181745052338
43.4,0.04328733682632446,0.08447323739528656
43.43333333333333,0.043113842606544495,0.0847960114479065
43.46666666666667,0.04307384788990021,0.08479222655296326
43.5,0.04317180812358856,0.08469146490097046
43.53333333333333,0.043129146099090576,0.0848475992679596
43.56666666666667,0.043102532625198364,0.08441714942455292
43.6,0.04297126829624176,0.0841967761516571
43.63333333333333,0.043047040700912476,0.08413241803646088
43.666666666666664,0.0430484265089035,0.08403356373310089
43.7,0.04314631223678589,0.08398675918579102
43.733333333333334,0.04307721555233002,0.08380967378616333
43.766666666666666,0.04327714443206787,0.0837918072938919
43.8,0.04403385519981384,0.08374188840389252
43.833333333333336,0.0441608726978302,0.08308228850364685
43.86666666666667,0.044001296162605286,0.0824585109949112
43.9,0.04392048716545105,0.08257132768630981
43.93333333333333,0.04393933713436127,0.0825188010931015
43.96666666666667,0.043813616037368774,0.08218227326869965
44.0,0.04372653365135193,0.082249715924263
44.03333333333333,0.04372003674507141,0.08214627206325531
44.06666666666667,0.0436919629573822,0.08216403424739838
44.1,0.04357843101024628,0.08227607607841492
44.13333333333333,0.042792946100234985,0.08209891617298126
44.166666666666664,0.041114822030067444,0.08046530187129974
44.2,0.041150569915771484,0.0810653567314148
44.233333333333334,0.0411151647567749,0.08103612065315247
44.266666666666666,0.04114742577075958,0.08050799369812012
44.3,0.041088253259658813,0.08059535920619965
44.333333333333336,0.04098869860172272,0.08022783696651459
44.36666666666667,0.04097519814968109,0.08050191402435303
44.4,0.04102163016796112,0.08054554462432861
44.43333333333333,0.04100431501865387,0.08055795729160309
44.46666666666667,0.0410633385181427,0.08034281432628632
44.5,0.04108212888240814,0.08015604317188263
44.53333333333333,0.04112948477268219,0.08016353845596313
44.56666666666667,0.04112796485424042,0.08048291504383087
44.6,0.04116430878639221,0.08070380985736847
44.63333333333333,0.04130911827087402,0.08071036636829376
44.666666666666664,0.0413815975189209,0.08067969977855682
44.7,0.04142238199710846,0.08086372911930084
44.733333333333334,0.04151453077793121,0.08088672161102295
44.766666666666666,0.041321784257888794,0.0808744728565216
44.8,0.041706815361976624,0.07961532473564148
44.833333333333336,0.04168272018432617,0.08004997670650482
44.86666666666667,0.04180924594402313,0.07980181276798248
44.9,0.04223604500293732,0.08022432029247284
44.93333333333333,0.04236339032649994,0.0804702639579773
44.96666666666667,0.0424286425113678,0.08062881231307983
45.0,0.04242749512195587,0.0805676281452179
45.03333333333333,0.04248760640621185,0.08042486011981964
45.06666666666667,0.04243062436580658,0.08053109049797058
45.1,0.04249866306781769,0.08043485879898071
45.13333333333333,0.04247015714645386,0.08054596185684204
45.166666666666664,0.04249544441699982,0.08050832152366638
45.2,0.04251386225223541,0.08078201115131378
45.233333333333334,0.0430292934179306,0.08017833530902863
45.266666666666666,0.04251265525817871,0.07739368081092834
45.3,0.04292120039463043,0.07644282281398773
45.333333333333336,0.04328618943691254,0.07599891722202301
45.36666666666667,0.04340805113315582,0.0759303867816925
45.4,0.04361654818058014,0.07585139572620392
45.43333333333333,0.043726325035095215,0.07571426033973694
45.46666666666667,0.043979570269584656,0.07571953535079956
45.5,0.04401935636997223,0.07563477754592896
45.53333333333333,0.04416567087173462,0.07571618258953094
45.56666666666667,0.04437233507633209,0.07535868883132935
45.6,0.04413102567195892,0.07554219663143158
45.63333333333333,0.0439814031124115,0.07452994585037231
45.666666666666664,0.043539002537727356,0.07233455777168274
45.7,0.0434299111366272,0.0721036046743393
45.733333333333334,0.04345516860485077,0.07207788527011871
45.766666666666666,0.043435826897621155,0.0718550980091095
45.8,0.04362604022026062,0.07212872803211212
45.833333333333336,0.04377986490726471,0.0722641795873642
45.86666666666667,0.043760791420936584,0.07202517986297607
45.9,0.04372289776802063,0.07204301655292511
45.93333333333333,0.04386913776397705,0.0723569244146347
45.96666666666667,0.043758824467659,0.07217271625995636
46.0,0.04374511539936066,0.07229237258434296
46.03333333333333,0.04370120167732239,0.07223625481128693
46.06666666666667,0.043736428022384644,0.07220123708248138
46.1,0.043687835335731506,0.07219633460044861
46.13333333333333,0.04375302791595459,0.072099968791008
46.166666666666664,0.043678149580955505,0.07225345075130463
46.2,0.04355597496032715,0.07229530811309814
46.233333333333334,0.04360552132129669,0.07213258743286133
46.266666666666666,0.04371762275695801,0.07218639552593231
46.3,0.043742284178733826,0.07237108051776886
46.333333333333336,0.0438910573720932,0.07245044410228729
46.36666666666667,0.04383860528469086,0.07279686629772186
46.4,0.04379618167877197,0.07276301085948944
46.43333333333333,0.04387623071670532,0.07286679744720459
46.46666666666667,0.043549567461013794,0.07364971935749054
46.5,0.04392841458320618,0.07639020681381226
46.53333333333333,0.0429006963968277,0.07767927646636963
46.56666666666667,0.04300600290298462,0.07763409614562988
46.6,0.04304209351539612,0.07796254754066467
46.63333333333333,0.04309430718421936,0.07805031538009644
46.666666666666664,0.04289029538631439,0.0780867338180542
46.7,0.04279904067516327,0.07819861173629761
46.733333333333334,0.042647913098335266,0.07812397181987762
46.766666666666666,0.04265688359737396,0.07845038175582886
46.8,0.042655959725379944,0.07849743962287903
46.833333333333336,0.04269799590110779,0.07854852080345154
46.86666666666667,0.04272909462451935,0.07868535816669464
46.9,0.04275311529636383,0.07847683131694794
46.93333333333333,0.04250603914260864,0.07868854701519012
46.96666666666667,0.0420684814453125,0.07905690371990204
47.0,0.04101960361003876,0.08025315403938293
47.03333333333333,0.04074646532535553,0.07884462177753448
47.06666666666667,0.04242360591888428,0.07870052754878998
47.1,0.04218339920043945,0.0786542296409607
47.13333333333333,0.042003318667411804,0.07842789590358734
47.166666666666664,0.042471662163734436,0.07834570109844208
47.2,0.044282034039497375,0.0788138210773468
47.233333333333334,0.04465746879577637,0.08151812851428986
47.266666666666666,0.043867021799087524,0.08575592935085297
47.3,0.04352638125419617,0.08870886266231537
47.333333333333336,0.042968571186065674,0.09051205217838287
47.36666666666667,0.043156951665878296,0.09097124636173248
47.4,0.04296216368675232,0.09058459103107452
47.43333333333333,0.042929187417030334,0.09110325574874878
47.46666666666667,0.04290004074573517,0.09089969098567963
47.5,0.04284392297267914,0.09071449935436249
47.53333333333333,0.042821139097213745,0.09070652723312378
47.56666666666667,0.0429377406835556,0.09052148461341858
47.6,0.04286535084247589,0.09047384560108185
47.63333333333333,0.04139387607574463,0.09168773889541626
47.666666666666664,0.038601070642471313,0.09420011937618256
47.7,0.03671260178089142,0.09685875475406647
47.733333333333334,0.036674052476882935,0.09909936785697937
47.766666666666666,0.03667125105857849,0.09949830174446106
47.8,0.03656893968582153,0.09928201138973236
47.833333333333336,0.036655813455581665,0.09940332174301147
47.86666666666667,0.03653329610824585,0.09916438162326813
47.9,0.03654193878173828,0.09909796714782715
47.93333333333333,0.03538794815540314,0.09937487542629242
47.96666666666667,0.03352932631969452,0.09928323328495026
48.0,0.032893553376197815,0.09983161091804504
48.03333333333333,0.0329635888338089,0.09926506876945496
48.06666666666667,0.032895877957344055,0.09926296770572662
48.1,0.03286893665790558,0.09910187125205994
48.13333333333333,0.033008113503456116,0.09908418357372284
48.166666666666664,0.032877117395401,0.09883859753608704
48.2,0.032830893993377686,0.09899316728115082
48.233333333333334,0.03289337456226349,0.09900721907615662
48.266666666666666,0.032809123396873474,0.0982031524181366
48.3,0.03302234411239624,0.09859536588191986
48.333333333333336,0.03308652341365814,0.09820050001144409
48.36666666666667,0.033045440912246704,0.09804128110408783
48.4,0.033143267035484314,0.09827026724815369
48.43333333333333,0.03302273154258728,0.09806732833385468
48.46666666666667,0.033042654395103455,0.09771142899990082
48.5,0.03299225866794586,0.09798245131969452
48.53333333333333,0.032885462045669556,0.09787988662719727
48.56666666666667,0.03317287564277649,0.09805132448673248
48.6,0.03331249952316284,0.09815698862075806
48.63333333333333,0.03325772285461426,0.09817847609519958
48.666666666666664,0.0332784503698349,0.09817597270011902
48.7,0.03333583474159241,0.09804162383079529
48.733333333333334,0.03317269682884216,0.09765996038913727
48.766666666666666,0.03342936933040619,0.09851056337356567
48.8,0.03576795756816864,0.09821911156177521
48.833333333333336,0.03746457397937775,0.09529894590377808
48.86666666666667,0.038440778851509094,0.094621941447258
48.9,0.039065778255462646,0.09377944469451904
48.93333333333333,0.039304137229919434,0.09369760751724243
48.96666666666667,0.039734676480293274,0.09342318773269653
49.0,0.03995917737483978,0.0934649258852005
49.03333333333333,0.039903104305267334,0.09354348480701447
49.06666666666667,0.039890289306640625,0.09359003603458405
49.1,0.03990963101387024,0.09348894655704498
49.13333333333333,0.03986549377441406,0.09366707503795624
49.166666666666664,0.03997516632080078,0.09386776387691498
49.2,0.04055893421173096,0.09369775652885437
49.233333333333334,0.043055832386016846,0.09257268905639648
49.266666666666666,0.045200929045677185,0.0915689766407013
49.3,0.0472102165222168,0.0883779227733612
49.333333333333336,0.05008627474308014,0.08622865378856659
49.36666666666667,0.0517478883266449,0.08548060059547424
49.4,0.052589744329452515,0.08532854914665222
49.43333333333333,0.05318760871887207,0.08490419387817383
49.46666666666667,0.05358089506626129,0.0843164324760437
49.5,0.05367857217788696,0.0842100977897644
49.53333333333333,0.05365988612174988,0.08399760723114014
49.56666666666667,0.05363744497299194,0.08409193158149719
49.6,0.053644418716430664,0.0840219259262085
49.63333333333333,0.053632691502571106,0.08389139175415039
49.666666666666664,0.05362652242183685,0.08395364880561829
49.7,0.053570330142974854,0.0839850902557373
49.733333333333334,0.05347749590873718,0.08353447914123535
49.766666666666666,0.05297103524208069,0.08232508599758148
49.8,0.05322594940662384,0.08050504326820374
49.833333333333336,0.05300845205783844,0.0783308893442154
49.86666666666667,0.052743494510650635,0.07750935852527618
49.9,0.05254131555557251,0.07723924517631531
49.93333333333333,0.05236166715621948,0.07728046178817749
49.96666666666667,0.05233338475227356,0.07739086449146271
50.0,0.052450329065322876,0.07747325301170349
50.03333333333333,0.05242820084095001,0.07750651240348816
50.06666666666667,0.05250994861125946,0.07756462693214417
50.1,0.05254846811294556,0.07740668952465057
50.13333333333333,0.05252280831336975,0.07719564437866211
50.166666666666664,0.05248957872390747,0.07736431062221527
50.2,0.05243237316608429,0.07730972766876221
50.233333333333334,0.05229097604751587,0.07732085883617401
50.266666666666666,0.05229617655277252,0.07744741439819336
50.3,0.052341461181640625,0.07772672176361084
50.333333333333336,0.052384063601493835,0.07785104215145111
50.36666666666667,0.05238480865955353,0.07798336446285248
50.4,0.05241654813289642,0.07784658670425415
50.43333333333333,0.05234822630882263,0.07784637808799744
50.46666666666667,0.052278533577919006,0.07763420045375824
50.5,0.052289560437202454,0.0776115208864212
50.53333333333333,0.05226457118988037,0.07764370739459991
50.56666666666667,0.052274689078330994,0.07759037613868713
50.6,0.05229516327381134,0.07746876776218414
50.63333333333333,0.05234748125076294,0.07733047008514404
50.666666666666664,0.052363321185112,0.07721595466136932
50.7,0.052428483963012695,0.07739301025867462
50.733333333333334,0.05238805711269379,0.07765202224254608
50.766666666666666,0.052422791719436646,0.07760143280029297
50.8,0.05240409076213837,0.0775691568851471
50.833333333333336,0.05237330496311188,0.07756567001342773
50.86666666666667,0.052367210388183594,0.07756976783275604
50.9,0.052416324615478516,0.07757861912250519
50.93333333333333,0.052500247955322266,0.07761609554290771
50.96666666666667,0.05239607393741608,0.07766854763031006
51.0,0.05247482657432556,0.07782542705535889
51.03333333333333,0.05246761441230774,0.07777149975299835
51.06666666666667,0.052478983998298645,0.07787823677062988
51.1,0.05263030529022217,0.07769456505775452
51.13333333333333,0.05268029868602753,0.07758820056915283
51.166666666666664,0.05266432464122772,0.07734167575836182
51.2,0.052702099084854126,0.07703083753585815
51.233333333333334,0.05274510383605957,0.07708996534347534
51.266666666666666,0.05267338454723358,0.07714471220970154
51.3,0.05264143645763397,0.07763803005218506
51.333333333333336,0.05259624123573303,0.07778942584991455
51.36666666666667,0.052555471658706665,0.07790161669254303
51.4,0.05259719491004944,0.07777704298496246
51.43333333333333,0.05257341265678406,0.07788129150867462
51.46666666666667,0.052604421973228455,0.07810303568840027
51.5,0.05259998142719269,0.07793955504894257
51.53333333333333,0.05261220037937164,0.07786740362644196
51.56666666666667,0.05282142758369446,0.07794266939163208
51.6,0.05163055658340454,0.07813045382499695
51.63333333333333,0.048396527767181396,0.0798637717962265
51.666666666666664,0.04540708661079407,0.08343096077442169
51.7,0.042724207043647766,0.08657144010066986
51.733333333333334,0.04077427089214325,0.08974649012088776
51.766666666666666,0.040009111166000366,0.09132763743400574
51.8,0.03841136395931244,0.09284321963787079
51.833333333333336,0.037985920906066895,0.09453423321247101
51.86666666666667,0.037434130907058716,0.09696593880653381
51.9,0.03725862503051758,0.09779618680477142
51.93333333333333,0.0370810329914093,0.09694516658782959
51.96666666666667,0.03690263628959656,0.09759354591369629
52.0,0.03693699836730957,0.09665171802043915
52.03333333333333,0.036851152777671814,0.09799157083034515
52.06666666666667,0.03656013309955597,0.09813077747821808
52.1,0.03664802014827728,0.0977570116519928
52.13333333333333,0.03655382990837097,0.09706655144691467
52.166666666666664,0.03671194612979889,0.09752342104911804
52.2,0.036637306213378906,0.09773507714271545
52.233333333333334,0.036735013127326965,0.0979347676038742
52.266666666666666,0.03575246036052704,0.09791813790798187
52.3,0.035466864705085754,0.09760278463363647
52.333333333333336,0.03539271652698517,0.09846499562263489
52.36666666666667,0.035288646817207336,0.09775811433792114
52.4,0.03527238965034485,0.09827291965484619
52.43333333333333,0.03527937829494476,0.09800930321216583
52.46666666666667,0.035270243883132935,0.09842303395271301
52.5,0.035218074917793274,0.09849938750267029
52.53333333333333,0.03521151840686798,0.09824900329113007
52.56666666666667,0.035220637917518616,0.09801429510116577
52.6,0.03523920476436615,0.09849095344543457
52.63333333333333,0.03518116474151611,0.09754246473312378
52.666666666666664,0.03521260619163513,0.09799899160861969
52.7,0.03528156876564026,0.09764569997787476
52.733333333333334,0.0353461354970932,0.09795767068862915
52.766666666666666,0.035251274704933167,0.09726312756538391
52.8,0.035343289375305176,0.09744945168495178
52.833333333333336,0.03532722592353821,0.09725825488567352
52.86666666666667,0.035361722111701965,0.09740842878818512
52.9,0.03530499339103699,0.09748008847236633
52.93333333333333,0.035269126296043396,0.09772887825965881
52.96666666666667,0.03525424003601074,0.09749935567378998
53.0,0.03533732891082764,0.0977959930896759
53.03333333333333,0.035225898027420044,0.09747572243213654
53.06666666666667,0.03524044156074524,0.09788182377815247
53.1,0.03522162139415741,0.09746904671192169
53.13333333333333,0.035228729248046875,0.0977817177772522
53.166666666666664,0.035223543643951416,0.09747102856636047
53.2,0.035265952348709106,0.09724481403827667
53.233333333333334,0.03532750904560089,0.09722431004047394
53.266666666666666,0.035308510065078735,0.09734953939914703
53.3,0.0353919118642807,0.09722715616226196
53.333333333333336,0.03535895049571991,0.09727667272090912
53.36666666666667,0.035408005118370056,0.09705537557601929
53.4,0.03546769917011261,0.09734749794006348
53.43333333333333,0.03527650237083435,0.09663927555084229
53.46666666666667,0.035454586148262024,0.09697097539901733
53.5,0.03557400405406952,0.09636348485946655
53.53333333333333,0.03765597939491272,0.097243532538414
53.56666666666667,0.038971707224845886,0.09615987539291382
53.6,0.04110574722290039,0.09747567772865295
53.63333333333333,0.04101872444152832,0.09721656143665314
53.666666666666664,0.041144222021102905,0.09775389730930328
53.7,0.04113537073135376,0.09734521806240082
53.733333333333334,0.041180163621902466,0.09741520881652832
53.766666666666666,0.043710172176361084,0.09774261713027954
53.8,0.046352654695510864,0.09801460802555084
53.833333333333336,0.04898519814014435,0.09723976254463196
53.86666666666667,0.050554171204566956,0.0973643958568573
53.9,0.05095610022544861,0.09749765694141388
53.93333333333333,0.05088445544242859,0.09788678586483002
53.96666666666667,0.05114929378032684,0.0970679372549057
54.0,0.05118358135223389,0.09769360721111298
54.03333333333333,0.051380932331085205,0.0970020592212677
54.06666666666667,0.05123072862625122,0.09761956334114075
54.1,0.051265835762023926,0.09679688513278961
54.13333333333333,0.05096617341041565,0.09730470180511475
54.166666666666664,0.05107876658439636,0.09666228294372559
54.2,0.0508335679769516,0.0975879579782486
54.233333333333334,0.0509609580039978,0.09683272242546082
54.266666666666666,0.051016077399253845,0.0972122997045517
54.3,0.05097818374633789,0.09708443284034729
54.333333333333336,0.05126190185546875,0.09706619381904602
54.36666666666667,0.05107821524143219,0.09710222482681274
54.4,0.051175400614738464,0.09706039726734161
54.43333333333333,0.05115361511707306,0.09697283804416656
54.46666666666667,0.051300764083862305,0.09689439833164215
54.5,0.05147591233253479,0.09693211317062378
54.53333333333333,0.05214066803455353,0.09633338451385498
54.56666666666667,0.05348673462867737,0.09661534428596497
54.6,0.05343241989612579,0.09596845507621765
54.63333333333333,0.05356934666633606,0.09632372856140137
54.666666666666664,0.05366380512714386,0.095743328332901
54.7,0.053851574659347534,0.09609314799308777
54.733333333333334,0.05366195738315582,0.09564389288425446
54.766666666666666,0.053657859563827515,0.09585633873939514
54.8,0.05371996760368347,0.09564962983131409
54.833333333333336,0.05361032485961914,0.09586821496486664
54.86666666666667,0.05357879400253296,0.09604237973690033
54.9,0.05330422520637512,0.09575983881950378
54.93333333333333,0.05327950417995453,0.09623420238494873
54.96666666666667,0.05303061008453369,0.09592309594154358
55.0,0.05318538844585419,0.09606511890888214
55.03333333333333,0.05324368178844452,0.0958147644996643
55.06666666666667,0.053129881620407104,0.0964038074016571
55.1,0.05318814516067505,0.09611062705516815
55.13333333333333,0.05289977788925171,0.0963146984577179
55.166666666666664,0.051303982734680176,0.09605740010738373
55.2,0.050916701555252075,0.09633895754814148
55.233333333333334,0.05072140693664551,0.09612895548343658
55.266666666666666,0.0505455881357193,0.09605808556079865
55.3,0.05070197582244873,0.09588554501533508
55.333333333333336,0.05034896731376648,0.09569321572780609
55.36666666666667,0.050498977303504944,0.09577006101608276
55.4,0.05032879114151001,0.09554044902324677
55.43333333333333,0.05031770467758179,0.09569373726844788
55.46666666666667,0.05002179741859436,0.09470342099666595
55.5,0.049077704548835754,0.09220555424690247
55.53333333333333,0.048631444573402405,0.0918874591588974
55.56666666666667,0.048563048243522644,0.09106762707233429
55.6,0.04913705587387085,0.09180642664432526
55.63333333333333,0.048776328563690186,0.0916261374950409
55.666666666666664,0.04909561574459076,0.09096118807792664
55.7,0.05003231763839722,0.09166516363620758
55.733333333333334,0.04996827244758606,0.09086866676807404
55.766666666666666,0.05054600536823273,0.09137687087059021
55.8,0.05014468729496002,0.09048739075660706
55.833333333333336,0.05087471008300781,0.09115007519721985
55.86666666666667,0.05074813961982727,0.09091794490814209
55.9,0.050684854388237,0.09117087721824646
55.93333333333333,0.050781503319740295,0.09106732904911041
55.96666666666667,0.050881341099739075,0.0911325067281723
56.0,0.05104398727416992,0.09106071293354034
56.03333333333333,0.05103239417076111,0.09139987826347351
56.06666666666667,0.05086018145084381,0.09140950441360474
56.1,0.050827816128730774,0.09155650436878204
56.13333333333333,0.050791919231414795,0.09123754501342773
56.166666666666664,0.05060611665248871,0.09101933240890503
56.2,0.05070860683917999,0.0907602608203888
56.233333333333334,0.04730615019798279,0.08838367462158203
56.266666666666666,0.04569634795188904,0.08695457875728607
56.3,0.045970410108566284,0.08668199181556702
56.333333333333336,0.04584836959838867,0.08670280873775482
56.36666666666667,0.04580312967300415,0.08654844760894775
56.4,0.04568326473236084,0.08699679374694824
56.43333333333333,0.04584740102291107,0.0867510735988617
56.46666666666667,0.045802876353263855,0.08673933148384094
56.5,0.04567153751850128,0.08672754466533661
56.53333333333333,0.04575696587562561,0.08663739264011383
56.56666666666667,0.04434648156166077,0.08590708673000336
56.6,0.04415811598300934,0.08608974516391754
56.63333333333333,0.04415641725063324,0.08600927889347076
56.666666666666664,0.04417344927787781,0.08610041439533234
56.7,0.04407815635204315,0.08603648841381073
56.733333333333334,0.04394696652889252,0.08620139956474304
56.766666666666666,0.042154133319854736,0.08462221920490265
56.8,0.04098138213157654,0.08421994745731354
56.833333333333336,0.04111181199550629,0.08479692041873932
56.86666666666667,0.04115815460681915,0.0853457897901535
56.9,0.04128424823284149,0.08514955639839172
56.93333333333333,0.04122886061668396,0.08526687324047089
56.96666666666667,0.04141359031200409,0.08552555739879608
57.0,0.041345760226249695,0.0857933908700943
57.03333333333333,0.041526734828948975,0.0859854519367218
57.06666666666667,0.03987419605255127,0.08584749698638916
57.1,0.03799092769622803,0.08490109443664551
57.13333333333333,0.03803110122680664,0.08522270619869232
57.166666666666664,0.038063809275627136,0.08520613610744476
57.2,0.03803108632564545,0.08539620041847229
57.233333333333334,0.038148075342178345,0.08533667027950287
57.266666666666666,0.03816641867160797,0.08530671894550323
57.3,0.037220001220703125,0.08379238843917847
57.333333333333336,0.035122305154800415,0.08143404126167297
57.36666666666667,0.034967079758644104,0.07855606079101562
57.4,0.0348544716835022,0.07862070202827454
57.43333333333333,0.03486199676990509,0.07799151539802551
57.46666666666667,0.03500540554523468,0.07787017524242401
57.5,0.03490205109119415,0.0778200775384903
57.53333333333333,0.03480023145675659,0.07796236872673035
57.56666666666667,0.034862831234931946,0.07783240079879761
57.6,0.03503228724002838,0.07759617269039154
57.63333333333333,0.03490638732910156,0.07790063321590424
57.666666666666664,0.03499479591846466,0.07802751660346985
57.7,0.03508535027503967,0.07819250226020813
57.733333333333334,0.035122498869895935,0.07807458937168121
57.766666666666666,0.035184383392333984,0.0781288594007492
57.8,0.03527228534221649,0.07778564095497131
57.833333333333336,0.0352955162525177,0.077913299202919
57.86666666666667,0.0355461984872818,0.07797999680042267
57.9,0.03562331199645996,0.0778142660856247
57.93333333333333,0.0355023592710495,0.07787860929965973
57.96666666666667,0.03550297021865845,0.07787114381790161
58.0,0.035599932074546814,0.07768341898918152
58.03333333333333,0.03583361208438873,0.07730711996555328
58.06666666666667,0.03590540587902069,0.07692974805831909
58.1,0.03594781458377838,0.0765453577041626
58.13333333333333,0.03612180054187775,0.0769234448671341
58.166666666666664,0.036169782280921936,0.07675199210643768
58.2,0.03618527948856354,0.07679955661296844
58.233333333333334,0.03620132803916931,0.07667580246925354
58.266666666666666,0.0361105352640152,0.07665377855300903
58.3,0.036181285977363586,0.07661959528923035
58.333333333333336,0.03592963516712189,0.07731080055236816
58.36666666666667,0.035825759172439575,0.07738721370697021
58.4,0.03581516444683075,0.07745860517024994
58.43333333333333,0.03573361039161682,0.07717427611351013
58.46666666666667,0.035857245326042175,0.07723228633403778
58.5,0.035986512899398804,0.07728752493858337
58.53333333333333,0.036046773195266724,0.07704217731952667
58.56666666666667,0.036216795444488525,0.07708802819252014
58.6,0.036247238516807556,0.07712775468826294
58.63333333333333,0.03616757690906525,0.0768996924161911
58.666666666666664,0.036149680614471436,0.07700064778327942
58.7,0.03615805506706238,0.07689474523067474
58.733333333333334,0.03626292943954468,0.07670623064041138
58.766666666666666,0.03642122447490692,0.07675373554229736
58.8,0.03646107017993927,0.07686330378055573
58.833333333333336,0.03643718361854553,0.07657462358474731
58.86666666666667,0.03641326725482941,0.07670736312866211
58.9,0.036403730511665344,0.07656529545783997
58.93333333333333,0.036428019404411316,0.07647781074047089
58.96666666666667,0.03630746901035309,0.0766717791557312
59.0,0.036293044686317444,0.07671616971492767
59.03333333333333,0.036307185888290405,0.07675804197788239
59.06666666666667,0.036373138427734375,0.0767328143119812
59.1,0.03628276288509369,0.0768914520740509
59.13333333333333,0.036630600690841675,0.07623063027858734
59.166666666666664,0.03704950213432312,0.07595194876194
59.2,0.03694632649421692,0.07623355090618134
59.233333333333334,0.03716158866882324,0.07574139535427094
59.266666666666666,0.037132322788238525,0.07570385932922363
59.3,0.036913082003593445,0.0756259560585022
59.333333333333336,0.036978304386138916,0.07529854774475098
59.36666666666667,0.037003666162490845,0.07519997656345367
59.4,0.03705406188964844,0.07534560561180115
59.43333333333333,0.03710830211639404,0.0752478837966919
59.46666666666667,0.037053510546684265,0.07540722191333771
59.5,0.03703594207763672,0.07511717081069946
59.53333333333333,0.037320658564567566,0.07510779798030853
59.56666666666667,0.037234604358673096,0.07526037096977234
59.6,0.037356093525886536,0.0755910575389862
59.63333333333333,0.037422552704811096,0.07565128803253174
59.666666666666664,0.03730173408985138,0.07589003443717957
59.7,0.03754277527332306,0.07590325176715851
59.733333333333334,0.03765997290611267,0.07587035000324249
59.766666666666666,0.03765377402305603,0.0759497582912445
59.8,0.03766584396362305,0.07605107128620148
59.833333333333336,0.037596940994262695,0.07629308104515076
59.86666666666667,0.037571653723716736,0.0762680172920227
59.9,0.037560731172561646,0.07615658640861511
59.93333333333333,0.03763513267040253,0.07631093263626099
59.96666666666667,0.037526726722717285,0.07619668543338776
60.0,0.0374264121055603,0.07614995539188385
60.03333333333333,0.03745990991592407,0.07606972754001617
60.06666666666667,0.037501320242881775,0.07606622576713562
60.1,0.037375614047050476,0.07559570670127869
60.13333333333333,0.03746099770069122,0.07577234506607056
60.166666666666664,0.03730669617652893,0.07577082514762878
60.2,0.03719300031661987,0.07567870616912842
60.233333333333334,0.037232160568237305,0.07579399645328522
60.266666666666666,0.03725188970565796,0.0758238434791565
60.3,0.03716832399368286,0.07582506537437439
60.333333333333336,0.03717426955699921,0.07595814764499664
60.36666666666667,0.03762967884540558,0.07609522342681885
60.4,0.037693798542022705,0.0759935975074768
60.43333333333333,0.03755025565624237,0.07648694515228271
60.46666666666667,0.03780511021614075,0.07635089755058289
60.5,0.037805914878845215,0.07632710039615631
60.53333333333333,0.037897661328315735,0.07610875368118286
60.56666666666667,0.037943899631500244,0.07616160809993744
60.6,0.0379960834980011,0.07589340209960938
60.63333333333333,0.03803513944149017,0.07615341246128082
60.666666666666664,0.03811770677566528,0.0756407380104065
60.7,0.03796280920505524,0.07547399401664734
60.733333333333334,0.03797243535518646,0.07553896307945251
60.766666666666666,0.03795771300792694,0.07541647553443909
60.8,0.03803341090679169,0.07530286908149719
60.833333333333336,0.03788287937641144,0.07541152834892273
60.86666666666667,0.03789272904396057,0.07491868734359741
60.9,0.03792957961559296,0.07491029798984528
60.93333333333333,0.038167282938957214,0.07494059205055237
60.96666666666667,0.03910325467586517,0.07629358768463135
61.0,0.038447797298431396,0.07751855254173279
61.03333333333333,0.038464874029159546,0.07731066644191742
61.06666666666667,0.03854614496231079,0.07732579112052917
61.1,0.038428351283073425,0.07735207676887512
61.13333333333333,0.038395702838897705,0.07723233103752136
61.166666666666664,0.0383274108171463,0.07752600312232971
61.2,0.038287729024887085,0.0774635523557663
61.233333333333334,0.0380423367023468,0.07824203372001648
61.266666666666666,0.03862820565700531,0.07865053415298462
61.3,0.03891395032405853,0.07877859473228455
61.333333333333336,0.03902845084667206,0.07926136255264282
61.36666666666667,0.039290651679039,0.07951068878173828
61.4,0.039384469389915466,0.07937444746494293
61.43333333333333,0.039407432079315186,0.07987599074840546
61.46666666666667,0.039451614022254944,0.07973578572273254
61.5,0.039459556341171265,0.07971625030040741
61.53333333333333,0.039585456252098083,0.07997803390026093
61.56666666666667,0.03947143256664276,0.07963420450687408
61.6,0.04074651002883911,0.08069567382335663
61.63333333333333,0.04050464928150177,0.08124849200248718
61.666666666666664,0.04090912640094757,0.08088797330856323
61.7,0.04101698100566864,0.08111652731895447
61.733333333333334,0.04114939272403717,0.08121757209300995
61.766666666666666,0.04308207333087921,0.08298583328723907
61.8,0.04537734389305115,0.08577889204025269
61.833333333333336,0.0450846403837204,0.0862385481595993
61.86666666666667,0.04508076608181,0.08557040989398956
61.9,0.04495559632778168,0.08519013226032257
61.93333333333333,0.045010194182395935,0.08427685499191284
61.96666666666667,0.04494544863700867,0.08317632973194122
62.0,0.045008257031440735,0.08345778286457062
62.03333333333333,0.04486630856990814,0.0834081768989563
62.06666666666667,0.0451492965221405,0.08373168110847473
62.1,0.04503634572029114,0.08372777700424194
62.13333333333333,0.04520249366760254,0.08361685276031494
62.166666666666664,0.04506535828113556,0.08377867937088013
62.2,0.04516404867172241,0.08361271023750305
62.233333333333334,0.046726927161216736,0.08475218713283539
62.266666666666666,0.0487503707408905,0.08722038567066193
62.3,0.049011677503585815,0.08772367238998413
62.333333333333336,0.049035534262657166,0.0878920704126358
62.36666666666667,0.048723235726356506,0.08810067176818848
62.4,0.04875600337982178,0.08822017908096313
62.43333333333333,0.048660874366760254,0.08804160356521606
62.46666666666667,0.04874458909034729,0.0881875604391098
62.5,0.048532262444496155,0.08805546164512634
62.53333333333333,0.0483773797750473,0.08808143436908722
62.56666666666667,0.04980652034282684,0.088645339012146
62.6,0.05001020431518555,0.08887447416782379
62.63333333333333,0.049968212842941284,0.0884455144405365
62.666666666666664,0.05006909370422363,0.08843070268630981
62.7,0.04980897903442383,0.08838063478469849
62.733333333333334,0.04981788992881775,0.08854055404663086
62.766666666666666,0.04990184307098389,0.08844788372516632
62.8,0.04989181458950043,0.08855535089969635
62.833333333333336,0.049986615777015686,0.08857131004333496
62.86666666666667,0.05216781795024872,0.08979569375514984
62.9,0.052849993109703064,0.09097026288509369
62.93333333333333,0.05295252799987793,0.09216625988483429
62.96666666666667,0.05305646359920502,0.09260165691375732
63.0,0.05312448740005493,0.09285585582256317
63.03333333333333,0.05283203721046448,0.09282052516937256
63.06666666666667,0.053068727254867554,0.09281866252422333
63.1,0.052923575043678284,0.09277291595935822
63.13333333333333,0.05289183557033539,0.09291304647922516
63.166666666666664,0.05300252139568329,0.09306080639362335
63.2,0.05273622274398804,0.09328511357307434
63.233333333333334,0.052933380007743835,0.09376773238182068
63.266666666666666,0.05067907273769379,0.09484139084815979
63.3,0.05091880261898041,0.09501864016056061
63.333333333333336,0.050703421235084534,0.09543873369693756
63.36666666666667,0.050614967942237854,0.09572839736938477
63.4,0.05074629187583923,0.09522877633571625
63.43333333333333,0.05083182454109192,0.09492920339107513
63.46666666666667,0.05105996131896973,0.09471660852432251
63.5,0.05125373601913452,0.09491099417209625
63.53333333333333,0.05105908215045929,0.09477062523365021
63.56666666666667,0.05123572051525116,0.09545180201530457
63.6,0.05107191205024719,0.09509794414043427
63.63333333333333,0.051332131028175354,0.0957830548286438
63.666666666666664,0.05089263617992401,0.09521722793579102
63.7,0.05141341686248779,0.09566362202167511
63.733333333333334,0.052123650908470154,0.09457987546920776
63.766666666666666,0.05246305465698242,0.09563235938549042
63.8,0.0525212436914444,0.0947122722864151
63.833333333333336,0.05254851281642914,0.09566698968410492
63.86666666666667,0.0526709109544754,0.09480804204940796
63.9,0.052892982959747314,0.09566418826580048
63.93333333333333,0.05280892550945282,0.0944361686706543
63.96666666666667,0.052997246384620667,0.09521465003490448
64.0,0.052287936210632324,0.0951356589794159
64.03333333333333,0.05238121747970581,0.09529617428779602
64.06666666666666,0.052402302622795105,0.09514278173446655
64.1,0.05307510495185852,0.09569396078586578
64.13333333333334,0.05342137813568115,0.09598857164382935
64.16666666666667,0.05313858389854431,0.09615293145179749
64.2,0.05314451456069946,0.09634928405284882
64.23333333333333,0.05299369990825653,0.09655562043190002
64.26666666666667,0.05292688310146332,0.09654781222343445
64.3,0.05282565951347351,0.09614947438240051
64.33333333333333,0.05291801691055298,0.09583312273025513
64.36666666666666,0.052766114473342896,0.0964430570602417
64.4,0.05272974073886871,0.0960787981748581
64.43333333333334,0.05269692838191986,0.09649109840393066
64.46666666666667,0.0528077632188797,0.09635643661022186
64.5,0.05283908545970917,0.09645301103591919
64.53333333333333,0.05263899266719818,0.09646542370319366
64.56666666666666,0.04851412773132324,0.09724617004394531
64.6,0.04817953705787659,0.09627459943294525
64.63333333333334,0.048045575618743896,0.09630638360977173
64.66666666666667,0.04789067804813385,0.09644055366516113
64.7,0.047761037945747375,0.09648767113685608
64.73333333333333,0.0463310182094574,0.0958925187587738
64.76666666666667,0.04356200993061066,0.0945722907781601
64.8,0.043353334069252014,0.0948328822851181
64.83333333333333,0.0433681458234787,0.09458863735198975
64.86666666666666,0.04339054226875305,0.09451448917388916
64.9,0.04349420964717865,0.094605952501297
64.93333333333334,0.04332423210144043,0.09455887973308563
64.96666666666667,0.04084959626197815,0.09654298424720764
65.0,0.039285823702812195,0.09706757962703705
65.03333333333333,0.03768719732761383,0.09679369628429413
65.06666666666666,0.03785224258899689,0.09651070833206177
65.1,0.03767301142215729,0.09631216526031494
65.13333333333334,0.03772154450416565,0.09618441760540009
65.16666666666667,0.03770804405212402,0.09625086188316345
65.2,0.03826868534088135,0.09740541875362396
65.23333333333333,0.03921513259410858,0.09934663772583008
65.26666666666667,0.03915971517562866,0.0991380363702774
65.3,0.039354294538497925,0.09930509328842163
65.33333333333333,0.03930923342704773,0.09928731620311737
65.36666666666666,0.03936251997947693,0.09917134046554565
65.4,0.03932100534439087,0.09918034076690674
65.43333333333334,0.03940281271934509,0.09922723472118378
65.46666666666667,0.039429664611816406,0.09921859204769135
65.5,0.03938302397727966,0.09930701553821564
65.53333333333333,0.03909426927566528,0.09910206496715546
65.56666666666666,0.036485642194747925,0.09889863431453705
65.6,0.03419305384159088,0.0982690155506134
65.63333333333334,0.031876906752586365,0.09584343433380127
65.66666666666667,0.03175567090511322,0.09626014530658722
65.7,0.03128333389759064,0.09671226143836975
65.73333333333333,0.030976876616477966,0.09628869593143463
65.76666666666667,0.031453460454940796,0.09677152335643768
65.8,0.0309152752161026,0.09614424407482147
65.83333333333333,0.03022243082523346,0.09365588426589966
65.86666666666666,0.03028947114944458,0.09366975724697113
65.9,0.02912791073322296,0.09156404435634613
65.93333333333334,0.028680697083473206,0.08972808718681335
65.96666666666667,0.0277603417634964,0.08816897869110107
66.0,0.02775523066520691,0.08916108310222626
66.03333333333333,0.02742619812488556,0.08831152319908142
66.06666666666666,0.027554616332054138,0.08856865763664246
66.1,0.027689293026924133,0.08812326192855835
66.13333333333334,0.027798399329185486,0.08849510550498962
66.16666666666667,0.02854160964488983,0.09046493470668793
66.2,0.02937622368335724,0.09129761159420013
66.23333333333333,0.029446452856063843,0.09101167321205139
66.26666666666667,0.02965463697910309,0.09103848040103912
66.3,0.02977612614631653,0.09140385687351227
66.33333333333333,0.029791146516799927,0.09166532754898071
66.36666666666666,0.02994626760482788,0.09184682369232178
66.4,0.029853761196136475,0.09188812971115112
66.43333333333334,0.0299338698387146,0.09202396869659424
66.46666666666667,0.029849931597709656,0.0917757898569107
66.5,0.02975134551525116,0.09155207872390747
66.53333333333333,0.029958337545394897,0.09167374670505524
66.56666666666666,0.029832452535629272,0.09169022738933563
66.6,0.02993050217628479,0.09173808991909027
66.63333333333334,0.029578357934951782,0.091157466173172
66.66666666666667,0.02992860972881317,0.09161798655986786
66.7,0.03009667992591858,0.09173557162284851
66.73333333333333,0.029761627316474915,0.09143288433551788
66.76666666666667,0.03019385039806366,0.0920979380607605
66.8,0.030151188373565674,0.09189876914024353
66.83333333333333,0.03027711808681488,0.09223945438861847
66.86666666666666,0.030133932828903198,0.09167814254760742
66.9,0.029368266463279724,0.09092454612255096
66.93333333333334,0.02785487473011017,0.08817514777183533
66.96666666666667,0.02774941921234131,0.08556987345218658
67.0,0.027838334441184998,0.08380858600139618
67.03333333333333,0.0279071182012558,0.08398942649364471
67.06666666666666,0.027783498167991638,0.08433347940444946
67.1,0.02800823748111725,0.08445602655410767
67.13333333333334,0.02789473533630371,0.08482369780540466
67.16666666666667,0.028222426772117615,0.085272416472435
67.2,0.02794182300567627,0.0852382630109787
67.23333333333333,0.028072431683540344,0.08471572399139404
67.26666666666667,0.028026297688484192,0.08512765169143677
67.3,0.028224319219589233,0.0850694477558136
67.33333333333333,0.02816520631313324,0.08471499383449554
67.36666666666666,0.028045862913131714,0.08439655601978302
67.4,0.027972623705863953,0.08450792729854584
67.43333333333334,0.028191953897476196,0.0847349464893341
67.46666666666667,0.028188630938529968,0.08503025770187378
67.5,0.02829444408416748,0.08480355143547058
67.53333333333333,0.02807074785232544,0.08408313989639282
67.56666666666666,0.028106585144996643,0.08386978507041931
67.6,0.027900919318199158,0.08203822374343872
67.63333333333334,0.028148800134658813,0.07968832552433014
67.66666666666667,0.02785131335258484,0.07870073616504669
67.7,0.027785614132881165,0.07939276099205017
67.73333333333333,0.028217852115631104,0.0792107880115509
67.76666666666667,0.028090044856071472,0.0794687271118164
67.8,0.02837945520877838,0.07936035096645355
67.83333333333333,0.028315186500549316,0.07952992618083954
67.86666666666666,0.028410762548446655,0.07940156757831573
67.9,0.028229311108589172,0.07938611507415771
67.93333333333334,0.028371796011924744,0.07920821011066437
67.96666666666667,0.02846565842628479,0.0792693942785263
68.0,0.028498977422714233,0.07938970625400543
68.03333333333333,0.02854706346988678,0.07940858602523804
68.06666666666666,0.028470143675804138,0.07963339984416962
68.1,0.0283316969871521,0.07960817217826843
68.13333333333334,0.028432518243789673,0.07983583211898804
68.16666666666667,0.028319984674453735,0.0794624388217926
68.2,0.02852921187877655,0.07963438332080841
68.23333333333333,0.028399914503097534,0.07988221943378448
68.26666666666667,0.02848018705844879,0.0798335075378418
68.3,0.02855980396270752,0.07979676127433777
68.33333333333333,0.028566256165504456,0.07995140552520752
68.36666666666666,0.029085710644721985,0.0780225396156311
68.4,0.02933637797832489,0.07716530561447144
68.43333333333334,0.030659466981887817,0.0753583312034607
68.46666666666667,0.03219316899776459,0.07473056018352509
68.5,0.03191804885864258,0.07492336630821228
68.53333333333333,0.03166744112968445,0.07481575012207031
68.56666666666666,0.03141090273857117,0.0748327374458313
68.6,0.03115701675415039,0.07489767670631409
68.63333333333334,0.031029045581817627,0.07506045699119568
68.66666666666667,0.03104570508003235,0.07513134181499481
68.7,0.031196624040603638,0.07502004504203796
68.73333333333333,0.03167831897735596,0.07451364398002625
68.76666666666667,0.03183552622795105,0.07452042400836945
68.8,0.03205685317516327,0.07432340085506439
68.83333333333333,0.03198951482772827,0.0742974728345871
68.86666666666666,0.03207017481327057,0.07423876225948334
68.9,0.031993746757507324,0.07420934736728668
68.93333333333334,0.032103538513183594,0.07422637939453125
68.96666666666667,0.032582610845565796,0.07433409988880157
69.0,0.03397892415523529,0.07379722595214844
69.03333333333333,0.035550445318222046,0.07361102104187012
69.06666666666666,0.035929709672927856,0.07373425364494324
69.1,0.03587183356285095,0.0738348513841629
69.13333333333334,0.03578464686870575,0.07402586936950684
69.16666666666667,0.035472095012664795,0.07408589124679565
69.2,0.035479411482810974,0.07395386695861816
69.23333333333333,0.03548304736614227,0.07393600046634674
69.26666666666667,0.03534744679927826,0.07387256622314453
69.3,0.03653514385223389,0.0729636698961258
69.33333333333333,0.037310823798179626,0.07201959192752838
69.36666666666666,0.03707323968410492,0.07194511592388153
69.4,0.03750962018966675,0.07177278399467468
69.43333333333334,0.03752979636192322,0.07191267609596252
69.46666666666667,0.03793606162071228,0.07217828929424286
69.5,0.0381443053483963,0.07182078063488007
69.53333333333333,0.038261041045188904,0.07156753540039062
69.56666666666666,0.03835926949977875,0.07127626240253448
69.6,0.039074838161468506,0.07111181318759918
69.63333333333334,0.03951805830001831,0.07053804397583008
69.66666666666667,0.04176187515258789,0.07070586085319519
69.7,0.042274415493011475,0.07079075276851654
69.73333333333333,0.042504921555519104,0.07024064660072327
69.76666666666667,0.0428934246301651,0.07054463028907776
69.8,0.04296943545341492,0.07041677832603455
69.83333333333333,0.043031901121139526,0.07012329995632172
69.86666666666666,0.043063610792160034,0.07020756602287292
69.9,0.043198853731155396,0.07031272351741791
69.93333333333334,0.04326052963733673,0.07031270861625671
69.96666666666667,0.04326796531677246,0.0702052116394043
70.0,0.04331153631210327,0.07048344612121582
70.03333333333333,0.04348243772983551,0.07062044739723206
70.06666666666666,0.043585583567619324,0.0707101821899414
70.1,0.04352511465549469,0.07064449787139893
70.13333333333334,0.0434478223323822,0.0704217404127121
70.16666666666667,0.0437234491109848,0.07046808302402496
70.2,0.04373648762702942,0.07056781649589539
70.23333333333333,0.043760329484939575,0.0707111656665802
70.26666666666667,0.043787881731987,0.07053317129611969
70.3,0.04378323256969452,0.07038412988185883
70.33333333333333,0.04371704161167145,0.07058358192443848
70.36666666666666,0.043761447072029114,0.0706094354391098
70.4,0.04395607113838196,0.07072263956069946
70.43333333333334,0.04425078630447388,0.07140590250492096
70.46666666666667,0.04445534944534302,0.07142499089241028
70.5,0.04444839060306549,0.07137235999107361
70.53333333333333,0.04481108486652374,0.07170659303665161
70.56666666666666,0.04472470283508301,0.0716632604598999
70.6,0.0446268767118454,0.07168598473072052
70.63333333333334,0.04481630027294159,0.07191447913646698
70.66666666666667,0.04523356258869171,0.07207663357257843
70.7,0.04565043747425079,0.07207421958446503
70.73333333333333,0.04615110158920288,0.07240581512451172
70.76666666666667,0.046915292739868164,0.07280272245407104
70.8,0.04738780856132507,0.07272537052631378
70.83333333333333,0.04829414188861847,0.07323215901851654
70.86666666666666,0.04704974591732025,0.07406190037727356
70.9,0.04861751198768616,0.073332279920578
70.93333333333334,0.04963071644306183,0.07287721335887909
70.96666666666667,0.05026470124721527,0.0732627809047699
71.0,0.0507962703704834,0.07333587110042572
71.03333333333333,0.05066320300102234,0.07372601330280304
71.06666666666666,0.050679802894592285,0.0739547610282898
71.1,0.0501890629529953,0.07400542497634888
71.13333333333334,0.05020327866077423,0.0743541270494461
71.16666666666667,0.04784034192562103,0.07590748369693756
71.2,0.04801720380783081,0.07695305347442627
71.23333333333333,0.04965025186538696,0.07680635154247284
71.26666666666667,0.053470805287361145,0.07708467543125153
71.3,0.05338078737258911,0.0776248425245285
71.33333333333333,0.05400308966636658,0.07811973989009857
71.36666666666666,0.054127976298332214,0.07790113985538483
71.4,0.053998082876205444,0.07859137654304504
71.43333333333334,0.053972914814949036,0.08017764985561371
71.46666666666667,0.053833797574043274,0.08078493177890778
71.5,0.05338515341281891,0.0809461772441864
71.53333333333333,0.05388537049293518,0.08072733879089355
71.56666666666666,0.05396752059459686,0.08067980408668518
71.6,0.05388784408569336,0.08059248328208923
71.63333333333334,0.053876444697380066,0.08053585886955261
71.66666666666667,0.054138049483299255,0.08071523904800415
71.7,0.05420674383640289,0.08068768680095673
71.73333333333333,0.054195210337638855,0.08065947890281677
71.76666666666667,0.05422569811344147,0.08040718734264374
71.8,0.05430200695991516,0.08033765852451324
71.83333333333333,0.05419783294200897,0.08045840263366699
71.86666666666666,0.05401349067687988,0.08064167201519012
71.9,0.053984418511390686,0.08083359897136688
71.93333333333334,0.054034098982810974,0.08084692060947418
71.96666666666667,0.05392619967460632,0.08101409673690796
72.0,0.054735422134399414,0.0821063220500946
72.03333333333333,0.054247766733169556,0.08313974738121033
72.06666666666666,0.05474230647087097,0.08322945237159729
72.1,0.05476851761341095,0.08358632028102875
72.13333333333334,0.05480152368545532,0.08349616825580597
72.16666666666667,0.05491623282432556,0.08342541754245758
72.2,0.05486482381820679,0.08361300826072693
72.23333333333333,0.054937541484832764,0.08369371294975281
72.26666666666667,0.0547872930765152,0.08380548655986786
72.3,0.054620906710624695,0.08347450196743011
72.33333333333333,0.05477157235145569,0.08402174711227417
72.36666666666666,0.05472108721733093,0.08441613614559174
72.4,0.0549134761095047,0.08559304475784302
72.43333333333334,0.05485241115093231,0.08518420159816742
72.46666666666667,0.05478353798389435,0.08544866740703583
72.5,0.054471731185913086,0.08525606989860535
72.53333333333333,0.05430889129638672,0.08565793931484222
72.56666666666666,0.0545220822095871,0.08558587729930878
72.6,0.05449347198009491,0.08518959581851959
72.63333333333334,0.054410308599472046,0.08519165217876434
72.66666666666667,0.05434899032115936,0.08510732650756836
72.7,0.05450192093849182,0.0853128731250763
72.73333333333333,0.0545821338891983,0.0855490118265152
72.76666666666667,0.054517269134521484,0.08555431663990021
72.8,0.05464576184749603,0.08600646257400513
72.83333333333333,0.05589205026626587,0.08845749497413635
72.86666666666666,0.05527733266353607,0.08930210769176483
72.9,0.05519205331802368,0.08926451206207275
72.93333333333334,0.055256009101867676,0.08983239531517029
72.96666666666667,0.05501978099346161,0.089830681681633
73.0,0.055026307702064514,0.09054234623908997
73.03333333333333,0.054821863770484924,0.09051617980003357
73.06666666666666,0.05460982024669647,0.09077569842338562
73.1,0.054554298520088196,0.09074842929840088
73.13333333333334,0.054457470774650574,0.09095552563667297
73.16666666666667,0.05357074737548828,0.09059035778045654
73.2,0.052928656339645386,0.09231328964233398
73.23333333333333,0.052659884095191956,0.09213362634181976
73.26666666666667,0.05276583135128021,0.09221073985099792
73.3,0.05278901755809784,0.09230829775333405
73.33333333333333,0.05300082266330719,0.09244552254676819
73.36666666666666,0.05184759199619293,0.09306015074253082
73.4,0.05175049602985382,0.09335297346115112
73.43333333333334,0.051621049642562866,0.09330382943153381
73.46666666666667,0.05159483850002289,0.09351298213005066
73.5,0.05150343477725983,0.09375181794166565
73.53333333333333,0.051301807165145874,0.0937080979347229
73.56666666666666,0.05123645067214966,0.09379616379737854
73.6,0.05130988359451294,0.09392017126083374
73.63333333333334,0.05134877562522888,0.09423477947711945
73.66666666666667,0.051419079303741455,0.09442046284675598
73.7,0.05133835971355438,0.0943099707365036
73.73333333333333,0.05120849609375,0.0944901555776596
73.76666666666667,0.05100223422050476,0.09451773762702942
73.8,0.047330066561698914,0.09537242352962494
73.83333333333333,0.0461241751909256,0.09491372108459473
73.86666666666666,0.04622247815132141,0.09494715929031372
73.9,0.04618576169013977,0.09509824216365814
73.93333333333334,0.04631316661834717,0.09515705704689026
73.96666666666667,0.04627437889575958,0.09488904476165771
74.0,0.046188950538635254,0.09501191973686218
74.03333333333333,0.04622901976108551,0.09465526044368744
74.06666666666666,0.046119049191474915,0.09470167756080627
74.1,0.04613502323627472,0.09449340403079987
74.13333333333334,0.046121761202812195,0.09312798082828522
74.16666666666667,0.04585443437099457,0.09136621654033661
74.2,0.04397432506084442,0.08973667025566101
74.23333333333333,0.04346175491809845,0.09062448143959045
74.26666666666667,0.042007654905319214,0.09175990521907806
74.3,0.04160065948963165,0.09310074150562286
74.33333333333333,0.04147884249687195,0.09351928532123566
74.36666666666666,0.04135359823703766,0.09369823336601257
74.4,0.04132646322250366,0.09425756335258484
74.43333333333334,0.041221871972084045,0.09417644143104553
74.46666666666667,0.04108710587024689,0.09423089027404785
74.5,0.04103647172451019,0.09392653405666351
74.53333333333333,0.04095877707004547,0.09397071599960327
74.56666666666666,0.04047857224941254,0.09341871738433838
74.6,0.03752465546131134,0.09270952641963959
74.63333333333334,0.037478238344192505,0.09233763813972473
74.66666666666667,0.03755997121334076,0.09248438477516174
74.7,0.03752070665359497,0.09227250516414642
74.73333333333333,0.03758901357650757,0.09211589395999908
74.76666666666667,0.037657201290130615,0.09198194742202759
74.8,0.03770652413368225,0.0916324108839035
74.83333333333333,0.03755098581314087,0.09186512231826782
74.86666666666666,0.03755202889442444,0.09126417338848114
74.9,0.0374506413936615,0.0915968120098114
74.93333333333334,0.03731927275657654,0.09176120162010193
74.96666666666667,0.03739616274833679,0.09212036430835724
75.0,0.03698529303073883,0.09174962341785431
75.03333333333333,0.0367635041475296,0.09210647642612457
75.06666666666666,0.036987677216529846,0.09174774587154388
75.1,0.03683494031429291,0.09213034808635712
75.13333333333334,0.03704158961772919,0.0916355550289154
75.16666666666667,0.03685489296913147,0.09202618896961212
75.2,0.037086740136146545,0.091496542096138
75.23333333333333,0.03650331497192383,0.09195250272750854
75.26666666666667,0.03710205852985382,0.09135645627975464
75.3,0.03672605752944946,0.0908115804195404
75.33333333333333,0.037344276905059814,0.08971372246742249
75.36666666666666,0.03781557083129883,0.08918015658855438
75.4,0.038103148341178894,0.0891602486371994
75.43333333333334,0.03799346089363098,0.08924943208694458
75.46666666666667,0.0379762202501297,0.09009666740894318
75.5,0.037831321358680725,0.09060163795948029
75.53333333333333,0.03804031014442444,0.08963674306869507
75.56666666666666,0.038269951939582825,0.08634483814239502
75.6,0.037983253598213196,0.08131608366966248
75.63333333333334,0.03933195769786835,0.07747091352939606
75.66666666666667,0.0412079393863678,0.07488086819648743
75.7,0.040997639298439026,0.07519617676734924
75.73333333333333,0.040985748171806335,0.0756884217262268
75.76666666666667,0.04098270833492279,0.07603725790977478
75.8,0.04070691764354706,0.07605655491352081
75.83333333333333,0.040325745940208435,0.07678927481174469
75.86666666666666,0.04014785587787628,0.07684828341007233
75.9,0.040201663970947266,0.077206090092659
75.93333333333334,0.04015694558620453,0.07750894129276276
75.96666666666667,0.04018649458885193,0.077723428606987
76.0,0.040304020047187805,0.07772357761859894
76.03333333333333,0.0404292494058609,0.07801233232021332
76.06666666666666,0.040466830134391785,0.07801806926727295
76.1,0.04099142551422119,0.07557836174964905
76.13333333333334,0.04108022153377533,0.07531045377254486
76.16666666666667,0.041005536913871765,0.07480746507644653
76.2,0.040792256593704224,0.07497735321521759
76.23333333333333,0.04065556824207306,0.07510502636432648
76.26666666666667,0.04055677354335785,0.07542978227138519
76.3,0.04052603244781494,0.07557666301727295
76.33333333333333,0.04051515460014343,0.07556462287902832
76.36666666666666,0.0406356155872345,0.07576653361320496
76.4,0.040695205330848694,0.07602384686470032
76.43333333333334,0.040549322962760925,0.07642775774002075
76.46666666666667,0.04060471057891846,0.07620273530483246
76.5,0.04064600169658661,0.07606005668640137
