Time,X,Y,Deception Probability
0.06666666666666667,0.08347155880367137,0.20818069688063098,0.0
0.1,0.014389631705245598,0.13172309463201048,2.0834539705143923e-26
0.13333333333333333,0.00017026255855789047,0.0855415836129727,0.010422127232551533
0.16666666666666666,0.006802439382591606,0.01650481623303879,0.06917663341615801
0.2,0.004771875402145594,0.03947143595600636,0.7628659570516502
0.23333333333333334,0.0013720498616053654,0.003546672434513044,0.8830935850785862
0.26666666666666666,0.001166875924427217,0.39762965328379135,3.0853911680105095e-99
0.3,0.12735616821705256,0.4015805133900779,0.0
0.3333333333333333,0.0009580918799745439,0.001454830443396032,0.9049522909105887
0.36666666666666664,0.0008862022361123943,0.06424800810685873,0.7883934392694956
0.4,0.006710071719063909,0.11254737821705722,2.749249379101457e-07
0.43333333333333335,0.030018705836925237,0.0687823182671452,1.0510978720385578e-90
0.4666666666666667,0.013790692954821647,0.06068874901081941,3.178847108257981e-16
0.5,0.004648094829127302,0.040636803419000174,0.7024312711436849
0.5333333333333333,0.0012385858700662872,0.05361178689627483,0.7894732343592918
0.5666666666666667,0.006194818820878496,0.08461629903114681,0.0008892523079787912
0.6,0.02172175503271565,0.1569536616578985,6.522031003138488e-56
0.6333333333333333,0.00039995576161164795,0.017917091339057483,0.9991964664904617
0.6666666666666666,0.0011932690385646916,0.019203490717391945,0.9996368695687085
0.7,0.0025132405810254694,0.03956015587535501,0.9994071788613578
0.7333333333333333,0.00032479288871877876,0.030584059790969342,0.9997332820946457
0.7666666666666667,0.001835895932192825,0.016215099900880877,0.999627178799222
0.8,0.003137171320404812,0.034386111883473264,0.9992941645317246
0.8333333333333334,0.0007896023830314969,0.029510739182899585,0.999613455522046
0.8666666666666667,1.7145639754637445e-05,0.0455812094773379,0.9986892161428413
0.9,0.0016927119625871204,0.018267758184297773,0.999636432542551
0.9333333333333333,0.0031328195471303356,0.035924467651721005,0.9992626880286088
0.9666666666666667,0.0007189082085711833,0.020494772253297284,0.9998592329453766
1.0,0.000103521024440053,0.009369203812488253,0.9999847971203644
1.0333333333333334,0.00031622419112007407,0.01350738703270298,0.9999860716767695
1.0666666666666667,4.644042505570587e-05,0.04327358266089126,0.9989049325139581
1.1,0.0017590573277697903,0.0454679126587623,0.9993002187035991
1.1333333333333333,2.5325051429687798e-05,0.01808741181057359,0.9999624287630046
1.1666666666666667,0.0003888397474895746,0.011122987446171538,0.9999865266234329
1.2,0.0008265498726081603,0.005521345538429778,0.9998261300219999
1.2333333333333334,0.0005888116680376164,0.02113611911057179,0.99992125530031
1.2666666666666666,0.0017158356484067955,0.04327889349077356,0.9994108959383059
1.3,3.9584313211937234e-05,0.02854793763997025,0.9997441922831337
1.3333333333333333,0.0008683093314581275,0.007163612876656757,0.9997753389995911
1.3666666666666667,0.0005593164752525786,0.04497567497598113,0.9988227287451884
1.4,0.00361861412396301,0.06346514085928219,0.9883811353704799
1.4333333333333333,7.468788487211186e-05,0.03494392302519357,0.9991694254508009
1.4666666666666666,0.0013695553894028888,0.00808885417360963,0.9994750952959917
1.5,0.0018988245532528443,0.0468624725787162,0.9992280619169832
1.5333333333333334,3.06415067299647e-05,0.003923631383162606,0.999973442699906
1.5666666666666667,7.612250235803091e-05,0.0007285605709516367,0.9999681744237401
1.6,8.685266130750096e-05,0.027801461124409853,0.9998102266739484
1.6333333333333333,0.0010168293729469213,0.023243413082822423,0.9996448263293194
1.6666666666666667,0.00016950824072240123,0.04695629518204765,0.998708804366298
1.7,0.002614572164672956,0.018296122647333105,0.9995360378811884
1.7333333333333334,0.0013162970618210766,0.016623674420125134,0.9996342744040145
1.7666666666666666,0.0005191933276352764,0.009744752532155702,0.9999796583665395
1.8,0.00022121764980835432,0.014418040094857951,0.9999854688558883
1.8333333333333333,0.0007064281213783773,0.0124851668103549,0.9999360647210266
1.8666666666666667,0.00027034725240565567,0.011969860608953246,0.9999829695256734
1.9,4.518741152667878e-05,0.030756853366863877,0.9878548308683657
1.9333333333333333,0.0010042639536188814,0.3052836423927124,3.344756896091425e-55
1.9666666666666666,0.07809498580744406,0.2107424469550887,0.0
2.0,0.20294251395372512,0.017416271392322148,0.0
2.033333333333333,0.19040448460853088,0.3833723633405953,0.0
2.066666666666667,0.015678715922823983,0.12579552380077608,6.0442605524361e-28
2.1,0.0005344398864380294,0.02221284459304561,0.9975449631680232
2.1333333333333333,0.0016932449378289347,0.0331446078613861,0.9996050524545865
2.1666666666666665,0.00020292711357897353,0.007818478418797986,0.9999873853189306
2.2,0.000424125643671909,0.009390701035744454,0.9999857027436315
2.2333333333333334,0.000168196975406562,0.004421264608106744,0.9999840127352536
2.2666666666666666,8.792605834921051e-05,0.00767619925574891,0.99998360683434
2.3,0.00024370547442068122,0.005235975181955987,0.999986337283757
2.3333333333333335,0.0003945789874701639,0.017107835730920125,0.9999777413162337
2.3666666666666667,3.567982598781896e-05,0.04833551388364828,0.9984296965247742
2.4,0.0020438014742257243,0.03274599227520272,0.9996014978138362
2.433333333333333,0.0003470218583246842,0.006637934383176702,0.9999867456741235
2.466666666666667,0.00017523286290728942,0.0072299466621907294,0.9999867332542285
2.5,5.424394041543605e-05,0.010658337071627883,0.9999817803804909
2.533333333333333,0.0002566506789655464,0.011091038811483574,0.9999881017809714
2.566666666666667,0.0006262674314485265,0.016098679435764852,0.9999511932979773
2.6,0.00014293749541624236,0.009353381498087534,0.9999863971877183
2.6333333333333333,0.0003822300001372722,0.01632599868752365,0.9999796820402053
2.6666666666666665,0.0010761177068778721,0.03993833344309242,0.997614284378132
2.7,0.0042537527957813015,0.07431136677964124,0.886408099401906
2.7333333333333334,2.403996736889168e-05,0.053179066281198714,0.9889506647024234
2.7666666666666666,0.0023107431308364394,0.05464134419869949,0.9977801143735523
2.8,1.379736869089589e-05,0.009378133990049699,0.9999769318624667
2.8333333333333335,0.00012845469492945715,0.00952661350079456,0.9999859035972278
2.8666666666666667,1.2914863369738848e-05,0.014468990596493236,0.9999736136440047
2.9,0.00023548574550569265,0.026171399679245224,0.9998981559370547
2.933333333333333,0.001338816574097657,0.027702240954476133,0.99966568625453
2.966666666666667,0.00019889433992589694,0.001943711812594555,0.999980048411855
3.0,0.0002459825015347522,0.010901995624406574,0.9999881142081593
3.033333333333333,4.665640535322376e-05,0.004834442585289018,0.9999776230954749
3.066666666666667,0.00011575033771214215,0.018156658472382396,0.9999732062466861
3.1,0.0006501943647117849,0.01606697321874404,0.9999438334947323
3.1333333333333333,0.00015512766156035055,0.002300151860966424,0.9999795449039329
3.1666666666666665,0.00011203611198283472,0.0013501613876898632,0.9999742372646228
3.2,0.00013651323662045462,0.007148311667619034,0.999985528450574
3.2333333333333334,0.00030587383029307574,0.008740556667304653,0.9999882047290951
3.2666666666666666,0.00010798040929765499,0.0019708338675441983,0.9999758658052229
3.3,7.723280954897966e-05,0.026310617803213976,0.9998590083372894
3.3333333333333335,0.0009088237460158352,0.024215091268861063,0.9996727721078509
3.3666666666666667,0.00011002783850611754,0.007184741947119393,0.9999842903450167
3.4,2.164047212153211e-05,0.0009460943924389954,0.9999616681559869
3.433333333333333,1.5052365387615202e-05,0.0045767693322205675,0.999973706750163
3.466666666666667,5.777271200328637e-05,0.011052550709284015,0.999981873005386
3.5,0.00027476322051719746,0.008013595138825482,0.9999881545965207
3.533333333333333,0.00010136628262927733,0.006252536536491809,0.9999833126667823
3.566666666666667,2.487686413500979e-05,0.019398853596384408,0.999955441045652
3.6,0.0004300955398211268,0.01808682403314789,0.9999737358659612
3.6333333333333333,3.664451661738398e-05,0.004176165585224336,0.9999753264989402
3.6666666666666665,8.925674236128116e-05,0.004424225176045428,0.999980252769439
3.7,3.42458215201128e-05,0.022012125786511447,0.9999329876271765
3.7333333333333334,0.0005627937640652517,0.008298343031397775,0.9999746123961271
3.7666666666666666,0.0009278991843121756,0.011534559462045768,0.9997241324906084
3.8,0.0004450704777820425,0.00632368239253287,0.999983289684235
3.8333333333333335,0.0002547519400132964,0.00987880353926122,0.999988331454781
3.8666666666666667,6.302153096074119e-05,0.01285170848596187,0.9999809354229144
3.9,0.000337600867523483,0.0031041067834303967,0.999982961931522
3.933333333333333,0.0004366632491806127,0.02102227224465126,0.9999576135503279
3.966666666666667,1.4639608394701073e-05,0.023038071602259597,0.9999115175581851
4.0,0.0005077162500876938,0.008046921446011338,0.9999804259520152
4.033333333333333,0.00025594232243943615,0.0005152443500692739,0.9999530106087154
4.066666666666666,0.00024263734933560252,0.06227944223161324,0.9676167976370595
4.1,0.004372626244043061,0.07598980123724432,0.8211620309746395
4.133333333333334,1.9760893752581835e-05,0.03312391100518727,0.9963654535525878
4.166666666666667,0.000981973682191687,0.03464231966040547,0.9995284899151677
4.2,1.0307946419489748e-05,0.0016193888141534476,0.9999625043155316
4.233333333333333,3.561106685374381e-06,0.023226582978876472,0.9999037226809294
4.266666666666667,0.00043072207669881573,0.0011222345847944262,0.9999737012478647
4.3,0.0003936190547223073,0.012692154978601164,0.9999856100892782
4.333333333333333,9.090660022098045e-05,0.008781075105498406,0.9999841526114933
4.366666666666666,0.0002777365266231142,0.0002462694081140709,0.999975685274898
4.4,0.0002845457866678894,0.0015127897685073494,0.9993470445651031
4.433333333333334,0.0002445295773891493,0.09448230331953875,0.017462930608304474
4.466666666666667,0.008523282137949985,0.17518127781034568,1.34448900811669e-21
4.5,0.05498922241624083,0.027985303170120993,1.245826443e-314
4.533333333333333,0.044851802097216044,0.19001181595951108,8.00369964753279e-225
4.566666666666666,0.0033143029308681155,0.02841745328167854,0.562993541920026
4.6,0.0011904969594513026,0.3663390016070922,5.325415477056388e-83
4.633333333333334,0.11010400334114732,0.02436120983175978,0.0
4.666666666666667,0.09737214271540955,0.138430991541986,0.0
4.7,0.03987796402476282,0.08820712624813623,1.0683809712475017e-164
4.733333333333333,0.016410810847908384,0.06230643504261059,1.9480769579162137e-24
4.766666666666667,0.006011676072121364,0.039385387796058303,0.31233571992240194
4.8,0.002076384310692617,0.011855348982613206,0.9883490314690577
4.833333333333333,0.003046173165376001,0.06073942941165229,0.9933592651632059
4.866666666666666,3.4693182853409234e-05,0.04592621167682563,0.9984216040721586
4.9,0.0018636455846543665,0.028804332171394595,0.9996451535638966
4.933333333333334,0.0003916098283786838,0.00765700139096949,0.9999862550956661
4.966666666666667,0.00018417422180590313,0.008632024916094742,0.9999868167538327
5.0,4.303573050508537e-05,0.0476789961797615,0.9985147555858154
5.033333333333333,0.002048657058131669,0.03646845221038116,0.9995484371446977
5.066666666666666,0.000245262211587431,0.0040637128187959925,0.9999847749363072
5.1,0.00015274962410138316,0.006438346663255419,0.9999856134216188
5.133333333333334,5.082482595569552e-05,0.015762586617402364,0.99997491879716
5.166666666666667,0.00039710042171930195,0.00032220273971319614,0.9999729303661744
5.2,0.00040771922429719493,0.004162100388804955,0.9999825530333927
5.233333333333333,0.0005556998076077055,0.018496089105128483,0.9999555488341667
5.266666666666667,7.32231972296448e-05,0.0025806571634266395,0.9999748808485367
5.3,4.1711228297729944e-05,0.01515640632206848,0.9999754353664136
5.333333333333333,0.00035212554898438454,0.003729622931068406,0.9999837127450864
5.366666666666666,0.00047503320772787465,0.016501036099227928,0.9999751592779274
5.4,7.052971780585358e-05,0.005375445930538844,0.9999804218684639
5.433333333333334,0.00016294751116677783,0.0039514767974755385,0.9999831491096359
5.466666666666667,0.00025522051177675884,0.0004726799313604203,0.9999768718699439
5.5,0.00024301049674819964,0.0242067898191201,0.9999221077902345
5.533333333333333,0.001241759245958421,0.0317575347087914,0.9936693296734195
5.566666666666666,8.948457004236605e-05,0.08116768049674579,0.4895929100624767
5.6,0.005675978748752543,0.0646981045406129,0.4158558574230517
5.633333333333334,0.0005211024921990277,0.004217518220727854,0.9994827132227286
5.666666666666667,0.0006892637856437174,0.029313253095122106,0.9996641701530031
5.7,6.004410150073985e-06,0.006112047440408304,0.9999750888793317
5.733333333333333,5.508003488052466e-05,0.006656739504454838,0.9999807204897903
5.766666666666667,0.00016457814821682667,0.001987841920554838,0.9999791920836567
5.8,0.00020867245577945736,0.008027412766431019,0.9999873895425707
5.833333333333333,6.28195941576512e-05,0.03812515080876521,0.9992222072848195
5.866666666666666,0.0015111339740070335,0.025123142492162725,0.9996698406698002
5.9,0.00034151091493033923,0.017928818054765552,0.9999779622057765
5.933333333333334,0.0010912743391352057,0.013701070846312943,0.9996103550759984
5.966666666666667,0.00048010891249295075,0.01912535237305412,0.9999631016166912
6.0,4.0748269175748704e-05,0.037566245578364243,0.9992300197544888
6.033333333333333,0.0013599931140356749,0.01823390640867002,0.9995246256290924
6.066666666666666,0.002670787612528924,0.028263617507894266,0.9893128489611567
6.1,0.005568302465318596,0.07690015262052302,0.27958693140640833
6.133333333333334,0.00014897880926273223,0.0667994101529256,0.7317012561958854
6.166666666666667,0.004412081042638674,0.05969332741714109,0.881658708963868
6.2,0.0003230484217148903,0.04024088377428581,0.9965117290727767
6.233333333333333,0.0025640287420392108,0.027459832932289645,0.9995399869136585
6.266666666666667,0.0008035471234517122,0.01190783414836103,0.9998716283083573
6.3,0.0003489094726095761,0.0009016896800862792,0.9999771641257116
6.333333333333333,0.00037690860627623464,0.009252507138358153,0.9999871722343087
6.366666666666666,0.0001416324764333513,0.002204733047791066,0.9999786908716816
6.4,0.00018751823400627092,0.0020965383896122854,0.9999802910474969
6.433333333333334,0.00023711765806381252,0.017053406653831746,0.9999811219294545
6.466666666666667,0.0008551404290390853,0.022288591791061765,0.9997211653506209
6.5,0.00012430427770397445,0.007052951306774107,0.9999848758141097
6.533333333333333,0.0002848401752212474,0.013316739587903952,0.9999868529476074
6.566666666666666,0.0007666567349083735,0.018566282502124328,0.9998535869055128
6.6,0.000159169686411089,0.008523076056916226,0.9999866878874167
6.633333333333334,0.00038170702246968064,0.026841862754081097,0.9998744015439196
6.666666666666667,0.0017077926945859342,0.007152602488744642,0.9994660457515459
6.7,0.00222157422430583,0.0452003670800655,0.9992613518853685
6.733333333333333,0.00010909401173036566,0.00536280892287793,0.9999823799068358
6.766666666666667,0.00021907232911958728,0.021165010773800425,0.9999638303117839
6.8,0.0010228664946092115,0.009829462391289314,0.9995957768499562
6.833333333333333,0.0005760706630858762,0.020219578091967772,0.9999353169407382
6.866666666666666,0.0016333585175181966,0.012801857380849426,0.9994315250374056
6.9,0.0009013052862760394,0.0018510273275986768,0.9866960145534369
6.933333333333334,0.0009939649314540065,0.6114352270895272,8.327114881225615e-251
6.966666666666667,0.2785275160319089,0.3454733736427708,0.0
7.0,0.06119493897804067,0.20807462872747018,0.0
7.033333333333333,0.006162944822748519,0.07283110517202873,0.009804334939223574
7.066666666666666,0.00037605844465636606,0.011168407025879996,0.9995670300928383
7.1,0.0001065804477747046,0.0025528626653951846,0.9999770365319838
7.133333333333334,6.803093511741698e-05,0.028450538202876005,0.9997708332395268
7.166666666666667,0.0009824163738318598,0.013482028757856377,0.9995499186745485
7.2,0.001788326310381449,0.024208947654411946,0.9891735324775616
7.233333333333333,0.0005124551949107251,0.1355253925216885,1.021437934270841e-07
7.266666666666667,0.01759091795525413,0.36135346350104836,6.980356327000797e-110
7.3,0.18139054454279396,0.20997441910002757,0.0
7.333333333333333,0.06527329152898033,0.2673422640926178,0.0
7.366666666666666,0.0014833408510259041,0.026051691360579905,0.9892676025258974
7.4,0.00030161940861268843,0.022494870435174275,0.9999386933635321
7.433333333333334,0.0012693170860966201,0.026342714124733768,0.9996667931547489
7.466666666666667,0.00020289220810683752,0.0024751493722019852,0.9999813726105972
7.5,0.0001496159416762692,0.02300335326822656,0.9999425632047004
7.533333333333333,0.0009551358846425827,0.014083946205833395,0.9996954331893212
7.566666666666666,0.00037913481740686875,0.013121439579934384,0.9999854443508195
7.6,7.774716839559211e-05,0.028056847867848924,0.9997239825617722
7.633333333333334,0.0009981270541009437,0.02273253981955867,0.9887943046033107
7.666666666666667,0.00017264803397117423,0.23730241566163665,2.3921840175956904e-31
7.7,0.04232629500669408,0.06581003217958398,2.431711710281561e-184
7.733333333333333,0.023201542899009765,0.030639974752450654,9.836854031400534e-52
7.766666666666667,0.03139642890892137,0.15014611548893533,6.5267077063066215e-108
7.8,0.003061624562601385,0.027572782551938874,0.981405200622406
7.833333333333333,0.0010857710595439925,0.02252484708232278,0.9994567156041605
7.866666666666666,0.00021509728672557712,0.013097670195651709,0.9999864009020442
7.9,0.0006400858040792431,0.0211005303116546,0.9998544429824704
7.933333333333334,0.0018001527975556727,0.010230700219253699,0.9852082206499082
7.966666666666667,0.0025739865346064397,0.14693488148436906,1.3588119389655661e-09
8.0,0.02889550442949035,0.13407876256352685,1.738544064922484e-89
8.033333333333333,0.0037415580217621167,0.008840094631791423,0.9510443294359352
8.066666666666666,0.002914989388645701,0.014751068127005532,0.9985119342664749
8.1,0.001765320618737579,0.01752172637357758,0.9996306152933748
8.133333333333333,0.0007723954715687458,0.03326552097067296,0.999570741660592
8.166666666666666,5.717136909867664e-07,0.00577904430621751,0.9999738203012352
8.2,3.003636956525835e-05,0.008592999573044617,0.9999798596991253
8.233333333333333,0.00015526276432164797,0.007172446200768153,0.9999861625122013
8.266666666666667,0.0003343527915979617,0.016752303833918677,0.9999815392760485
8.3,2.192049023741536e-05,0.022733210547781216,0.9999191648716741
8.333333333333334,0.000535440880651444,0.010348192634976449,0.9999779705747623
8.366666666666667,0.0009948616501939383,0.015655806064105774,0.9996652695870912
8.4,0.0003546362823015608,0.007577417333108459,0.9999867213145405
8.433333333333334,0.00016073803220694393,0.0430112846749431,0.9990142969943392
8.466666666666667,0.0022648031437365605,0.004887708392380829,0.9993051446784007
8.5,0.0026584240224569186,0.016279956512936934,0.9994730778541123
8.533333333333333,0.0014702727933292939,0.04261655057023793,0.997106137491347
8.566666666666666,0.005319397665095122,0.06409074039170619,0.8717763749291609
8.6,0.00043746233885505383,0.0078124681210398035,0.9999185535862246
8.633333333333333,0.00021232684017648135,0.0209877378219046,0.99883847575766
8.666666666666666,0.0009991149878000123,0.10247047003346856,0.003684339542660497
8.7,0.013173327068352012,0.02805997746483405,5.346347032521761e-15
8.733333333333333,0.00846383351373748,0.001125380549776858,7.527608194250865e-06
8.766666666666667,0.00863330852026898,0.0036902603384116224,4.977898058257168e-06
8.8,0.009199438355260065,0.0013982939713043797,5.168796944948872e-07
8.833333333333334,0.009419031820841665,0.002965790692462793,2.4523755357516704e-07
8.866666666666667,0.008957024271459479,0.008257936588852372,2.007355917378485e-06
8.9,0.010271150521788838,0.0028363679393130082,6.876102279096784e-09
8.933333333333334,0.009809235006874348,0.024438794471824735,1.0542742136307571e-07
8.966666666666667,0.014132151401845787,0.016358848231187294,1.2528149028703962e-17
9.0,0.011151166997605317,0.014423623677451227,2.1285837864083412e-10
9.033333333333333,0.013761200091505818,0.031133538687826118,1.3121538555986366e-16
9.066666666666666,0.008470936286902587,0.020004220734978574,1.7134571645678238e-05
9.1,0.011723657520328043,0.05377262945613365,9.425909915225095e-11
9.133333333333333,0.00417728860567517,0.005506116849113851,0.8180449960753398
9.166666666666666,0.003619239561709798,0.03648792370830255,0.8694296435927181
9.2,0.00805975603705836,0.04821805029768796,0.025735413963677078
9.233333333333333,0.0025644242936542832,0.012295843119549392,0.9827722930900349
9.266666666666667,0.0036750766805360635,0.008232412562344622,0.9976911315857069
9.3,0.0029093034877024563,0.000992673499948163,0.9986864570904574
9.333333333333334,0.0029972084130553806,0.014681695478813993,0.9993082816648604
9.366666666666667,0.0044442664325113875,0.031678705143352144,0.9971966315893013
9.4,0.001677085721812715,0.015287835430097704,0.9995941352896593
9.433333333333334,0.0028475882598364417,0.02957208182164148,0.9994919497515475
9.466666666666667,0.0008619639283139282,0.0039979842989570176,0.9997378053032235
9.5,0.0010632264221244478,0.0010234371655171311,0.9992228687131608
9.533333333333333,0.0011182964916948662,0.000812873178945974,0.9991698135625258
9.566666666666666,0.0010744002987129945,0.013378216456580662,0.9996014520390276
9.6,0.00048035575234239955,0.0010008130184397817,0.9999681725102241
9.633333333333333,0.0005167652098147276,0.014440438008559731,0.9999759059657215
9.666666666666666,0.00012118665205415596,0.004998305561223557,0.9999829409425611
9.7,0.0002270699195926948,0.007606443568004291,0.999987777420874
9.733333333333333,7.905296171727838e-05,0.00855822582365634,0.9999834443539694
9.766666666666667,0.00025094910841640393,0.004913324323551737,0.9999860579599615
9.8,0.00014042424764892269,0.007122518112837428,0.9999856542045944
9.833333333333334,0.00031097491831404763,0.015956069730101503,0.9999786390734254
9.866666666666667,0.0009356183655733411,0.0021869253687795544,0.9909436028065655
9.9,0.0008300044775960155,0.0776826135088393,0.42110940763319954
9.933333333333334,0.008438065157649407,0.08937611547919827,9.199748173219895e-06
9.966666666666667,0.00037322995065986245,0.015278497421245596,0.9994351972267044
10.0,0.0010063202812706656,0.0076507862161250585,0.9995609956700712
10.033333333333333,0.0006507588835047992,0.03717816053488232,0.9994576379802083
10.066666666666666,0.0031010002775456523,0.0366189988957329,0.9992177143686347
10.1,0.000674118768468312,0.01295537874050508,0.9982107898036493
10.133333333333333,0.0013309032123270006,0.30268190807439616,4.058946073757398e-54
10.166666666666666,0.07959993484711657,0.050934654116826995,0.0
10.2,0.057981798876585264,0.22251337331236862,0.0
10.233333333333333,0.003624543401740536,0.06489107195334054,0.6847988050833577
10.266666666666667,5.675738822027783e-05,0.03062692885020705,0.9960638965220705
10.3,0.0010494905789527151,0.01531448587699669,0.9995882284019084
10.333333333333334,0.00039853221717050066,0.02853532656869047,0.999718977580716
10.366666666666667,0.001859831849937049,0.00815530829493062,0.9834816454310203
10.4,0.0013325297496833168,0.28586730132486327,1.310206771804447e-47
10.433333333333334,0.07209792171702994,0.06245486900718082,0.0
10.466666666666667,0.04744578188743998,0.04185687791486701,3.279970402191151e-232
10.5,0.03379983604274244,0.12107253740896563,5.09450882712441e-121
10.533333333333333,0.007324701210532967,0.022245869722873884,0.02023522031756241
10.566666666666666,0.004559896872464853,0.01694987701888906,0.9028189118647478
10.6,0.00289095780779615,0.03915315615097975,0.9971284636901215
10.633333333333333,0.00048347047852361814,0.017791502575549,0.9999669348299579
10.666666666666666,0.0013272020944327435,0.033968909511186376,0.9996174152010178
10.7,7.844438519775655e-05,0.005039843956903814,0.9999800546599589
10.733333333333333,2.266499978149837e-05,0.029685909794176946,0.9996193896242237
10.766666666666667,0.0008329701392572705,0.013818156903985484,0.9945159869479503
10.8,0.00031127392923982494,0.4002292869362898,8.410690659340751e-101
10.833333333333334,0.1172815335976556,0.18623641259555976,0.0
10.866666666666667,0.24365282495784504,0.4605533741587197,0.0
10.9,0.014360388931851218,0.0898494970088199,9.057742603413997e-20
10.933333333333334,0.0022007035567956916,0.029716327235766178,0.9855938488997951
10.966666666666667,0.0005194210886371873,0.05995873363301537,0.992083564382754
11.0,0.005105939683712218,0.04879270386826984,0.9775791621730797
11.033333333333333,0.001014628764468175,0.009502050761353374,0.9988668943394955
11.066666666666666,0.0015656432932332407,0.004323825194466662,0.9793694916435874
11.1,0.001855933656366583,0.17076575013844875,4.522372288358239e-14
11.133333333333333,0.03300526520947277,0.09940214165022902,5.188718880393742e-113
11.166666666666666,0.06882703543973158,0.1388969963428994,0.0
11.2,0.022386271105331635,0.15236031461729618,7.29107050465283e-59
11.233333333333333,0.0006741533556011655,0.06621653376953635,0.13369797671207265
11.266666666666667,0.006353377620659324,0.03491720969836428,0.033401119899693237
11.3,0.011674649280280306,0.08726983489867794,1.851819005726392e-12
11.333333333333334,0.0013852962430736934,0.003176731022756722,0.9775585728131088
11.366666666666667,0.0015841150957217611,0.0048748472955480494,0.9989708046404353
11.4,0.0019149798932732057,0.028705509873283106,0.9996490144101299
11.433333333333334,0.00041860731179489284,0.010666407839368154,0.9999856149677376
11.466666666666667,0.00013921932701190255,0.004426324266345972,0.9999829712827872
11.5,0.00023701049387643515,0.008458707536453607,0.9999876979592962
11.533333333333333,7.268632878444329e-05,0.04416987664988689,0.9988745629419232
11.566666666666666,0.0019694641475827995,0.024528280978136335,0.9996377627540699
11.6,0.004133019226563762,0.022804969358612946,0.9983307881937081
11.633333333333333,0.0020955577136012597,0.014206817443422153,0.9995686940925433
11.666666666666666,0.0011726502484080534,0.041252950505671425,0.9994513455667203
11.7,5.241348739021971e-07,0.018604090636810382,0.9999549727477987
11.733333333333333,0.00025159581036688527,0.001341709924340229,0.9999795814030283
11.766666666666667,0.0002874365654657636,0.011694075543760929,0.9999878997009495
11.8,5.562255599893133e-05,0.0062101768293937945,0.9999803254839261
11.833333333333334,0.00015631919043809542,0.006156402199696118,0.9999855074597402
11.866666666666667,5.627576024435146e-05,0.011640303493174358,0.9999813750807387
11.9,0.0002874366364468198,0.02768176358218348,0.9998587989065756
11.933333333333334,0.0015542446841678489,0.02316927557187514,0.9996691904414359
11.966666666666667,0.003390840700367322,0.024862934809464242,0.9992519921838551
12.0,0.001447753188562246,0.0007118437124991615,0.9991694106692476
12.033333333333333,0.0014038852116256962,0.035496951864602964,0.9995898864748824
12.066666666666666,7.489755861033084e-05,0.021358595984947142,0.9999482528275351
12.1,0.0006756767273696055,0.0015621158790101333,0.9999162017035687
12.133333333333333,0.0007433680762083751,0.02813015636652303,0.9996736208727888
12.166666666666666,1.9594402307843407e-05,0.027768848411125226,0.9997696909965782
12.2,0.000727463826297072,0.0034507103230362493,0.9999007687981347
12.233333333333333,0.0005840794276979871,0.0384945043942618,0.9994066470697923
12.266666666666667,0.0030705735035673684,0.042878165540606986,0.9990016169871135
12.3,0.0004247664477419,0.023708147436689572,0.999928807685578
12.333333333333334,1.8128475723303969e-06,0.027980182656750514,0.999747982143625
12.366666666666667,0.0005797085755759728,0.011432345491840912,0.9999715290119993
12.4,0.0011128124178567155,0.008414067474452528,0.9995130161466784
12.433333333333334,0.000703671443003249,0.005150815700242817,0.9999285473776577
12.466666666666667,0.0004992169246412771,0.010196261665501156,0.9999814362121979
12.5,0.00019780222969663605,0.013589192399481318,0.9999859693400373
12.533333333333333,9.151387542113807e-06,0.008722542970707622,0.9999778620526132
12.566666666666666,0.00010228865779462422,0.0034741873069440055,0.9999793600220109
12.6,5.314375985517601e-05,0.007664621679063497,0.9999813371173187
12.633333333333333,0.0001826643471928523,0.006978717583522849,0.9999864651242317
12.666666666666666,6.157403794141038e-05,0.03691365102913585,0.9992779511519363
12.7,0.0014296815407027475,0.040830721712382306,0.9994798950825033
12.733333333333333,2.1766689345154284e-05,0.020249848218774964,0.99994742884285
12.766666666666667,0.0004455312007614388,0.0069431085602222956,0.9999838469188443
12.8,0.00071534404754945,0.007667810569230954,0.9999328957670961
12.833333333333334,0.0004210466596789135,0.002328500694823645,0.9999781221460028
12.866666666666667,0.000346941249656101,0.003628095925106568,0.9999835950784043
12.9,0.0002458132482816441,0.02839631936694635,0.9998323384566716
12.933333333333334,0.0014998908328132535,0.02259773623047442,0.9996749581146246
12.966666666666667,0.00041554144639165315,0.015463916735963059,0.9999812092520342
13.0,6.129827653795978e-05,0.008146412287948945,0.9999821547217598
13.033333333333333,1.4281474550966992e-06,0.016250901359786157,0.9999671210592284
13.066666666666666,0.00020760090209426867,0.02241987075809699,0.9999535052761317
13.1,0.0010632840286289307,0.02961485456707543,0.9996380967377982
13.133333333333333,7.34065542035315e-05,0.008196151656656629,0.9999826465460107
13.166666666666666,3.6152071558676492e-06,0.028457253615342615,0.9997260600438641
13.2,0.0006256666348829558,0.01080711360173635,0.9999591333472954
13.233333333333333,0.00026369748894516877,0.05357621596786248,0.9958525841011198
13.266666666666667,0.0035669963686281777,0.032451421921301946,0.9670997810281875
13.3,0.0011144926297971878,0.23955390136047822,7.617849678945335e-32
13.333333333333334,0.051894653304162826,0.16915178326487548,3.490395558052263e-294
13.366666666666667,0.13328825299206962,0.4381767782390938,0.0
13.4,0.519413361682425,0.8032568032279568,0.0
13.433333333333334,0.004732931632739775,0.6685733762661319,2.6877061591502686e-305
13.466666666666667,0.3738070304584738,0.17191543665721526,0.0
13.5,0.2226632466375981,0.08835730479624909,0.0
13.533333333333333,0.16012823581774446,0.3185398115517562,0.0
13.566666666666666,0.02006128356711217,0.1256091493457745,1.2184078407072717e-43
13.6,0.0015755243294673924,0.011962627878856708,0.9861583960425421
13.633333333333333,0.002440830220134822,0.007156355880152251,0.9990991940214479
13.666666666666666,0.0019004011651153382,0.0217796608390077,0.9996436301510481
13.7,0.0037543541854473707,0.035965549084541054,0.9985808729340647
13.733333333333333,0.0010291546698145612,0.043171046878852946,0.9973800016863517
13.766666666666667,0.0045051790194992085,0.0327311245322332,0.9054272282280992
13.8,0.0016445789404721009,0.2732994939956026,4.854211736275713e-43
13.833333333333334,0.06883294512673759,0.25802897214087717,0.0
13.866666666666667,0.0028033585225694666,0.012930118128574251,0.9513739843851756
13.9,0.004025112699941877,0.03342165157654262,0.9193695601814375
13.933333333333334,0.0013188578625941878,0.37949768324539374,1.673391941689318e-89
13.966666666666667,0.11855003903903459,0.08499781207084081,0.0
14.0,0.07580420342075044,0.10632764022981199,0.0
14.033333333333333,0.03573215512175215,0.21224724031282613,2.293009935230661e-152
14.066666666666666,0.00028123812107019316,0.01656111934654573,0.9994115972185338
14.1,0.0009129261757454247,0.020721142341438497,0.9996955600179247
14.133333333333333,0.00017938748092073627,0.011491860267807207,0.9999868703496504
14.166666666666666,0.0005163848545985117,0.00841904757491612,0.9999799086707919
14.2,0.000252419313222787,0.01996468664124264,0.9999713756992162
14.233333333333333,0.001030064709332712,0.029968982457609785,0.9996330040417442
14.266666666666667,6.032041784699369e-05,0.012268485959444068,0.9999810695944807
14.3,0.00031430409332272244,0.014730757783508693,0.9999852515771471
14.333333333333334,3.325887725394938e-05,0.0073754767812693415,0.9999618663345812
14.366666666666667,0.00013826124622433124,0.04005170780098313,0.9734144886397567
14.4,0.0019596877503311764,0.25061184189158964,2.580258188100865e-35
14.433333333333334,0.061336703883615534,0.28713851861633355,0.0
14.466666666666667,0.00021382978660825598,0.03152668758876515,0.9892262485621437
14.5,0.0016171334224780317,0.03814425812246701,0.9994075828594519
14.533333333333333,8.558373726717304e-05,0.012646599618476514,0.9999822907088091
14.566666666666666,0.0003810141183044174,0.00089025547330563,0.999975939490708
14.6,0.0004098727164111928,0.019580465034365686,0.9999689395321087
14.633333333333333,1.8888170911537838e-05,0.0048983634674424435,0.9999748216328259
14.666666666666666,6.93505310281282e-05,0.000471570063384678,0.9999662969771437
14.7,6.306978517333049e-05,0.01108803985058849,0.9999820013782443
14.733333333333333,0.0002871491717728558,0.010897709792391125,0.9996049317395822
14.766666666666667,0.0006653060917718187,0.14235930820862241,8.526199287097235e-09
14.8,0.019974992200336977,0.134689705454168,3.5245322876221475e-46
14.833333333333334,0.06282393504931466,0.05910251517253413,0.0
14.866666666666667,0.041078243578327046,0.17986384097024277,7.677161830997869e-188
14.9,0.00321501164175747,0.00034117086909781044,0.9473058545881097
14.933333333333334,0.0032468492287565424,0.0252504893476221,0.9959650508264294
14.966666666666667,0.006002702345861109,0.027698505106270394,0.9541790442275216
15.0,0.0030243799699836977,0.011256786610534876,0.998085540057836
15.033333333333333,0.0021027140215393505,0.02770172679185812,0.9964911140645388
15.066666666666666,0.004670461276133477,0.05039752194750492,0.7337179319466827
15.1,0.01193457710083843,0.07058931350488343,3.498220666124178e-12
15.133333333333333,0.027734673886339236,0.1815605337249875,1.1415241226697844e-91
15.166666666666666,0.0003679783333280393,0.014327240908738837,0.9993070977099913
15.2,5.699798603866068e-05,0.06634763495226426,0.9886399071678483
15.233333333333333,0.003770235581609509,0.03775301633870229,0.998054926080884
15.266666666666667,0.0009461281713620413,0.028604041745451853,0.9996083993643438
15.3,0.0029135270734912647,0.034004111522901614,0.9994102806442088
15.333333333333334,0.0006957187319161482,0.023132299958246363,0.9998259028151909
15.366666666666667,5.771553998890536e-05,0.008129073461340808,0.9999818098093848
15.4,9.443577833669825e-07,0.011191111085164643,0.9999764195214906
15.433333333333334,0.00010166808547659966,0.02904704075235145,0.9997618926730946
15.466666666666667,0.0011331332252374213,0.013794485618218421,0.9996021882709386
15.5,0.0005045950302153008,0.016452892922512563,0.9999621390052835
15.533333333333333,0.0012830432220711785,0.023740752387408602,0.9890892173675238
15.566666666666666,0.0002738395526362508,0.20312424177065555,9.229582898341361e-22
15.6,0.03290721720948645,0.14258183079535033,8.572324011662548e-117
15.633333333333333,0.004314401475202062,0.02944945009595108,0.9316058044430815
15.666666666666666,0.0017455882722752479,0.032425980492332716,0.9986241867494654
15.7,0.0046375824809262245,0.04353254410724262,0.9936251211356331
15.733333333333333,0.001073626366445634,0.012622125912326872,0.9995172427192
15.766666666666667,0.0018501542776741668,0.01856556955864399,0.999640069583536
15.8,0.0033737649640474235,0.010345655900634429,0.9990019988479955
15.833333333333334,0.0024685582663930357,0.02297245050034716,0.9995945146496492
15.866666666666667,0.0009633078583633167,0.019135505496994092,0.9996620084523937
15.9,0.00024034978691203426,0.04957081237989708,0.9984566403788221
15.933333333333334,0.0031067414834864047,0.003473279010477186,0.9987710895471104
15.966666666666667,0.002800116458524314,0.029712767050649555,0.999492166470405
16.0,0.0008293455109793942,0.023770141834919316,0.9997113270065923
16.033333333333335,9.028699797739102e-05,0.0044164562523044135,0.9999801744580378
16.066666666666666,0.00017135368795801075,0.009244049196139685,0.999987201617887
16.1,3.11578164801529e-05,0.004293626177091225,0.9999749878206221
16.133333333333333,4.350400974055844e-06,0.016276565633537347,0.9999675194994739
16.166666666666668,0.0002344013356455621,0.012689566547333645,0.9999865563253112
16.2,0.0006560062441241898,0.05183628173035195,0.9984353754599896
16.233333333333334,0.00458133032295854,0.033394456146566484,0.9963201312002451
16.266666666666666,0.001646732879981847,0.01669562150663904,0.999595150079773
16.3,0.0029303878017390215,0.04216732698437889,0.9991399687753244
16.333333333333332,0.00039628970835916806,0.017445368273171835,0.9999769948980923
16.366666666666667,3.297226865454229e-05,0.02945194398631759,0.99969603116016
16.4,0.000879225237077044,0.008442831386896657,0.9997771182260159
16.433333333333334,0.0005196705354272467,0.022104793382021405,0.9999306889268724
16.466666666666665,0.001659723445723525,0.0030610729842168835,0.9993198764321702
16.5,0.0018685912048037265,0.017590307073679947,0.9996206359130919
16.533333333333335,0.0033069857217811996,0.000304302932554264,0.9982117671542778
16.566666666666666,0.0032782794060022703,0.009829040785731116,0.9989603710708204
16.6,0.00425580078423445,0.03351120146437361,0.997711017908926
16.633333333333333,0.0014467488560882477,0.024530835069701412,0.9996444759000694
16.666666666666668,0.00335799382297502,0.019680371950254544,0.9991944293655942
16.7,0.0017617107480665751,0.03150577135289173,0.9968437200527653
16.733333333333334,0.004562390873611229,0.07743514515177549,0.7580077256984098
16.766666666666666,2.20174525111656e-05,0.03895986501471052,0.9925811749284507
16.8,0.0013191076062141185,0.0034979509230711647,0.9991717427714142
16.833333333333332,0.001120738635802314,0.028993748852295224,0.9996376523632315
16.866666666666667,9.883670706808382e-05,0.001934483031043354,0.9999748717956538
16.9,7.002319268671953e-05,0.01187663858405306,0.999982071764594
16.933333333333334,0.00032442275477465976,0.031635675838932766,0.9996838070920155
16.966666666666665,0.0019088653527879803,0.02851486920551886,0.9996138304127455
17.0,0.0004220847640790894,0.026412621094756186,0.9959532966921991
17.033333333333335,0.0017626902221143058,0.20854432643338197,5.724555846678493e-23
17.066666666666666,0.044621312680296094,0.1863076235430193,4.791695478742527e-223
17.1,0.13136529091551438,0.2067297814645401,0.0
17.133333333333333,0.03789385480754587,0.02054568400373468,1.7517097076791896e-145
17.166666666666668,0.03167897463870754,0.18718522290072082,2.1383647920717045e-117
17.2,0.0006794809506253883,0.004773326488344194,0.9979618570760237
17.233333333333334,0.0004923775965908951,0.00037433528569611417,0.999960521953495
17.266666666666666,0.0005060957117060994,0.003584280854682479,0.9991462479003439
17.3,0.00038354487258133253,0.11284445762920804,0.0001625254481465601
17.333333333333332,0.012358868480974752,0.27712094370567164,1.2519918675812444e-58
17.366666666666667,0.11294865917996623,0.04243248795178744,0.0
17.4,0.09098548692570556,0.09372517789781526,0.0
17.433333333333334,0.05088171128619418,0.2527292390808955,5.188494085804771e-304
17.466666666666665,0.0004184673522085965,0.006922965277351701,0.9995017840403834
17.5,0.0002200557544461146,0.005239605625287339,0.9999858772004261
17.533333333333335,0.00036443584949069017,0.0033104841814857668,0.9999826972294532
17.566666666666666,0.0004743798034449324,0.01157975549634658,0.9999826420586417
17.6,0.00015322152121978284,0.000705069746425537,0.999974621818253
17.633333333333333,0.00013930539907087435,0.006161823127679698,0.9999849321782834
17.666666666666668,0.00028248979456291625,0.005729109221505707,0.9999868850141506
17.7,0.00014772019038120416,0.011607392852405592,0.9999858430093658
17.733333333333334,0.0004656304870203586,0.008039627597174677,0.9994458063331446
17.766666666666666,0.0007899870896015537,0.15463897012128522,6.02811914509574e-11
17.8,0.023596613531388547,0.19967013854718754,1.5592361671853041e-75
17.833333333333332,0.09964284350948573,0.350503281565286,0.0
17.866666666666667,0.0009733584683408001,0.017928069800303335,0.9893801432885888
17.9,0.0002770478834721658,0.006482314138145477,0.9999826435301786
17.933333333333334,0.00012950255384751186,0.04110140977454707,0.9991010528423356
17.966666666666665,0.002001830788658065,0.008352262099767251,0.9991752275772335
18.0,0.0026546779498937165,0.037665295180306674,0.9816066118627247
18.033333333333335,0.006739616888965355,0.07746819533641383,0.03498397146696174
18.066666666666666,0.000369392764231755,0.006882913135494731,0.9995672054820575
18.1,0.00018577203334385758,0.003965559121318596,0.9999836382041174
18.133333333333333,0.00028398097534688564,0.019151352398903372,0.9999752413650643
18.166666666666668,1.653333780513414e-06,0.015970234923342444,0.9999681400040996
18.2,0.00020362481864476717,0.007680986405421181,0.9999874842688918
18.233333333333334,6.450210330321593e-05,0.01866737749164242,0.9999659733789737
18.266666666666666,0.0005376257829582937,0.006366485590630307,0.9999761543809687
18.3,0.0003245891687855187,0.017987548103001724,0.9999786303824798
18.333333333333332,1.1616301512023567e-05,0.0004474877803039557,0.999956789337841
18.366666666666667,1.4253699448570381e-05,0.008166733857554917,0.999978154894372
18.4,0.00010839367391266821,0.007356728533621526,0.9999843147427385
18.433333333333334,1.965936933276304e-05,0.029916895254724768,0.9996557741545137
18.466666666666665,0.0008249661927532188,0.03346624177223457,0.9995717936711795
18.5,2.3763855362042136e-06,0.014579900919386938,0.9999717026623506
18.533333333333335,0.00017938357266076145,0.004220118490202095,0.9999840270850318
18.566666666666666,9.92928614485883e-05,0.0231772992812136,0.9999327040203004
18.6,0.0008282722042772108,0.011888730427144365,0.999848989869794
18.633333333333333,0.0003658595315920677,0.008054309149644617,0.9999871470834651
18.666666666666668,0.00015842862482558586,0.002806137374687067,0.9999808832734838
18.7,0.00022104990221401475,0.006381624770667719,0.9999870565571681
18.733333333333334,9.378755351991967e-05,0.006943217637501671,0.9999834409179552
18.766666666666666,1.633973374785724e-05,0.023380848176953538,0.999906071675051
18.8,0.0005302175890629384,0.002424478724326347,0.9999676999228266
18.833333333333332,0.0006248683647170729,0.009197955188446303,0.999964711602489
18.866666666666667,0.0003072617895647001,0.004060695551012369,0.9999849192454637
18.9,0.00020248672129483415,2.551940768131615e-05,0.9999741807900964
18.933333333333334,0.00020180757239789167,0.013784276415499145,0.9999852937279677
18.966666666666665,9.050534215917545e-06,0.04481310665724596,0.9987563309841065
19.0,0.0015515248514137267,0.04146451602019242,0.9994550169471161
19.033333333333335,3.283820909967734e-05,0.02521426297196891,0.9998686839651462
19.066666666666666,0.000686478488997282,0.028061540543753087,0.9997038848745425
19.1,1.1671606509531634e-05,0.02006352250800147,0.9999470485358792
19.133333333333333,0.0003884599106501632,0.003833496749707416,0.9999827875843734
19.166666666666668,0.0002753866471340589,0.018001352829880263,0.9999790826864593
19.2,3.879506194207773e-06,0.014787122312821376,0.9999717969142619
19.233333333333334,0.00019560460457319242,0.01178340991091402,0.9999871811199579
19.266666666666666,1.9494260943150537e-05,0.016475422211810673,0.9999690857706871
19.3,0.00031663437773837627,0.01203756080868145,0.999987540667773
19.333333333333332,6.431627704894887e-05,0.0005243043383792257,0.9999659309306634
19.366666666666667,7.137888353999386e-05,0.015417341010022855,0.999977582840322
19.4,0.0004395769505577668,0.015378985705724693,0.9999800719782118
19.433333333333334,0.0011189672175064694,0.02196096095862034,0.9996594952109195
19.466666666666665,0.00024410509776725184,0.015435866368287155,0.9999842240184312
19.5,9.523635861332016e-06,0.004913469106963391,0.9999736736781677
19.533333333333335,5.015441203055145e-05,0.024037706655439698,0.9999058266583967
19.566666666666666,0.0007073720747848179,0.013938062972639552,0.9999306991579787
19.6,0.00023350059679671853,0.0010508499097909006,0.9999784956455471
19.633333333333333,0.00026039751511283845,1.85071523041698e-05,0.9999752768926864
19.666666666666668,0.00026098494788136836,0.006690356970014021,0.9999875512996336
19.7,0.0001149451845347462,0.0054003204608920295,0.9999831371390684
19.733333333333334,0.00022825003772791554,0.005777226872033034,0.9999866854208999
19.766666666666666,0.0001084781478224043,0.0051685002116301495,0.9999825262092242
19.8,0.00021356477991029467,0.011816615147995365,0.9999872381172619
19.833333333333332,0.0005860205530955114,0.03756548604012588,0.9994303113184279
19.866666666666667,0.002991970191784715,0.0486873670805071,0.9985825688484721
19.9,0.00023046051687535994,0.0070173183819579954,0.9999869763607855
19.933333333333334,8.990002216447578e-05,0.005063156098354776,0.9999813106224139
19.966666666666665,0.00018481750591097993,0.002731524612301804,0.9999816408938397
20.0,0.0001293758268508495,0.0025651700774917893,0.999978943289313
20.033333333333335,0.00018116433894661732,0.007147718098697451,0.9999868200625309
20.066666666666666,5.858474604125436e-05,0.001905687558224605,0.9999712204292805
20.1,8.472214339536934e-05,0.00788406760599109,0.9999829830005175
20.133333333333333,7.816535006195502e-06,0.0033497221190709023,0.9989822325420142
20.166666666666668,3.0497660393104496e-05,0.12550414655280276,2.451563147274015e-06
20.2,0.011531870165109922,0.7521148448016863,0.0
20.233333333333334,0.5152194882454147,0.4576760717307266,0.0
20.266666666666666,0.11995556435185116,0.09308048724104999,0.0
20.3,0.07333317286911234,0.05632497292028596,0.0
20.333333333333332,0.10018246431827452,0.3408396660677305,0.0
20.366666666666667,0.0015916295181451162,0.019758055453425283,0.9888007866310193
20.4,0.0031285851162965116,0.01712541005360113,0.9991371893674871
20.433333333333334,0.0017666770882315307,0.03446688154182466,0.999603744511292
20.466666666666665,0.0001975397460525825,0.028693296515682764,0.999810080136702
20.5,0.0013947292533337495,0.009398765180300823,0.9995264694001444
20.533333333333335,0.0008829755340885625,0.025604458805018198,0.9996635046448654
20.566666666666666,7.973750302355316e-05,0.01484892300090699,0.9999791376297055
20.6,0.0004403946587783509,0.0020647906354317757,0.9999761547502147
20.633333333333333,0.0003727433733684699,0.01684579788228778,0.9999803157434295
20.666666666666668,3.1676933208473794e-05,0.01271428871760513,0.9999784702548203
20.7,0.00025450541635218903,0.0080690774024031,0.9999881311700339
20.733333333333334,8.836310376900162e-05,0.010147012349190142,0.9999840433228909
20.766666666666666,1.3008999306886506e-06,0.006802653470561167,0.9999685493819903
20.8,4.46859303644192e-05,0.02906090073994278,0.9909901940840001
20.833333333333332,0.0009166548041763233,0.25257899173572607,5.502406863063409e-36
20.866666666666667,0.05535065745984367,0.05273087082699477,1.8588e-319
20.9,0.07732040820613155,0.1840783138993045,0.0
20.933333333333334,0.016555644578581438,0.028920139311972386,6.090990914345469e-25
20.966666666666665,0.011065913395381606,0.07648725911409855,1.4106444974152382e-10
21.0,0.00185898141299672,0.01543315117469291,0.9875683524926852
21.033333333333335,0.000935583131007217,0.0020812517734298095,0.999338439832463
21.066666666666666,0.0008349202921545825,0.00028335837920166306,0.999679293590732
21.1,0.0008215012589462118,0.02376768611648056,0.9995492755695934
21.133333333333333,0.0022996511577830165,0.007872303177047617,0.9813358947912373
21.166666666666668,0.002953583883934168,0.2592293106059381,2.457012600159976e-38
21.2,0.07008441908095694,0.02067391026937278,0.0
21.233333333333334,0.0792513904472867,0.11470503995647555,0.0
21.266666666666666,0.03550255491893864,1.0,0.0
21.3,1.0,0.9064236276711729,0.0
21.333333333333332,0.06988914404142782,0.2775407423657417,0.0
21.366666666666667,0.0015301009274381625,0.46087025985103935,1.967335583950941e-138
21.4,0.17069402295017344,0.6080697340458118,0.0
21.433333333333334,0.8220124678514353,0.7998124807484845,0.0
21.466666666666665,0.06632560334250334,0.023205872704674016,0.0
21.5,0.05697820604240021,0.25984107053614486,0.0
21.533333333333335,0.0007737507365356828,0.0988290088973625,0.00025392538713656446
21.566666666666666,0.011669939771086199,0.09656436682325736,1.1638491002033877e-13
21.6,0.0008793814147592182,0.042152666922822137,0.9765000900149196
21.633333333333333,0.004079135943045968,0.05103632379296057,0.9918718281489668
21.666666666666668,0.0005037467678764215,0.01644664153725721,0.9999652311713357
21.7,8.265732167718954e-05,0.015232163306167404,0.9999788367333442
21.733333333333334,0.00046047174947608195,0.013780524313335131,0.9999813099821415
21.766666666666666,0.0010657716888009502,0.01868448232948705,0.9996513051894832
21.8,0.00030549361273708996,0.01632044385225044,0.9999825224312493
21.833333333333332,0.0009441798403118392,0.020966886451153306,0.999683300427381
21.866666666666667,0.00018788171078769206,0.008381065438738254,0.999987306454005
21.9,0.0004207713069542715,0.01988096825136084,0.9999665479892527
21.933333333333334,1.9093276050864972e-05,0.013062753946895211,0.9999767684100439
21.966666666666665,0.00022436174924120523,0.01290181060500745,0.9999869393339201
22.0,0.0006478777860928066,0.01165233601752486,0.9999580766837046
22.033333333333335,0.0002557719420931928,0.0013109030327151743,0.9999795255902987
22.066666666666666,0.00029104522300598827,0.00314182534125724,0.9999836261316823
22.1,0.00021044609169557386,0.0046765341992260154,0.9999853338160865
22.133333333333333,0.00011465149933912717,0.015672063596233146,0.9999800578049289
22.166666666666668,0.0005490210903291003,0.010132819341900856,0.9999768220780808
22.2,0.00023115656141462607,0.01595247160483142,0.9999834058229554
22.233333333333334,5.0328472637013225e-06,0.003623124748673325,0.9999699266329237
22.266666666666666,2.6978505662902695e-05,0.01930919903744099,0.9999564334025248
22.3,0.00043564795551077955,0.001930587066662,0.9999760739562733
22.333333333333332,0.0005036551248800064,0.013619791120103215,0.9999782599732809
22.366666666666667,0.001122205302310591,0.015905411700573035,0.9996283047327273
22.4,0.0004238326274189714,0.007640440284196699,0.999985080911179
22.433333333333334,0.0007177831265658335,0.006880114083543136,0.9999286918933254
22.466666666666665,0.0010483709560358714,0.011968256435406981,0.9996060565061542
22.5,0.0005135604602957406,0.015850411408530756,0.9999724362693903
22.533333333333335,0.001262330855222078,0.030575189942213858,0.9996395986640546
22.566666666666666,0.00011470884342879602,0.0359574146327236,0.9993607575534025
22.6,0.001591807622520842,0.03182647445559623,0.999640143873421
22.633333333333333,0.00019777966417357844,0.011325273838565724,0.9999870413124153
22.666666666666668,0.0005409666010111312,0.011509435191856168,0.9993919808749867
22.7,0.00019359754637819553,0.08130878027902379,0.21174331709616823
22.733333333333334,0.006385125760772842,0.44952751513837497,9.260320086792321e-133
22.766666666666666,0.19779006891234732,0.09820590956324124,0.0
22.8,0.13324782184474368,0.009157794175828626,0.0
22.833333333333332,0.1387314230652106,0.09745223445131608,0.0
22.866666666666667,0.08606809193950657,0.03701080534426938,0.0
22.9,0.06934447736787981,0.10265367330641166,0.0
22.933333333333334,0.12016469476234883,0.31120145721360504,0.0
22.966666666666665,0.008851222068589036,0.11462621031063804,2.276249697574944e-10
23.0,1.0468780889140813e-06,0.022438674584165513,0.9972112791351952
23.033333333333335,0.00037104892865075315,0.004192817175316223,0.9999824684664164
23.066666666666666,0.0005138747816202525,0.017117154208062434,0.9999681383470531
23.1,0.0013369486989992202,0.014525503848609537,0.9990968685456451
23.133333333333333,0.0023383229127247776,0.052109942644407596,0.9573532904250638
23.166666666666668,0.008217567761222375,0.09324717559081265,1.821866260290481e-05
23.2,0.00022406929223295306,0.007989564697889395,0.9995948615957958
23.233333333333334,0.00046039492646383093,0.01488445688781291,0.9999795905378067
23.266666666666666,8.783625010555174e-05,0.02140149002465924,0.999950696812805
23.3,0.0007153559185933691,0.008586812392485347,0.999934435526792
23.333333333333332,0.00039100128842516063,0.01245141302826098,0.9999858424654956
23.366666666666667,9.338974771857673e-05,0.005202132170366169,0.9999817144324149
23.4,0.00019292689800047178,0.015053800704750596,0.9999839132690512
23.433333333333334,2.7373457165408774e-06,0.031748393678738794,0.9995293547026275
23.466666666666665,0.0007529389359815106,0.023500398759765062,0.9997733469682336
23.5,6.992108751280432e-05,0.01208265245540814,0.9999819760347215
23.533333333333335,0.00033025241386617956,0.01008082958566051,0.9999879434780387
23.566666666666666,9.97413520259611e-05,0.027433209238671114,0.999830460028405
23.6,0.001040468146782241,0.015494327696606483,0.9996288878987004
23.633333333333333,0.00038721370054782864,0.023952296463828335,0.999028350387152
23.666666666666668,0.0,0.08797888984916094,0.5859425365053202
23.7,0.005132460785297838,0.04373443901625133,0.8576972116507907
23.733333333333334,0.0013063772935905757,0.03791077059952451,0.9975248243917239
23.766666666666666,2.8823711993109234e-05,0.010691601487416479,0.9999780803301711
23.8,0.0001974646244347399,0.011287252462411043,0.9999874263402629
23.833333333333332,0.0005390117117415218,0.015034120877494844,0.9999708726103786
23.866666666666667,0.00012123755407523673,0.047016452162120206,0.9986635093443029
23.9,0.0024180173711150807,0.040335510255036434,0.999394891999565
23.933333333333334,0.00027006722353506695,0.01473942452726915,0.9999851422866056
23.966666666666665,1.992570961420503e-05,0.02459622189995564,0.9998814269637829
24.0,0.0005970113824456894,0.02264473258460914,0.9998974753826058
24.033333333333335,3.659340380407563e-05,0.014869791635626338,0.9999754655972753
24.066666666666666,0.00032845998302675,0.002439470490765916,0.9999818339505733
24.1,0.0004042754277883565,0.006129443049629777,0.9999850321302501
24.133333333333333,0.000228870519706414,0.004541311463091883,0.9999854386538276
24.166666666666668,0.0003541027220037678,0.002421538244792648,0.9999809654192973
24.2,0.00028388922480341547,0.01263066404471044,0.999579159125416
24.233333333333334,0.0007346023954239288,0.22584931119173238,8.22741728555134e-28
24.266666666666666,0.04426874364382333,0.478446428406995,0.0
24.3,0.35844173659040557,0.19646804441991447,0.0
24.333333333333332,0.19293898335770904,0.3420963479268753,0.0
24.366666666666667,0.02611711691344586,0.10675603723173677,2.4029114258205152e-71
24.4,0.005619594903718024,0.08728249697596113,0.0022839569937930125
24.433333333333334,1.6958071238081128e-05,0.0050878078400157945,0.9991655058550664
24.466666666666665,6.812417626306793e-05,0.0007372527657559129,0.9999665926148469
24.5,7.841941492255155e-05,0.014966475610744311,0.9999790345297234
24.533333333333335,0.000441289869708573,0.006194423041753186,0.9999835014147238
24.566666666666666,0.0002552347660634143,0.0037517189732925492,0.9999846055746158
24.6,0.0001671249571180962,0.003839057848740109,0.9999831142747575
24.633333333333333,9.619955003693998e-05,0.0031276997848146,0.999978189321633
24.666666666666668,0.00015252891173345,0.003449594346833652,0.999981914373913
24.7,9.114171313956376e-05,0.007347033298203243,0.9999835962898314
24.733333333333334,1.27883170521287e-05,0.0066976674646306135,0.9999768512685466
24.766666666666666,8.135382986247798e-05,0.0029577670099849847,0.9999766360634583
24.8,0.0001305057420208463,0.003111860798523647,0.9999802429598229
24.833333333333332,0.00019468720023272268,0.01280606357070848,0.9999865327497067
24.866666666666667,0.0005929298512598066,0.0213702503177025,0.9999185722566303
24.9,4.900777114257772e-05,0.0035570251193938855,0.9999751229736203
24.933333333333334,1.687379736586714e-05,0.004731569230488488,0.9999742655128008
24.966666666666665,6.327035612882334e-05,0.0052700939533259755,0.9999797117400612
25.0,0.00014971355353423098,0.02120882168262947,0.9999593530122355
25.033333333333335,0.0008674685371867401,0.02899180453660363,0.9996349257406664
25.066666666666666,3.5008796893520906e-05,0.004972023670901939,0.9999764659701098
25.1,3.4904009496056667e-06,0.003613551404314093,0.9999696801291045
25.133333333333333,2.3167227320318907e-05,0.004216018750096545,0.9999738871819078
25.166666666666668,6.790490932755251e-05,0.002778930764193251,0.9999749714628597
25.2,3.576848993081368e-05,0.009026164264447826,0.9999804659853702
25.233333333333334,0.0001772051360828518,0.00987229954763499,0.9999869532926626
25.266666666666666,2.8019716022023926e-05,0.04087977482766367,0.9990468048011959
25.3,0.0014805663026321348,0.0402459640197338,0.9994944438129518
25.333333333333332,3.373541825417932e-05,0.0007717131273127394,0.9999621695558732
25.366666666666667,4.1449968539161086e-05,0.0024143148657991553,0.9999699872143646
25.4,7.058942147790676e-05,0.018408519209314134,0.9989303347670729
25.433333333333334,0.0005450805898981806,0.10491820965838192,0.0016100764428413758
25.466666666666665,0.01177227636690507,0.05036050516224485,3.825220432830442e-12
25.5,0.02231280504104075,0.09363660116811841,5.441679023723429e-51
25.533333333333335,0.050792140409640266,0.20741876525808958,6.337125982803992e-290
25.566666666666666,0.00325260264989179,0.0444085034639449,0.4176591042975629
25.6,0.008663105758957684,0.020372722895669555,0.0001345175028644135
25.633333333333333,0.005858152591035558,0.0829376513740517,0.0018253738135538618
25.666666666666668,8.505559303906443e-05,0.038448497691859956,0.5376870361108903
25.7,0.0016347413726065956,0.23288411809402088,4.810462073141737e-30
25.733333333333334,0.052642125864249545,0.11021864292454188,8.356742351006866e-293
25.766666666666666,0.019595722428583744,0.07851546778482207,4.759708808357236e-38
25.8,0.0058156113468322826,0.08820150532547966,0.0012426818439058233
25.833333333333332,2.1801128063072052e-05,0.029131151654191015,0.9901198543227476
25.866666666666667,0.0008019930254896895,0.03868754976522732,0.9992784227662637
25.9,0.0035666025119546903,0.03572111349686706,0.9989081002942045
25.933333333333334,0.0009441513553988802,0.018833441915873116,0.9996832106577741
25.966666666666665,0.00023833839887260738,0.012831844876964798,0.9999866126368296
26.0,2.5172893856425484e-05,0.01620977943717807,0.9990219654491055
26.033333333333335,0.0003305100471380574,0.2515015766502209,9.2624641296027e-36
26.066666666666666,0.04941597313054774,0.18642210776490942,8.792259389527719e-271
26.1,0.005040713958653921,0.06801757433341583,0.03880683888524693
26.133333333333333,0.00024938846729156153,0.07032642347666941,0.20407350337911553
26.166666666666668,0.005310299401496243,0.06927843469918572,0.23166603293632132
26.2,0.00027697782947154974,0.020939215952042393,0.9991239252195044
26.233333333333334,0.001131678313622244,0.009824349236938538,0.9995259932361562
26.266666666666666,0.0006586304761502767,0.009480693266270882,0.9998215839551136
26.3,0.0011129908190623129,0.06085343208821012,0.9065842447729442
26.333333333333332,0.006847950216074582,0.11308816215982861,1.8713972669934754e-07
26.366666666666667,0.03046256095770405,0.17609402667777183,5.2419437485418374e-107
26.4,0.0009996839289279239,0.019230695558109585,0.9889742648534167
26.433333333333334,0.00025621068245456903,0.0056448786894594235,0.9999820697437329
26.466666666666665,0.0004240052361401921,0.00512894432036931,0.9999831933521706
26.5,0.0002697920192253607,0.0018377513198342883,0.9999809763057417
26.533333333333335,0.0002229207993846941,0.010498002934684352,0.999987916801062
26.566666666666666,4.1023264844168464e-05,0.02710753014720248,0.9997357799533736
26.6,0.0008072025015835234,0.03178148893476059,0.9867473061128736
26.633333333333333,6.78759361509644e-06,0.2431039306319172,3.416904588937206e-33
26.666666666666668,0.03996651561550022,0.026155235408785837,1.5484817988754095e-162
26.7,0.04890573134006435,0.2384933660381044,2.3914802235519476e-278
26.733333333333334,0.0007610410041165642,0.014428364240588363,0.9965643503798074
26.766666666666666,0.00025196307495557973,0.0053259584546502415,0.999984751397124
26.8,0.00013333542118589483,0.030340954546505053,0.999513722343813
26.833333333333332,0.0013086953542079706,0.0035552671991383937,0.9781541783428623
26.866666666666667,0.0011080436868013612,0.12188247033053985,1.3797599541555411e-05
26.9,0.017478933136763655,0.1302585556361002,1.505650679300014e-34
26.933333333333334,0.000701680273810142,0.014606450642736753,0.9976606480832432
26.966666666666665,0.0014704910794356685,0.01933146437993096,0.9996361712452037
27.0,0.0005132201900178242,0.030177532384785138,0.9997074767031469
27.033333333333335,0.0022230774503599476,0.009948234438894157,0.9994882531135502
27.066666666666666,0.003049968735395747,0.009553873446196027,0.9991999507118398
27.1,0.002253361025434641,0.014852646436044486,0.99956600145477
27.133333333333333,0.001254021460025543,0.0012698886718572463,0.9991969697840248
27.166666666666668,0.0011818717480261928,0.019585087482392426,0.999644821958022
27.2,0.0003414997902629811,0.018306442045578283,0.9999675693909149
27.233333333333334,1.3055532766597516e-05,0.06719706519487534,0.9872583005645281
27.266666666666666,0.003382490275969345,0.02826591560216213,0.9989545228678084
27.3,0.0012401506194886266,0.01149241267691179,0.9995531533072936
27.333333333333332,0.0006700516120217863,0.02082177838561352,0.9998867026891758
27.366666666666667,0.0018307614185471923,0.02412278215851478,0.999672933497621
27.4,0.000538528472710713,0.023052196757016346,0.9999130665828269
27.433333333333334,2.0154817105243138e-05,0.01887207514153571,0.9999571643573031
27.466666666666665,0.00039257577085596775,0.036320799886351486,0.9994529514616319
27.5,0.00242995881748722,0.038665683089909905,0.9994540122509774
27.533333333333335,0.00032077973164851465,0.001847651400927315,0.9999802732981482
27.566666666666666,0.0002692061609457144,0.01652370397229334,0.9999825113683491
27.6,0.0008893323049564639,0.01352693300941956,0.9997728295122512
27.633333333333333,0.00035493918858166637,0.01764248462353542,0.9999787294861855
27.666666666666668,2.0373748493947286e-05,0.01481879223104737,0.9999737712480143
27.7,0.00027383577558368294,0.025388521590452857,0.9999160047490073
27.733333333333334,0.0013806274813077438,0.027817444750766775,0.9996672395024879
27.766666666666666,0.0002124743581697956,0.010955150811335702,0.9999876410128972
27.8,0.000550903381034775,0.0016510750596688965,0.9999608783722799
27.833333333333332,0.0004896535608978677,0.004677704152418087,0.9999767848351367
27.866666666666667,0.00033592931527187073,0.024238544069781206,0.9977904033228767
27.9,0.0014442846347213713,0.20367047094457993,1.0525773672629586e-21
27.933333333333334,0.041331490825344396,0.02203756233993547,2.718493750994493e-174
27.966666666666665,0.04892492930672033,0.24160052179348418,1.6242463819580063e-279
28.0,0.0006304408422343454,0.0038146711706608565,0.9983980595598885
28.033333333333335,0.000484411954045914,0.010691518898237424,0.999981310655155
28.066666666666666,0.000941867836744576,0.009585853862607885,0.999685911312287
28.1,0.000524718792032973,0.01388332290905262,0.9991928236897768
28.133333333333333,0.0001353737024418682,0.25962797053584274,1.664920603287779e-38
28.166666666666668,0.049438710281497426,0.09733410062233429,2.183439517989648e-256
28.2,0.09080901802234545,0.11634073300744889,0.0
28.233333333333334,0.15663217223607637,0.2316576080664642,0.0
28.266666666666666,0.34079751910414197,0.46954108144455403,0.0
28.3,0.0410902743963018,0.12359686280683539,3.2662636169725214e-179
28.333333333333332,0.01048491451110891,0.052959062900001304,1.4537274422535538e-09
28.366666666666667,0.021135169829619715,0.12734748990540065,1.5765710789452164e-48
28.4,0.0017659874556476775,0.04825373989541698,0.7102711156483527
28.433333333333334,0.00659160465670753,0.053450201669343854,0.42275567626458666
28.466666666666665,0.0014293131447190356,0.01684563979697274,0.9929525916133815
28.5,0.0026503070590547626,0.04055562666727853,0.9991980220300971
28.533333333333335,0.0003445866144362783,0.003172996176817119,0.9999825119413208
28.566666666666666,0.0004469640394190699,1.4230533670299514e-06,0.9999674583979684
28.6,0.0004471469167330918,0.003163368805968066,0.9999785302747233
28.633333333333333,0.0003450374237281546,0.01667568891008738,0.999981500046629
28.666666666666668,2.5344908917903205e-05,0.014828515761472937,0.9999743938901393
28.7,0.0002915873827662905,0.006568061572860689,0.9999874571917547
28.733333333333334,0.00013786367272462688,0.005810332047753194,0.9999840123096169
28.766666666666666,0.0002709616837868459,0.04468537567970921,0.9988774121694335
28.8,0.002780538489406458,0.06039448756835958,0.9959950093207742
28.833333333333332,1.373387075874609e-05,0.016477905097708162,0.9999641377026458
28.866666666666667,0.0002920024627755903,0.003989760030377525,0.9999849364401114
28.9,0.00041328866253469615,0.005701597121718503,0.9999842963475873
28.933333333333334,0.0002464475866226949,0.015148059889060391,0.9999847460566526
28.966666666666665,1.1527504210680787e-05,0.02669788084253433,0.9998115274927999
29.0,0.0006286487641492559,0.012601730721960502,0.9999612402861457
29.033333333333335,0.00022027523862668092,0.016126693293984258,0.9999827733110094
29.066666666666666,0.0007802947769393279,0.02641755986101606,0.9996956885631476
29.1,4.2086666462596275e-05,0.013958599169327821,0.9999775576224186
29.133333333333333,0.0003176165490662436,0.00733522198049564,0.9999876795877295
29.166666666666668,0.00014077237746561063,0.0010149658797950361,0.9999748611202733
29.2,0.00012183050185674152,0.028802969421115834,0.9997821482655663
29.233333333333334,0.0011846239094250156,0.0067554701950093355,0.9994445724263453
29.266666666666666,0.000837087692253719,0.03346688097236963,0.9995568273616714
29.3,3.074537997746235e-06,0.04109389660333459,0.9990056506222004
29.333333333333332,0.001233592653892314,0.023117285361374623,0.9996567272137037
29.366666666666667,0.00026755241203356916,0.013467442571734621,0.9999866467697094
29.4,2.9382412490453972e-05,0.016157844862622037,0.9999714132457215
29.433333333333334,0.0003437574094355261,0.018719256147739827,0.9999755570447282
29.466666666666665,0.0011381606564314383,0.02897799307542005,0.9996482515703693
29.5,0.00010432013562390507,0.0038722361327374923,0.9999800566589884
29.533333333333335,4.9938513468795276e-05,0.015498468156763279,0.9999754811474344
29.566666666666666,0.0003861463562543684,0.014558823002212423,0.9999839464796261
29.6,6.13041765693912e-05,0.0035828698501775263,0.9999764196942906
29.633333333333333,2.417333432072313e-05,0.0020932761404537665,0.9999674577995403
29.666666666666668,4.382607230208148e-05,0.0032337257623771534,0.9999737602852529
29.7,1.591814068891312e-05,0.018227918621666287,0.9999609102542794
29.733333333333334,0.0003531313742115049,0.010932429144002158,0.9999874780953191
29.766666666666666,9.830310805335107e-05,0.007611220288708433,0.9999841290450403
29.8,0.0002590853464017381,0.006147122374242773,0.9999871943620311
29.833333333333332,0.0001232837421906858,0.00908048971003287,0.9999856903601287
29.866666666666667,0.00034139960157758407,0.014079192198248923,0.9999856317003806
29.9,4.963261307868152e-05,0.014986829371431358,0.9999765912118666
29.933333333333334,0.00036916535598418415,0.014099617587967309,0.9999849948797244
29.966666666666665,6.0302218734364734e-05,0.0,0.9999624898441946
30.0,6.025298154169372e-05,0.003229201848494567,0.9999754445539035
30.033333333333335,0.00010789190882618372,0.002163741171826345,0.9999765178755713
30.066666666666666,0.0001475423935900554,0.008285170269688233,0.9999863790362701
30.1,2.9339817403893136e-05,0.015703067145164215,0.9999727267667657
30.133333333333333,0.0003300635719924933,0.011571685954118423,0.999987608333338
30.166666666666668,7.693976533380779e-05,0.018445406467538908,0.9999684848935704
30.2,0.0005638990057899151,0.013036936101714594,0.9999725921179377
30.233333333333334,0.00017323772522785688,0.0023655066193525014,0.9999804532872533
30.266666666666666,0.00012630745345028972,0.008490464544665965,0.9999856995695403
30.3,0.00032882130026330893,0.005228905722844808,0.9999860578126254
30.333333333333332,0.0001928247734680867,0.013778372931172752,0.9999856776182904
30.366666666666667,0.0006286250801368274,0.005055623946081579,0.9999570146008749
30.4,0.0008513991143575915,0.006830711126446968,0.9998061160499989
30.433333333333334,0.0005584577786984337,0.016902539235175904,0.9999628410251861
30.466666666666665,9.819246579421846e-05,0.003668044231753749,0.9999794801565127
30.5,0.00016615029687654264,0.004541668908371104,0.9999841062862064
30.533333333333335,0.0002748795240532996,0.017020270708935775,0.9999815473503935
30.566666666666666,7.587881363729044e-06,0.02260104085791441,0.999916223391381
30.6,0.00044559285748800885,0.006032037973753977,0.9999828635222389
30.633333333333333,0.0002627655636013474,0.006095217258531696,0.9995710387922835
30.666666666666668,0.0004477603479266715,0.13750585475505506,4.7939167306172096e-08
30.7,0.01762548698148549,0.11684396151798188,1.0891457198358618e-34
30.733333333333334,0.05179810377234892,0.014845048179795633,3.4132947339997e-278
30.766666666666666,0.04645788564701076,0.19436226650790764,2.8395778071040713e-241
30.8,0.0033405784100369483,0.05042575618597069,0.9327061771319964
30.833333333333332,0.0002845659194765653,0.004606956472791198,0.9985020021069114
30.866666666666667,0.0004248317137476322,0.25477531349715654,8.350172111369607e-37
30.9,0.05170405387284517,0.22489727562193157,6.240582161720632e-306
30.933333333333334,0.16802587691055773,0.25151077011608897,0.0
30.966666666666665,0.04234803478346422,0.1724574559930971,4.5607640796069e-198
31.0,0.004332361540841169,0.04032486092239915,0.2159570090139482
31.033333333333335,0.009712232009356303,0.34039814619858855,4.184205608989061e-78
31.066666666666666,0.140484657302863,0.23241544373762243,0.0
31.1,0.034665563995373974,0.20154433430378302,1.1319604780771259e-141
31.133333333333333,0.0005114022232056808,0.003115714897365379,0.9990609165753244
31.166666666666668,0.0006323281682931301,0.043560082628050036,0.9991684692194266
31.2,0.003660522660238587,0.047810704115666354,0.9976106241000772
31.233333333333334,0.0004707276366681803,0.015348568408590951,0.999970537533243
31.266666666666666,0.001166661150807655,0.05574077874752017,0.9920211416387226
31.3,0.00630402801335371,0.03913848340034596,0.880871272465212
31.333333333333332,0.002268680748498838,0.007218609490807696,0.9971969651256558
31.366666666666667,0.0017446469860357687,0.013264174677154386,0.9995598199103706
31.4,0.0027601529516043536,0.004709646486442392,0.9991277078089594
31.433333333333334,0.0023728309597760124,0.005661472298516269,0.9993097062926893
31.466666666666665,0.0019460248004023089,0.011983519709655227,0.9992823252061401
31.5,0.0028990241100826284,0.012125836870983531,0.9793498927247688
31.533333333333335,0.00193584761399404,0.10111529231829984,0.005435816439046809
31.566666666666666,0.015892269797462912,0.0004360939517773681,4.031113265634808e-23
31.6,0.015802363718248304,0.11884074498720901,2.073946105425902e-27
31.633333333333333,0.000855873239614537,0.025789450254432557,0.883327766869674
31.666666666666668,0.00251893237124544,0.0715494909809648,0.5867244235024809
31.7,0.01172028160106743,0.001402771066465619,1.2397460035855773e-10
31.733333333333334,0.01196877051037681,0.048849262024563155,1.4804060640918165e-12
31.766666666666666,0.022215895869724334,0.036907323447903144,3.120659684154208e-47
31.8,0.014183305029261465,0.0866692862029156,3.556829872205549e-20
31.833333333333332,0.0023767091065754462,0.07482666182736442,0.03470988299437841
31.866666666666667,0.011986412843298823,0.059009947918498624,3.35390238146238e-11
31.9,0.003793091720469786,0.016103760433456304,0.9385506912508803
31.933333333333334,0.005574227221817935,0.03066250817529331,0.9577477879687524
31.966666666666665,0.0024772967743385927,0.05101918334943885,0.9970755766777922
32.0,6.98991242532541e-05,0.021474607695932096,0.9999412729758723
32.03333333333333,0.0006653444839194743,0.032380915711180416,0.9995846007788944
32.06666666666667,0.0027120710509064066,0.004229138392581326,0.9991276428549886
32.1,0.003081694978928889,0.019874977824386235,0.9993980911870605
32.13333333333333,0.0015507524893333675,0.04160496802952398,0.9994630057807598
32.166666666666664,3.1433543468545925e-05,0.00028354210196147975,0.9999588578835599
32.2,3.4106156612746834e-05,0.00258513829141052,0.9999706259644493
32.233333333333334,1.3958764556173498e-05,0.014399954782127378,0.9999739466594909
32.266666666666666,0.0002381357587117784,0.0048028604353379965,0.9999858343365471
32.3,0.00013294042666456678,0.002585864754371468,0.9999791795328911
32.333333333333336,0.00018583547535153884,0.019855267415064933,0.9999699851425979
32.36666666666667,0.0008850911567335915,0.004116939837063697,0.9996353932249467
32.4,0.0006972760562898178,0.025533544734783163,0.9922722236717122
32.43333333333333,3.2223082964512545e-05,0.10244349243810526,0.0021635364635510745
32.46666666666667,0.007889873648735751,0.09784202695171561,6.066573366073741e-07
32.5,8.860334883304442e-05,0.007233237524741795,0.9994446545626439
32.53333333333333,0.00023370974140342744,0.019969053989935173,0.9999703525438502
32.56666666666667,0.0009921288601706425,0.0026196152519084755,0.9994239724595059
32.6,0.0011307965482248246,0.003821111565728678,0.9993370757104038
32.63333333333333,0.0013492162387965005,0.027905518047687875,0.9996593927003143
32.666666666666664,0.00019824206273608998,0.00443044438621723,0.9999846415736815
32.7,0.00031254920500921486,0.012862247857854012,0.9999870882944849
32.733333333333334,5.2344011992758964e-05,0.006119505014751207,0.9999798608141434
32.766666666666666,0.0001489889939688306,0.027968281391790535,0.9998287915027269
32.8,0.0012186481216347575,0.026089034218919543,0.9996631435642906
32.833333333333336,0.00018855439610663549,0.0007767128775201804,0.9999762578280726
32.86666666666667,0.00020635701070643758,0.012364828329951847,0.9999870471458387
32.9,0.000595559918789092,0.016558012480505528,0.9999569690517014
32.93333333333333,0.00012015316357357604,0.00703950036260576,0.9999844788748673
32.96666666666667,2.7482694860004475e-05,0.010626229015360204,0.9993182826137124
33.0,0.00019245674529530247,0.22866950191388283,9.147931642476035e-29
33.03333333333333,0.03978448834909832,0.027215547232196456,5.281009866215072e-161
33.06666666666667,0.03146005839477965,0.15828841432621238,7.76677307581368e-110
33.1,0.002391528069042651,0.0233932801402088,0.9874572411942725
33.13333333333333,0.0008948656783645773,0.021889182214515874,0.9995735150307256
33.166666666666664,0.0022736254243850558,0.04038454018176994,0.9994411759981416
33.2,0.00022209885811202935,0.0001310293005012428,0.9999747181349401
33.233333333333334,0.0002188463985685507,0.0030790510395525468,0.9999830931602852
33.266666666666666,0.0001510691734064491,0.019132615357971696,0.9999650185625364
33.3,0.0007741207521780414,0.022637628033407266,0.9926178763153726
33.333333333333336,8.922219609630851e-05,0.13175895940619503,2.993895369024508e-07
33.36666666666667,0.013545233439558251,0.043503112932239775,2.894561339027642e-16
33.4,0.006573099936216449,0.0948949728220019,4.797379020218349e-05
33.43333333333333,1.640636129930442e-05,0.03541310180090928,0.9779094275798416
33.46666666666667,0.0010758477637700912,0.021145087400146485,0.9993961411843932
33.5,0.00024445869742715164,0.044662613720513916,0.9989431748907369
33.53333333333333,0.0026922276728646045,0.04203227535776014,0.9992477029508356
33.56666666666667,0.0003157767652585447,0.010315704149974418,0.9999878159465994
33.6,0.000683600594336584,0.013994868988088946,0.999906347900881
33.63333333333333,0.0014067858481866219,0.006299221237176995,0.9819026955196798
33.666666666666664,0.0018166942809747445,0.18456017004987801,4.3828587400030853e-17
33.7,0.037021950494231015,0.015110436854366603,1.2218771959809087e-138
33.733333333333334,0.032452022914446654,0.19564527159723902,1.316652849133942e-124
33.766666666666666,0.00045621606304232907,0.025226352470949582,0.9965878192636534
33.8,0.001750260673433535,0.03697755359141451,0.9995331171638603
33.833333333333336,0.00013974001822910707,0.00665773606767967,0.9999851197387483
33.86666666666667,0.0002968156301230854,0.002746914390362276,0.9999828676803774
33.9,0.0003787314041020837,0.012304655873391203,0.9999862141325886
33.93333333333333,0.0008673518808962979,0.016875247447178936,0.9997760789658225
33.96666666666667,0.00024810354670228886,0.001871854454325283,0.9999808171945022
34.0,0.00029838349841001665,0.0019354700936614886,0.9999811030523391
34.03333333333333,0.00035524204754106773,0.004271526770311911,0.9999844316946536
34.06666666666667,0.0004980901433924599,0.012529505154304647,0.9999639669584296
34.1,0.001055608913698037,0.0004601340858294164,0.9745388347653005
34.13333333333333,0.001080223158679704,0.3229818375569444,1.3665651043342453e-62
34.166666666666664,0.08702194422638866,0.294143879630042,0.0
34.2,0.0031664573535265528,0.03883600257015658,0.972453562232942
34.233333333333334,0.0006125194870821773,0.002510825606321219,0.9999067479502114
34.266666666666666,0.0005156594023925556,0.009854090805000628,0.9999801332114526
34.3,0.00021629452205005462,0.018500795197514453,0.9999767149293614
34.333333333333336,0.0008836279575423641,0.008349126465723897,0.9997692694847655
34.36666666666667,0.001332627542220331,0.03618757252504487,0.9995700793619697
34.4,5.083531609542976e-05,0.017579110554381387,0.9989547693957601
34.43333333333333,0.00045806517978345154,0.2630593661063793,1.4194280854147814e-39
34.46666666666667,0.05517770611521546,0.26173292811702764,0.0
34.5,0.000505306550775766,0.0032733488870782756,0.9991217979272338
34.53333333333333,0.0006319640892482015,0.010338264995944438,0.9999620584543909
34.56666666666667,0.000280391155748796,0.005191260284875466,0.999986389378903
34.6,0.00015695207259202302,0.0025643174668012613,0.9999802840645342
34.63333333333333,0.00010906246817916561,0.006991124432107244,0.999982775106321
34.666666666666664,2.26871394182186e-05,0.05429333050056093,0.9970140366490536
34.7,0.0023848299846904006,0.055007388517895696,0.9958601704339405
34.733333333333334,1.7495600022199675e-05,0.0557012199610353,0.9620256652978886
34.766666666666666,0.0024401450399990413,0.0717057307210776,0.6365123139459897
34.8,0.011576880863919765,0.13961072462511745,2.150388833229757e-19
34.833333333333336,0.04879851562689298,0.04445496739468415,3.647818949989072e-246
34.86666666666667,0.03415921022881154,0.20528783251961838,5.759245620484755e-139
34.9,0.0003316394977047771,0.02156624634562847,0.9986828444988871
34.93333333333333,0.0012757422052688471,0.0008803355059527319,0.9991523239614122
34.96666666666667,0.0013275221394115167,0.022979859042904317,0.9996630232368588
35.0,0.00031617496468210857,0.003922971536226261,0.9999844854231276
35.03333333333333,0.00043967825558159364,0.007579928873200302,0.9999845289254041
35.06666666666667,0.0007356931441074748,0.009623104569604036,0.9999247348263802
35.1,0.0003728838255202777,0.014568820545506568,0.9999230822620195
35.13333333333333,5.596589782073546e-05,0.058601021452574106,0.8795856683098411
35.166666666666664,0.0030301280159171417,0.35090493567622766,1.8282938464996384e-75
35.2,0.11548853502807797,0.20478239386395602,0.0
35.233333333333334,0.030149606579920236,0.1777987903876298,1.931546303024591e-105
35.266666666666666,0.0008605607231718023,0.04568709726755607,0.8925676106414339
35.3,0.00441129058899274,0.07334112123226341,0.8148938311623434
35.333333333333336,4.745654898880281e-05,0.01938195431852501,0.9994872817162533
35.36666666666667,0.0005118812141278212,0.06204921949873394,0.9746651437777402
35.4,0.00532702088857203,0.06514073374367337,0.837829291522587
35.43333333333333,0.000404638977701775,0.023587292168880367,0.9995956022266634
35.46666666666667,0.0015415327642416337,0.013733933818927412,0.9996062598363518
35.5,0.0007903284611613122,0.025898482889325464,0.9996970646563429
35.53333333333333,5.024084759856878e-05,0.006846713049781531,0.999979981499848
35.56666666666667,2.2916406078897944e-06,0.033520495867824476,0.9994215747101036
35.6,0.0008259213740721902,0.017741360293647212,0.9998059997027209
35.63333333333333,0.00020552790034709373,0.015405454628284852,0.9999837340523814
35.666666666666664,0.000720547457989388,0.020764475487758956,0.9998531583798914
35.7,0.001909561276874545,0.0013244639512484746,0.9992041704188379
35.733333333333334,0.002004945211556589,0.042163381855749166,0.9994197302908415
35.766666666666666,0.0001113583267825483,0.006936252173315821,0.9999840717004922
35.8,2.4178255673955024e-05,0.0068701650726501326,0.9999782145650177
35.833333333333336,0.00011022894289500267,0.00028032673962845057,0.999969751371305
35.86666666666667,0.00011512711543468504,0.0043513480989725295,0.9999814167966656
35.9,0.0002034900922981619,0.03446654326672202,0.999496838324652
35.93333333333333,0.001784358632809758,0.010463679820804624,0.9995462212421578
35.96666666666667,0.001138810509510628,0.024909985141152762,0.9996569466503785
36.0,0.0001829397085212587,0.014399761943239869,0.9999845966598859
36.03333333333333,0.000635854005997323,0.014732863515617206,0.9999541036487084
36.06666666666667,0.0001756987696547316,0.008772042756556362,0.9999872357271403
36.1,3.758104282421367e-05,0.018009806123346895,0.9999654845023087
36.13333333333333,0.0004306890167341417,0.016890031070806694,0.9999773990464939
36.166666666666664,4.955752587589647e-05,0.01982565180916242,0.9999569520285122
36.2,0.0005352590164306791,0.016503842221051765,0.9999682764439759
36.233333333333334,9.48035871134905e-05,0.010745564371747056,0.9999842375860593
36.266666666666666,0.0003408484444306695,0.002104937645506139,0.9999808232679913
36.3,0.00040697798848546285,0.0032222836849154233,0.9999809416200932
36.333333333333336,0.00030818476914449546,0.0027854825201213645,0.9999828306336556
36.36666666666667,0.00023381947166353453,0.00043626312388852123,0.9999765273686541
36.4,0.0002448733128331743,0.01337889793142782,0.9999866715385577
36.43333333333333,0.0007027969735980336,0.025826112899048022,0.9997570803100934
36.46666666666667,3.072825203350012e-05,0.008846510708998917,0.9999798449419616
36.5,0.00016202599852881117,0.001193562609410214,0.9999767636880571
36.53333333333333,0.00013822529754576278,0.01622416979264987,0.9999801321528219
36.56666666666667,0.0006214298380139243,0.0018147605674245278,0.9999433574647723
36.6,0.0006971998419938975,0.011110999794533769,0.9999423638531134
36.63333333333333,0.0003021828046144498,0.007361326546073538,0.9999877975495649
36.666666666666664,0.0005457485022788279,0.018178372039341875,0.9999588429939253
36.7,0.0014529831760303892,0.013770893979868809,0.9996116466833965
36.733333333333334,0.0007256785473367928,0.01908186396216599,0.9998768468182512
36.766666666666666,0.00013104455491680026,0.007943577223581171,0.9999856581662965
36.8,0.00032035038659785384,0.01618425779678701,0.999982936140511
36.833333333333336,2.2620387112187744e-05,0.019639508156075677,0.9999525159651895
36.86666666666667,0.0004286035933021266,0.0359785746130942,0.9994678540794735
36.9,0.00249061239244992,0.045931816000613745,0.9991385517482186
36.93333333333333,0.00015936713204916668,0.0015186611223639895,0.9999770371304176
36.96666666666667,0.00012968997825101462,0.0032058358781125373,0.9999803938784033
37.0,7.713182716631753e-05,0.005660810982894938,0.9999812503149491
37.03333333333333,1.7485920787259322e-05,0.009991079981737873,0.999978811555426
37.06666666666667,0.0001512340624000696,0.008019942179061233,0.9999863717786013
37.1,3.344539396030884e-05,0.02450686468046112,0.999883002530504
37.13333333333333,0.00065942629854519,0.003057651205689908,0.9980632815309269
37.166666666666664,0.0007932152736238021,0.08902226813454381,0.07449857530681088
37.2,0.010083424311136874,0.0693016954688019,1.3293986773841494e-07
37.233333333333334,0.0019509157758930778,0.015326712757958709,0.9852307249035338
37.266666666666666,0.0032048354125179894,0.06123148918288265,0.991857505172047
37.3,4.7755790065277604e-05,0.028306908318195777,0.9997045952089466
37.333333333333336,0.0008934144728209117,0.019211765857433685,0.9997245252149054
37.36666666666667,0.00020431979846818988,0.028541617533032377,0.9998192045477773
37.4,0.0014034095675679041,0.02395819556413866,0.999661340241774
37.43333333333333,0.000324513057734771,0.047175956472598785,0.9987903507337651
37.46666666666667,0.0031702896078467232,0.04546599402081011,0.9987020113138951
37.5,0.00037644229945374825,0.011421393914503343,0.9999862663150385
37.53333333333333,0.00010258254517870645,0.017943435282135524,0.999972916673193
37.56666666666667,0.0006098706805540473,0.02215988983173063,0.9998998974089878
37.6,4.495594230231523e-05,0.006358245854439296,0.9999795549172649
37.63333333333333,0.0001408994012921445,0.013993745546533718,0.9999839086325218
37.666666666666664,0.0005396984900265382,0.0019155772971004193,0.9999641577380957
37.7,0.0006145090301638143,0.004237662163607216,0.9999579909856154
37.733333333333334,0.00045568407293153753,0.02450285819920339,0.9999101777191015
37.766666666666666,2.072509181663544e-06,0.04136974333728066,0.9989987359355998
37.8,0.0012275228465291007,0.029964065529583073,0.9996374634150932
37.833333333333336,0.000114766938196908,0.0206758245176355,0.9999595788469865
37.86666666666667,0.000756123163371483,0.015564218084076587,0.9998927227654941
37.9,0.00022088257620413035,0.0017332778975978746,0.9999801593789147
37.93333333333333,0.00018095807014815624,0.0004982313194643912,0.999975203309111
37.96666666666667,0.00019208986357412342,0.003370198131412746,0.9999830541599936
38.0,0.00012367242800177382,0.0029982145602570633,0.999979622638677
38.03333333333333,7.540587761434051e-05,0.0011182806840715194,0.9999699861757528
38.06666666666667,6.041235552233934e-05,0.0026512895230826157,0.9999738553213219
38.1,3.15424068993906e-05,0.0022451667103590848,0.9999690895249652
38.13333333333333,5.539496492136721e-05,0.002475865389581978,0.999972793081675
38.166666666666664,2.9472532620571933e-05,0.006071757553971388,0.9999778360689251
38.2,1.9705416679785938e-07,0.004425196241179302,0.9999713952909906
38.233333333333334,1.673517566493363e-05,0.007873970403466397,0.9999782147778348
38.266666666666666,0.00011000935762020477,0.02390290360271059,0.9999238132506217
38.3,0.0008935586396479954,0.019924437524963996,0.9997208336904357
38.333333333333336,0.00018818324476737718,0.002771763983581177,0.999981673158482
38.36666666666667,0.00025507103642704557,0.006285432602385672,0.9999867926725499
38.4,0.0001180666022937202,0.04533455852872694,0.9988155274199166
38.43333333333333,0.0022718021167861665,0.040504111299484155,0.9994248020920501
38.46666666666667,0.00021864954013739275,0.011636340943169248,0.9999873828706017
38.5,2.8478296664086774e-05,0.0037368480442380226,0.9999731633215062
38.53333333333333,5.260857774779522e-06,0.028246172804221963,0.9997375254487411
38.56666666666667,0.0006366445973034864,0.021797808959770563,0.9998916804459622
38.6,5.6783296305801504e-05,0.003593229841367408,0.9999757870812646
38.63333333333333,2.1286848801280228e-05,0.02811286991285437,0.9997572345029322
38.666666666666664,0.0007528278506285118,0.012084881423965778,0.9999105966184658
38.7,0.0013874836039062181,0.026796207444434166,0.9996708188561937
38.733333333333334,0.00024017464438220025,0.005860681479861832,0.999986732597582
38.766666666666666,0.0004103683039948442,0.016718348592517675,0.9999787789452755
38.8,0.0011444334782192314,0.015519792166827062,0.9996235191781556
38.833333333333336,0.000450726988266126,0.014676154221624904,0.9999803341021284
38.86666666666667,0.0010985766701625478,0.010229161011553498,0.999549466430141
38.9,0.0017180908047517835,0.036011006152559887,0.9994118181084549
38.93333333333333,0.004995515162196011,0.00918986820890595,0.9863854521759523
38.96666666666667,0.003996448549061289,0.019126038045965917,0.9772292592998525
39.0,0.0022745204331268147,0.0726708074608162,0.6259191098914311
39.03333333333333,0.011379187332031509,0.11164373556869299,2.0927880947953862e-13
39.06666666666667,0.0002579653750324367,0.01355448175610112,0.9995550111564094
39.1,2.554133285895939e-05,0.0035996959677841505,0.9999722736998877
39.13333333333333,6.368793122979666e-05,0.012056349635322039,0.9999816856256069
39.166666666666664,0.0003157805659714646,0.006267104407421185,0.9999870916413822
39.2,0.00016078706936209286,0.010099252456332052,0.9999868529075902
39.233333333333334,0.00043599646389310076,0.027630174346579113,0.9998392255964393
39.266666666666666,0.0018756145738272644,0.02396346538397648,0.9996706605107505
39.3,0.0005691329316312083,0.021472665192917868,0.9999242848605623
39.333333333333336,0.0017046049719166775,0.02076665001682773,0.9996705444901801
39.36666666666667,0.0005968014140285401,0.000688283372770545,0.9999424072262356
39.4,0.0005696684837004579,0.012958766599419608,0.9999718629362603
39.43333333333333,0.00017813214222438237,0.004260568462728459,0.9999840679152355
39.46666666666667,9.771197781707396e-05,0.0002959777352848248,0.9999686380422063
39.5,0.00010258413902605997,0.005324834219126067,0.9999823756450187
39.53333333333333,3.365907059991093e-05,0.019546891487866272,0.9999560968914702
39.56666666666667,0.000469681281257953,0.008789927680730692,0.9999832695647296
39.6,0.0008299764314750405,0.022150569029050823,0.9997415297382745
39.63333333333333,0.00011723834585799218,0.01779000656308581,0.9999744365461685
39.666666666666664,0.0006385855097578421,0.009169559455830142,0.9999615590644663
39.7,0.000317724440271712,0.013249506919187554,0.9999866784069702
39.733333333333334,0.0008169057732906429,0.007249811284242028,0.9998528762433595
39.766666666666666,0.0005150344400037504,0.020010260835392864,0.9999532011371013
39.8,4.157992194747024e-05,0.0239986384836941,0.9999033708222755
39.833333333333336,0.0006724372014349482,0.02115962827413909,0.9998823166391694
39.86666666666667,7.66231640117322e-05,0.01883876446431323,0.9999663652869907
39.9,0.0005782944328983642,0.022437602062614328,0.9998652801392899
39.93333333333333,0.0017860118547413342,0.03848376810659029,0.9850846485588847
39.96666666666667,0.00012152195365813631,0.1436666168835361,3.614690900012721e-09
40.0,0.016288268238284255,0.2516622376945403,6.428853410509966e-61
40.03333333333333,0.11013883145468674,0.2851490512410366,0.0
40.06666666666667,0.010089873680019039,0.06984424680500508,3.4957310270433896e-08
40.1,0.0019150209977575857,0.014305918130159556,0.9869974298376262
40.13333333333333,0.003066345149142146,0.023294146119864523,0.9992090019946106
40.166666666666664,0.0013297836732968599,0.033542099889332405,0.9996111953329294
40.2,8.535572030327154e-05,0.001367141999427952,0.9997975526355257
40.233333333333334,0.00010716081470172803,0.06355045900731239,0.8103018992467863
40.266666666666666,0.003835730268946447,0.08966790722225602,0.018703739973691565
40.3,0.018146504698643026,0.05049113807477889,9.812545982922825e-31
40.333333333333336,0.03086681842083236,0.08471678542118231,2.731701356958072e-97
40.36666666666667,0.011434498010175017,0.09300447454245872,8.632351554709158e-13
40.4,0.000988993095634546,0.039366697550179755,0.9753764944664464
40.43333333333333,0.0040196775105420576,0.009856991136587188,0.9778342376762201
40.46666666666667,0.005098508113389012,0.06894737863118547,0.7878066190243556
40.5,0.00023849372263116576,0.030802188623800436,0.9427824029734075
40.53333333333333,0.0016358656523109162,0.1593233174734946,8.759940531378669e-12
40.56666666666667,0.028815888813845985,0.08427902578199774,1.7510279362817956e-84
40.6,0.010271895672313368,0.09411726777754523,1.5508483558785025e-10
40.63333333333333,0.0006231551788495706,0.012395328888374023,0.9603310515333174
40.666666666666664,0.0002219921950939278,0.38878785327698084,1.2890047000568091e-94
40.7,0.10918733154023444,0.05103711417941813,0.0
40.733333333333334,0.0835275958696802,0.31216179399401234,0.0
40.766666666666666,0.001271970134280595,0.14345466865494125,2.0243302357659833e-10
40.8,0.023132206273815833,0.1370283802219209,6.059569369657795e-59
40.833333333333336,0.001671191478563791,0.03861370166561086,0.9317068140059779
40.86666666666667,9.095150541828038e-05,0.0797005393687082,0.8332512652209637
40.9,0.0055094378882933346,0.02125820079957388,0.9284274302740791
40.93333333333333,0.0032455431945294533,0.010377595683352172,0.9969678117584448
40.96666666666667,0.004276519668435077,0.03126890282391013,0.9976280487697475
41.0,0.0016011672104065226,0.003429235109683202,0.999284676501259
41.03333333333333,0.0013859450077766875,0.008200919578026837,0.9994222107483772
41.06666666666667,0.00192608909106294,0.04609606331593422,0.9955928542072776
41.1,4.1859998138763137e-05,0.073464050482952,0.8416050473152815
41.13333333333333,0.004369029425282639,0.046877045678162255,0.7406895882026132
41.166666666666664,0.010846435153563679,0.07186249649997127,2.1266006768870363e-08
41.2,0.0020995518176352788,0.0397342357432111,0.982837353357232
41.233333333333334,0.00018411530968017394,0.042973526131642736,0.9985207151743041
41.266666666666666,0.002347385885833064,0.037712139445260556,0.9994795297104004
41.3,0.0003182448045458697,0.010240941055064469,0.9999878403553211
41.333333333333336,9.069853323576157e-05,0.0287071248853144,0.9997726564947467
41.36666666666667,0.0010776012625756495,0.019612286235462368,0.9996420162690981
41.4,0.00028581325021921183,0.04189900032672125,0.9991545772935092
41.43333333333333,0.0025922855154305708,0.015580481401225307,0.9994995163987441
41.46666666666667,0.004040192446809668,0.020471923107895508,0.998480947196611
41.5,0.0022038021702771465,0.027372443560363897,0.9996251223713241
41.53333333333333,0.0006113830093908909,0.006566069884731418,0.9999644141118577
41.56666666666667,0.0003761201594583457,0.02713598737932602,0.999865645663321
41.6,0.0017156709723563435,0.047790671486716584,0.9991646325004314
41.63333333333333,6.873558127013343e-06,0.04522084796979041,0.9986872736943103
41.666666666666664,0.0015472435666299682,0.04041287178156781,0.9994859109496549
41.7,4.264310416990607e-05,0.018000677083399117,0.9999647476735956
41.733333333333334,0.0004471201353654824,0.04361907212380094,0.9991251212102525
41.766666666666666,0.003197833019472038,0.0006503442709054237,0.9983808870757077
41.8,0.0031380620401700214,0.04393678807172295,0.9988414191874874
41.833333333333336,0.0004143806028396103,0.02381309216499066,0.999928410775867
41.86666666666667,0.0015750026832323403,0.026355327851406762,0.9996757592393475
41.9,0.00033463271292149556,0.020039517873027882,0.9999702673922085
41.93333333333333,4.055653213534474e-06,0.007970025743418535,0.9999769521437308
41.96666666666667,7.218025751388088e-05,0.007620660460595403,0.999982376698195
42.0,0.0002156550644691909,0.005204165100460273,0.9995319560038745
42.03333333333333,0.0003576776699951069,0.17271131426664285,1.2310233352962143e-14
42.06666666666667,0.02530807380854608,0.17456979370401882,8.371246644644833e-77
42.1,0.00030289723970010254,0.016269474128078366,0.9994316191293253
42.13333333333333,1.7571106658498804e-05,0.01171599769318477,0.9999776384001094
42.166666666666664,0.0001879097762671369,0.007468684171230011,0.9999871153879827
42.2,5.839747220362845e-05,0.0005313492202773307,0.9999651787353339
42.233333333333334,6.522857290431122e-05,0.0042450864231821355,0.9999781578301568
42.266666666666666,2.139482604439259e-05,0.004116066532327441,0.9999734397423077
42.3,6.354745541763681e-05,0.006842738475736222,0.9999680771181846
42.333333333333336,5.793583507426555e-06,0.03558661904334939,0.977569319618715
42.36666666666667,0.000979822579773249,0.14160152551030916,1.2669375396758509e-08
42.4,0.02138213657383861,0.14665177788493447,1.4620184013322747e-52
42.43333333333333,0.0007400207106908358,0.02626840372307541,0.990768955796311
42.46666666666667,3.454640048195046e-05,0.005081472092479469,0.9999699747310151
42.5,0.00010013514202027434,0.015376854094223767,0.9999797449177553
42.53333333333333,0.000505843212730622,0.0022832116170553645,0.999970553432561
42.56666666666667,0.0005927872008461969,0.01783608389780106,0.9999507816735751
42.6,9.735833083647001e-05,0.02405772356563404,0.9999106816013319
42.63333333333333,0.0008641689032031032,0.006597465542852267,0.9967920909090163
42.666666666666664,0.0012078688631528467,0.07492676082524556,0.5678514377828427
42.7,0.009133015921857859,0.05852961039408067,0.00014415642386032395
42.733333333333334,0.002309970919321957,0.04723055523705275,0.9717755444821128
42.766666666666666,9.458583874239016e-05,0.023189763733911285,0.9998691577006681
42.8,0.0008151504999586788,0.012419800957095085,0.9998589868489599
42.833333333333336,0.00149257611666707,0.017288598826868215,0.9996406600169871
42.86666666666667,0.0027739433749064445,0.04329304484845761,0.9991673379879386
42.9,0.00030724575429881556,0.006216169535804099,0.999981290433828
42.93333333333333,0.0005097139430851506,0.03274087867043359,0.9871388947941355
42.96666666666667,0.002415956606071811,0.5669850677789187,1.0657488327435273e-213
43.0,0.2593938775799464,0.552128405592861,0.0
43.03333333333333,0.0037466392350873445,0.05114868128535355,0.8985369596648394
43.06666666666667,0.00038787903610104066,0.00613051322705186,0.9999374642102643
43.1,0.0002165494451361492,0.031858352580063455,0.9996552597905938
43.13333333333333,0.0016463681147867082,0.009832230253209957,0.9995355762432535
43.166666666666664,0.0010622727529170683,0.00542683571742892,0.9994437649494444
43.2,0.0007943905650471992,0.022922814120156905,0.9997412047743931
43.233333333333334,9.170431759500111e-05,0.038805528345976115,0.9986900130169697
43.266666666666666,0.001687177735255391,0.004233292073981881,0.9791544202837278
43.3,0.001981507544261096,0.22165835600684014,1.4726056814638798e-26
43.333333333333336,0.0503599790715737,0.0947215335740108,6.139333163618111e-266
43.36666666666667,0.021766098776313633,0.13831779521410545,7.5484818092260545e-53
43.4,0.0012442744274217877,0.025876474667776875,0.988979555276154
43.43333333333333,0.00020361067405610768,0.0052490212091908335,0.9999807948668358
43.46666666666667,0.0003434654170305511,0.011336983461913827,0.9999875153714028
43.5,8.699924579237873e-05,0.003355195506684141,0.9999780364680231
43.53333333333333,0.0001453033241335383,0.000358086208680485,0.9999726082100959
43.56666666666667,0.0001383056265920033,0.02877065356457481,0.9997907030915684
43.6,0.001233038984446197,0.007665738943581993,0.9994732299887709
43.63333333333333,0.0008346313691425542,0.027446204532523437,0.9996528709290358
43.666666666666664,4.367726159316743e-05,0.018241216806651927,0.9999648908048361
43.7,0.00045877810705939473,0.014078166918990631,0.9999812084480559
43.733333333333334,9.97789741367037e-05,0.003010429332711744,0.9999781244396982
43.766666666666666,0.00015465049678720221,0.004695307770577366,0.9999263399195257
43.8,0.000264067407795178,0.07603348824134087,0.8894796704829707
43.833333333333336,0.006078011542974984,0.015604340006247068,0.8688384273997212
43.86666666666667,0.004263340884592631,0.00555602895878848,0.9807211101069997
43.9,0.0036944424679183803,0.05740822848160027,0.9910499649311064
43.93333333333333,0.00020124623914864317,0.011132492211315119,0.9999833364387585
43.96666666666667,2.6467190397943718e-05,0.044393059057789376,0.9988127776441404
44.0,0.0016958653648402196,0.03574424334420291,0.9995852865823713
44.03333333333333,0.000148034423517131,0.003315166538730563,0.9999812405344266
44.06666666666667,8.973027634585631e-05,0.008278264792686068,0.999983400176906
44.1,7.528184144499155e-06,0.01870696492032401,0.9989137126132809
44.13333333333333,0.0003217604252798477,0.08035829960341596,0.25903438704990805
44.166666666666664,0.006915403427771584,0.17675861110818014,5.416853551946975e-19
44.2,0.05135446912518357,0.20658252815610828,1.1748839328105945e-295
44.233333333333334,0.0034756219817372357,0.0651235720004498,0.672961446231133
44.266666666666666,3.714188948214665e-05,0.061559375338592556,0.9398384505803286
44.3,0.0031429216893546414,0.04878568500596455,0.9954949643942156
44.333333333333336,0.0002710674821266261,0.028507812438783937,0.9998050159190545
44.36666666666667,0.0015685191380470725,0.016238003932872534,0.999639220548878
44.4,0.0006981561869720028,0.023250053518046807,0.9998226570006967
44.43333333333333,5.6966978071793996e-05,0.003022865011440393,0.9999743944049002
44.46666666666667,2.5902000511306746e-05,0.023884655719579182,0.9999000487519561
44.5,0.0005993260252176797,0.007753812526624406,0.9999687760246054
44.53333333333333,0.0003306856994409316,0.018489584927162673,0.9999764437644101
44.56666666666667,1.0040033800105227e-05,0.03571864317307957,0.9993034881501992
44.6,0.001034787801719852,0.018352694542310158,0.9996480673006585
44.63333333333333,0.0002982390390549435,0.0004448486530026823,0.9999765130426299
44.666666666666664,0.0003109519591687691,0.011948735112922992,0.9999876465862119
44.7,6.290732674315053e-05,0.011857446470895181,0.9999817836728018
44.733333333333334,0.00030834431520042896,0.005499301499275107,0.9999863619943907
44.766666666666666,0.000171424625995418,0.008042975561902336,0.9995648080053894
44.8,0.0003851126505287376,0.12535665990661615,3.312557739239457e-06
44.833333333333336,0.014729474989089946,0.11388405475557219,1.7747985272041096e-23
44.86666666666667,0.0008372708319825549,0.009021755127602511,0.9944921040361773
44.9,0.0004670050244195323,0.04110442684093392,0.9991569972968409
44.93333333333333,0.003022096918083612,0.03422551130832326,0.9993526087933844
44.96666666666667,0.0007394769183662403,0.01021312567370768,0.999921192741098
45.0,0.00035724705373825727,0.014323443793255706,0.999985009931636
45.03333333333333,5.286570985039729e-05,0.008174427586215931,0.9999815682156361
45.06666666666667,0.00019348967883307916,0.0003242924108107871,0.9999750440005252
45.1,0.00020097178766832115,0.007227874913602839,0.9999872469174204
45.13333333333333,6.898826952842732e-05,0.0013403536454818178,0.9999701955206198
45.166666666666664,8.830882477039724e-05,5.3820097380768505e-05,0.9999652102391338
45.2,8.743024276580268e-05,0.028979644081599323,0.9988934674491649
45.233333333333334,0.0010807590183335308,0.06240843949238469,0.8876772339984151
45.266666666666666,0.006976884459019924,0.24166222096348153,1.1066247906578047e-35
45.3,0.0782087579396851,0.2239864852112366,0.0
45.333333333333336,0.009579122140155811,0.04693736020192934,3.5169324950027363e-06
45.36666666666667,0.0035732211555993734,0.053027834213903356,0.8993831771238272
45.4,0.00028009232550207084,0.005135911230333788,0.999941802147159
45.43333333333333,0.0004371295237389826,0.003586155760058432,0.9999800402556692
45.46666666666667,0.0005674596908908342,0.0074526433119659,0.9999733366374562
45.5,0.000892408269028158,0.02723106583235421,0.9996508124444577
45.53333333333333,6.0330877873552565e-05,0.013312053845734808,0.9999799807213362
45.56666666666667,0.0003450790315327515,0.019099118188389313,0.9999541905123832
45.6,0.0011614829235860906,0.0012644871477186174,0.9756994331304677
45.63333333333333,0.0010923761350522304,0.09122931844855182,0.0512068876097943
45.666666666666664,0.011469199700000467,0.1303630942559088,1.3090944973616247e-18
45.7,0.04532519293235924,0.22370483630491864,6.01387501807493e-238
45.733333333333334,0.0009821859370592234,0.032356406374616765,0.9870042385417271
45.766666666666666,2.572899816786511e-05,0.020510043424916764,0.999924556793476
45.8,0.0004719856941540819,0.015086226300502157,0.9999783758822295
45.833333333333336,0.0011541292861607414,0.014458742912723727,0.9996118318082601
45.86666666666667,0.0004943735000053585,0.010689300438878805,0.9999812674204049
45.9,0.0009556265207598269,0.02868050944541955,0.9996336278390665
45.93333333333333,5.823021717480029e-05,0.030557204533101404,0.9996471807685156
45.96666666666667,0.0010521156240345369,0.01879489207007244,0.9996499207803075
46.0,0.00029511530258146605,0.013200438121237716,0.9999868111532383
46.03333333333333,4.1730173786919854e-05,0.0006146362562336978,0.9999631928683886
46.06666666666667,4.847217175262395e-05,0.00566367772273222,0.9999790502363677
46.1,5.54445290570851e-06,0.006472698621661339,0.9999757580454403
46.13333333333333,5.805106098887768e-05,0.015676739329132328,0.9999758334752861
46.166666666666664,0.00041401891349024145,0.004821184175963446,0.999983247347965
46.2,0.0002699843886424474,0.007178876183266577,0.9999878282482749
46.233333333333334,0.0004955529362922512,0.0041637965115423016,0.99997677928371
46.266666666666666,0.0006575936687675827,0.020584718133568228,0.9998991657812801
46.3,7.978634444306218e-05,0.027704123375201464,0.9998103359108187
46.333333333333336,0.0009873248192662258,0.0188572286887753,0.9996684827579383
46.36666666666667,0.00025964948447817826,0.026635998670716594,0.9998870888951562
46.4,0.0014239252265517235,0.022690249332608846,0.9996734851059181
46.43333333333333,0.00037311577440450605,0.014947063426924144,0.9999412841710946
46.46666666666667,5.1551114877738596e-05,0.05427332957776003,0.9199887523531861
46.5,0.0026248555172319332,0.29837229995740977,1.5276466856000393e-52
46.53333333333333,0.08607687750359053,0.17380229472608047,0.0
46.56666666666667,0.023204937903570737,0.16882026322245058,4.322588772622105e-65
46.6,0.00023459410298675194,0.016699482778714775,0.9993929929802772
46.63333333333333,0.0008336724000163094,0.027865232392334634,0.9996465653307665
46.666666666666664,3.9087022082936276e-05,0.005718308285184402,0.9999780606800595
46.7,0.00011876383200153124,0.0013049416495175684,0.9999745769740274
46.733333333333334,0.0001430497035604942,0.009245310989867285,0.9999864048710251
46.766666666666666,0.0003789905903534342,0.01730670916822842,0.9999786994389391
46.8,0.0011233997005437606,0.03281573247478666,0.9996158152604039
46.833333333333336,4.7311014163180795e-05,0.002123203908805304,0.9999703340671038
46.86666666666667,2.6528924558393275e-05,0.006719308888186154,0.9999782966615002
46.9,0.0001125682892255018,0.006515620554587877,0.9999840857501426
46.93333333333333,0.00025286685523513567,0.021613516496826995,0.99994818940084
46.96666666666667,0.0011186939942135143,0.02615067615139242,0.9886905768469288
47.0,0.0029892054065125883,0.11632759682472539,5.139740713194076e-05
47.03333333333333,0.02222656009587633,0.010914749999220557,2.7173953945603724e-47
47.06666666666667,0.019662888668172295,0.03595353356502612,2.481648481909075e-36
47.1,0.02869860735667557,0.1714259149894145,3.9176301454565656e-95
47.13333333333333,0.0009167349439397473,0.0014020782749586088,0.9813580251262539
47.166666666666664,0.0008489375537048533,0.003938668233780653,0.988663918984054
47.2,0.0010456378713336455,0.1914143194402957,1.0351182406909673e-18
47.233333333333334,0.035226553636083985,0.10344719576061061,2.2177192060542807e-129
47.266666666666666,0.07379144461237319,0.18481581149424947,0.0
47.3,0.17778113017458555,0.15611986876155856,0.0
47.333333333333336,0.08698650044897879,0.13903080753148722,0.0
47.36666666666667,0.03315950487651028,0.1548976119042419,1.0312387558749877e-120
47.4,0.0031790309571854704,0.005433319813909778,0.9642193440668179
47.43333333333333,0.0027008949373391183,0.00289233685878868,0.998002066285274
47.46666666666667,0.002950736012109314,0.037608859877623135,0.9992751980891111
47.5,0.000566174251924757,0.013767045064810903,0.999970374994971
47.53333333333333,0.00015919388664938097,0.006197891838494994,0.9999856207083856
47.56666666666667,5.7494356564871754e-05,0.01628384107561334,0.9999734973772768
47.6,0.00043278936769737585,0.0012633038354422964,0.9991351239790649
47.63333333333333,0.0003910539563688827,0.20688501417576882,1.0788367315916488e-22
47.666666666666664,0.03522465719648777,0.2330475532592648,5.406587176973897e-156
47.7,0.14199426044133598,0.07929083667130228,0.0
47.733333333333334,0.09763598436903086,0.10541303178836468,0.0
47.766666666666666,0.05148984393320916,0.23922528107491628,2.3846233242328954e-306
47.8,0.0010732476739068867,0.015800167252397395,0.987909733652862
47.833333333333336,0.0003973527894873723,0.011039228360840828,0.9999810518105582
47.86666666666667,0.00012034579755641781,0.012526101104964946,0.9999842380844545
47.9,0.0004469207280691235,0.0077510590456013485,0.9994750492851728
47.93333333333333,0.00022040959501141736,0.1327917895260205,2.3017367835879877e-07
47.96666666666667,0.015036054508742172,0.08182100409049053,1.5583347509496035e-22
48.0,0.0357318729699027,0.12312406099554954,1.2533969612676319e-135
48.03333333333333,0.007938980333055654,0.03214756505125013,0.0017616499515075153
48.06666666666667,0.003969942538478412,0.06656630692088991,0.5441808601870548
48.1,8.060533677548173e-05,0.005893247350987732,0.999712033216549
48.13333333333333,0.00018947849202486066,4.517319707211621e-05,0.9999734321736938
48.166666666666664,0.00018838336187429838,0.02763198760963754,0.9998487363646378
48.2,0.0013071958492819524,0.0015505314927384381,0.9992223150342832
48.233333333333334,0.0012175628083793658,0.014846720317077806,0.9995311576361456
48.266666666666666,0.0005217005226543467,0.06053685788194557,0.9939133758603024
48.3,0.005180401042222609,0.04673097152378508,0.9788645510656998
48.333333333333336,0.0011591088610662722,0.007196690754989604,0.9991059711329288
48.36666666666667,0.0015911830516033164,0.017972046366691724,0.9996462430616297
48.4,0.000640109653714136,0.023940717091729465,0.9998467507798635
48.43333333333333,3.438467982456708e-05,0.01696779917971933,0.9999647392392391
48.46666666666667,0.00038576964903425435,0.05321405929050271,0.9954944237689018
48.5,0.003947910173492614,0.03315103652217173,0.9531132822161443
48.53333333333333,0.008053315996807737,0.03473582876336337,0.057677766339343246
48.56666666666667,0.003787935916809167,0.01011825669646267,0.9521182552672157
48.6,0.0028442212411700914,0.05453924836548037,0.9947722973316346
48.63333333333333,8.213405793443197e-05,0.008659100674114706,0.9999808853252646
48.666666666666664,0.00025904323097504213,0.009713950042467924,0.9999883224145093
48.7,6.734453109615146e-05,0.024586061987312637,0.9998970856023048
48.733333333333334,0.00079329024897765,0.00824650594705076,0.9988528722756206
48.766666666666666,0.00046092940091159055,0.06834847170633976,0.7324442580121451
48.8,0.005920274927523164,0.2038410651402685,6.3051680244042245e-24
48.833333333333336,0.058747654355821514,0.12372455564026291,0.0
48.86666666666667,0.11750784622251033,0.28338500830261926,0.0
48.9,0.01272440638879728,0.00782153028578662,4.1700223976848446e-14
48.93333333333333,0.011331935473050402,0.10259572002424126,1.432479747317688e-13
48.96666666666667,0.0005374642709421968,0.034151059900080306,0.9851168662058759
49.0,0.0025911426451423413,0.03396363265003593,0.9992918311913458
49.03333333333333,0.0005445406563619147,0.002493776444657526,0.999965048552985
49.06666666666667,0.0004540403775180836,0.015012209257590921,0.9999800384203456
49.1,8.316989524269076e-05,0.0005988716563992092,0.999968540700227
49.13333333333333,9.233496922301023e-05,0.0048374358536502435,0.999980950109155
49.166666666666664,3.223939570179869e-05,0.027876306881726872,0.9996895967379152
49.2,0.000801389314398931,0.02955155206603694,0.9878387019764739
49.233333333333334,0.0027348465122679854,0.27242089257088975,7.892109560334824e-43
49.266666666666666,0.07474180972256637,0.04862689072550462,0.0
49.3,0.05471945716547743,0.15809984604580124,0.0
49.333333333333336,0.13121425058622804,0.005322292829881645,0.0
49.36666666666667,0.12810133160636142,0.22869350779587203,0.0
49.4,0.029689758553890885,0.09724410706980874,4.8902435719553423e-91
49.43333333333333,0.00872037015195696,0.028912016377098428,0.00017389367606525561
49.46666666666667,0.004888158669929787,0.006465689294439305,0.7321402918974244
49.5,0.004181532595291233,0.05670673109241415,0.9269562733402604
49.53333333333333,0.00034740250391794846,0.009807895604109478,0.9999587111790162
49.56666666666667,0.0007076772825718983,0.01907863565918521,0.9998902917789442
49.6,0.00012351681816804945,6.943319635215624e-05,0.9999698275246336
49.63333333333333,0.00012484364339179058,0.00664320099058074,0.9999847344953323
49.666666666666664,3.3366471629546315e-05,0.0031736496852537263,0.9999723165959263
49.7,1.0199255063932901e-05,0.004196893373033726,0.9998698257210066
49.733333333333334,4.365802142504711e-05,0.06040543049375185,0.8862753812123944
49.766666666666666,0.0030955758622097916,0.0796906462969061,0.2267508977018227
49.8,0.014476015809846225,0.0714271380740738,3.271404206219132e-19
49.833333333333336,0.0317866379433629,0.04037052680307129,6.735207314345946e-101
49.86666666666667,0.04454421293656719,0.14770252696174388,1.929904717214241e-214
49.9,0.008313774968609624,0.07846359307207278,8.120683881909746e-06
49.93333333333333,0.0007560791228525045,0.003356171970320953,0.995969183130463
49.96666666666667,0.0006135441932702547,0.008378450738390485,0.9999623491015409
50.0,0.00032279442353346785,0.0010002125744699626,0.9999782029328339
50.03333333333333,0.00029417357109717953,0.01715957620809261,0.99998118582571
50.06666666666667,1.0335884993409797e-05,0.001709617402016176,0.999963567231802
50.1,3.303804658425582e-06,0.013245428274668222,0.9999746814559468
50.13333333333333,0.00015834737947843764,0.01758131713072688,0.9999776477604196
50.166666666666664,0.0007212735296663802,0.014850610877749571,0.9999194347933741
50.2,0.00021904366137663505,0.00973178051029197,0.9999880318271117
50.233333333333334,4.7564580005442614e-05,0.007654000393695357,0.9999809069781008
50.266666666666666,0.00017196662228419681,0.00859384738266671,0.9999871212050359
50.3,3.761915104764438e-05,0.020261632412606947,0.9999515131316955
50.333333333333336,0.0005100275739575701,0.0017482445479069886,0.9999679718948312
50.36666666666667,0.0004478177457898678,0.011340609611009293,0.9999842485434788
50.4,0.00014289221380425028,0.0011550293708761472,0.9999756322490096
50.43333333333333,0.0001212859416461741,0.004820184349098683,0.9999827016804432
50.46666666666667,5.03599043392762e-05,0.016471175931211415,0.9999728802452794
50.5,0.00041901377083227245,0.022543337011153637,0.99994637647148
50.53333333333333,4.66322954544579e-06,0.004626188520750665,0.999972451406603
50.56666666666667,3.510970184230351e-05,0.003579596230910399,0.999973727364228
50.6,7.806048523061126e-05,0.004656443148025894,0.9999798916035574
50.63333333333333,0.00015922303405219802,0.002762158364066832,0.9999808086363212
50.666666666666664,0.00010759934211993558,0.0016775204006577774,0.9999750073397093
50.7,0.0001377789686641933,0.005228934019028131,0.9999839466415136
50.733333333333334,0.00025553326506521035,0.01158292618223572,0.999987854648766
50.766666666666666,0.0006446341497097113,0.02644691427087529,0.9997782670461831
50.8,1.534098296600768e-05,0.0011064433640014196,0.9999611468682943
50.833333333333336,2.3224949975620964e-05,0.0018453697146533466,0.999966256738817
50.86666666666667,3.9960542923127575e-05,0.0007876816679876132,0.9999638166116513
50.9,3.224536886522743e-05,0.004982584123190231,0.9999764549545693
50.93333333333333,2.622098292517766e-06,0.010463552763654809,0.9999771198270563
50.96666666666667,0.00010259441192074332,0.002809713801288489,0.9999778627456328
51.0,0.00015407918962408296,1.0724029082828594e-05,0.9999718367562829
51.03333333333333,0.00015437413527118532,0.007740672973605294,0.9999863947721332
51.06666666666667,3.766419820705677e-05,0.001098885668791083,0.9999650682883303
51.1,4.945881703797478e-05,0.014402146864911525,0.9999776758995571
51.13333333333333,0.0003506925081382902,0.0014445156970360406,0.9999788425412545
51.166666666666664,0.00030804400725716963,0.0047271033139805714,0.9999856952440455
51.2,0.0004575765978149558,0.027222965025765263,0.9998452153600426
51.233333333333334,0.0018912380979630632,0.03637752275608421,0.9995808053975996
51.266666666666666,0.00019490190717311062,0.010286957027429879,0.9999866985756561
51.3,3.1426361476220186e-05,0.05089059884303889,0.998043559401474
51.333333333333336,0.0022010228295866107,0.03941941679847267,0.9994555476572581
51.36666666666667,0.00022256984538234463,0.002559374190867372,0.999981852389334
51.4,0.00016481874603520953,0.0009779889024319622,0.9999761881642538
51.43333333333333,0.00018591825216874872,0.004130076630465403,0.9999841031139393
51.46666666666667,0.0002886814785506162,0.0063743651380904365,0.9999873453762469
51.5,0.0004913964060921684,0.004389726398659853,0.9999776618081608
51.53333333333333,0.0003460141768353964,0.0005150402534784621,0.9999757071877308
51.56666666666667,0.000330521776219864,0.009381852318708936,0.9995997381862474
51.6,0.0006655349712631004,0.11575650933138595,8.027026315755026e-05
51.63333333333333,0.01433937596883275,0.2960142410087989,7.490981697209385e-71
51.666666666666664,0.12959162138664135,0.11708054243395562,0.0
51.7,0.20703523536334878,0.05054848159661361,0.0
51.733333333333334,0.17138288728669682,0.05923100834512496,0.0
51.766666666666666,0.13389053055802022,0.24335281670329953,0.0
51.8,0.028361290968319807,0.060206056767462476,3.932918806002715e-80
51.833333333333336,0.0472075893374304,0.04447353937591451,7.059138536692393e-230
51.86666666666667,0.03282483199906567,0.07329575826384149,1.8680292609390292e-109
51.9,0.05791939893963957,0.19283012931491983,0.0
51.93333333333333,0.007083730567378684,0.008076056910708184,0.0009022907134632629
51.96666666666667,0.008230558299001819,0.03685565398141718,0.0005293940366252989
52.0,0.0036976076702343423,0.025182051823144987,0.48180261370770733
52.03333333333333,0.006601299083744855,0.061746611428792314,0.008014008000153748
52.06666666666667,0.017256426085955723,0.1308350894946559,9.20933760091756e-34
52.1,0.0006338860691190139,0.0035777172955891254,0.9983063377302869
52.13333333333333,0.0007887091810802601,0.02984082414036619,0.999606212283054
52.166666666666664,0.002735884195083706,0.02262126838815025,0.9995323940770577
52.2,0.00115215125491586,0.0011059422539103632,0.9988781118198078
52.233333333333334,0.001214111309350456,0.032386946050582135,0.9874259189266373
52.266666666666666,7.317098958731763e-05,0.1023619759559623,0.002280447783459471
52.3,0.00839690332057595,0.05042743173739076,0.0001445003982480302
52.333333333333336,0.002571051194761841,0.04631945944020533,0.5294142095008016
52.36666666666667,0.007797009623285607,0.035545522096106064,0.06865142729425751
52.4,0.0035342405620819592,0.009578141269457925,0.964186382878746
52.43333333333333,0.0026700838267526466,0.028454434059561214,0.9990463373014111
52.46666666666667,0.0008166063020634707,0.02315435020708641,0.9997090646067867
52.5,0.002244048248480073,0.056716778402482154,0.997966786940409
52.53333333333333,1.7364267860646796e-06,0.026096711018138777,0.9998158599202469
52.56666666666667,0.0005071610491715153,0.004121628049266001,0.9999742523000019
52.6,0.0003675593364550003,0.03003356122198764,0.9984394974056477
52.63333333333333,0.0018966310751438373,0.06659676771747462,0.826621506189649
52.666666666666664,0.009526181431291214,0.07307556329006375,6.183218539829123e-06
52.7,0.001466293184487333,0.023224578172526624,0.9893043091994487
52.733333333333334,0.00037790696343586327,0.013270036997420666,0.9999786881105145
52.766666666666666,7.50861875408484e-05,0.056015399405088304,0.9969069714064872
52.8,0.0029302564222567643,0.033419217094515126,0.9993652301404115
52.833333333333336,0.000729320538011211,0.0004363954455270337,0.9998555657636617
52.86666666666667,0.0007101470297064549,0.023219587059974983,0.9998155328243847
52.9,6.0815388110550066e-05,0.01631239524540548,0.9999741042635529
52.93333333333333,0.0004427908415764198,0.030297333365709406,0.9997310006090954
52.96666666666667,0.002082558447302841,0.024247091815411553,0.999613844697208
53.0,0.004266278803415605,0.006273699894678645,0.9960639912825787
53.03333333333333,0.004957784833304901,0.02305039691051266,0.9936360737064043
53.06666666666667,0.0026730025161622066,0.0007226907581850115,0.9987010754219103
53.1,0.002734325864069603,0.024441158649534517,0.9993735100085014
53.13333333333333,0.005202728858326667,0.013163325372795453,0.9888454453551415
53.166666666666664,0.003775325181454077,0.009080922951791102,0.9975923757055075
53.2,0.004735744773318722,0.036261289065972376,0.9946940086724968
53.233333333333334,0.0015511388435243056,0.004618999282620445,0.9992842286611491
53.266666666666666,0.0018607488391458869,0.012226394622435839,0.9995652294382721
53.3,0.0011029301340767272,0.0007755303137399009,0.9991245179451572
53.333333333333336,0.0011453472001485417,0.04294249252986485,0.9972949725866634
53.36666666666667,0.004719366191423696,0.011227098151892377,0.8933628832273698
53.4,0.006054784889454013,0.03831872095854554,0.27479841480261874
53.43333333333333,0.011862325956909727,0.02804343627629502,6.763053799386895e-11
53.46666666666667,0.017338802088197665,0.12129395313843684,5.956546839669657e-33
53.5,0.00110449108923897,0.0073469731892859295,0.6364344209698293
53.53333333333333,0.0015366247898633684,0.19975960419644764,6.703474031301738e-21
53.56666666666667,0.04053117225372586,0.026005382763463945,2.3869337767562532e-167
53.6,0.032477458500588426,0.027858665297520107,2.258408920491153e-105
53.63333333333333,0.041139047850374,0.18943492815603363,1.493690727029319e-190
53.666666666666664,0.0024091686575514336,0.002790126400443553,0.9733502562403697
53.7,0.0021917085985958605,0.019239526905618025,0.9990731821557869
53.733333333333334,0.000973308308394398,0.02630360833077888,0.9882599877223359
53.766666666666666,9.6932014310875e-05,0.29141710670495224,5.856813881790562e-50
53.8,0.06069240862112861,0.029633005498445324,0.0
53.833333333333336,0.07312205148945909,0.007024283555276748,0.0
53.86666666666667,0.07006978829787357,0.14729410480940647,0.0
53.9,0.021072425262438497,0.112567175525998,4.0148705398650625e-46
53.93333333333333,0.0028947826736336487,0.009001417483126654,0.9466078331252807
53.96666666666667,0.002161748140043828,0.05327012051617574,0.9289628476912243
54.0,0.008051614301267579,0.03356655069170307,0.05886120494979416
54.03333333333333,0.003904461729013437,0.01479175744124362,0.9563187295235112
54.06666666666667,0.0025480070894609045,0.008527318278777406,0.9985125423980421
54.1,0.0018969481045031913,0.040064284557664226,0.9989504048795098
54.13333333333333,0.005787041090983439,0.026412537365752324,0.9677383782517827
54.166666666666664,0.0029848217089703376,0.021229852405372805,0.9887656118055596
54.2,0.005164785541097105,0.04287148739324519,0.671551479760528
54.233333333333334,0.011377035616594859,0.03109285641048993,2.571576261639739e-09
54.266666666666666,0.006630150560085656,0.061772906681140445,0.014778791926672042
54.3,0.0009789788430144396,0.022844021473344894,0.9891006838874428
54.333333333333336,0.00016242267078419553,0.007155177535496784,0.9999815499678709
54.36666666666667,0.0003443006769304937,0.003074522483709925,0.9999827807450911
54.4,0.00044326657597373804,0.012016421863158697,0.9999841057714406
54.43333333333333,0.0001276299617352474,0.00022692732220174478,0.9999709742652836
54.46666666666667,0.00013189883343793014,0.010207385267276443,0.999985781835801
54.5,0.0003909706955899258,0.003887041886226287,0.9995462338547614
54.53333333333333,0.0005258294648839084,0.08226655719786066,0.21674696227850007
54.56666666666667,0.008046192938117137,0.055891761788911226,0.00011500788965456431
54.6,0.018242346882722204,0.11383068478316678,5.354728342988473e-35
54.63333333333333,0.0018214474585750205,0.026367289306818056,0.9891580805198015
54.666666666666664,0.00045264870572212434,0.021159053765491643,0.999938026459445
54.7,0.0014785155846347335,0.013544258764839655,0.9996048531939242
54.733333333333334,0.0007538220693774682,0.034113083285226095,0.9995437878126245
54.766666666666666,0.0030409539670284047,0.037080960031565864,0.9992792042385649
54.8,0.0006273555151160523,0.015403546507559538,0.9999528406576222
54.833333333333336,0.00015729270207710274,0.0002516323093944615,0.999973034384092
54.86666666666667,0.00015213281162839765,0.001421697744016106,0.999976916974382
54.9,0.00018201767535554634,0.026634726611594894,0.9998787626275218
54.93333333333333,0.0012328479163484746,0.0039181679412302935,0.999339945144028
54.96666666666667,0.0014665115480275873,0.014123911858087508,0.9996094746758081
55.0,0.0007197928648334383,0.015977962739831066,0.9999120457515644
55.03333333333333,0.00019202987167596313,0.0002743005569535803,0.9999727899949339
55.06666666666667,0.00019833939066982685,0.05424087626686605,0.9976049519354804
55.1,0.0033766031996561594,0.03699663094833107,0.9988671846047346
55.13333333333333,0.000788447190001718,0.014405030700258413,0.9957279973253869
55.166666666666664,0.00026845673004839953,0.17985028339723474,3.281154732380273e-16
55.2,0.026357990344817228,0.13980206987441685,7.689092192271742e-76
55.233333333333334,0.002390030332190215,0.050111405925806124,0.9628503246568327
55.266666666666666,6.744903026750858e-05,0.038106779069722756,0.9983153814085374
55.3,0.0015323414100629807,0.0334525769691897,0.9996107518358232
55.333333333333336,0.00014378524152925805,0.015253408209002822,0.9999820368515379
55.36666666666667,0.0005941259465855023,0.00620136366479166,0.9999676956883561
55.4,0.0003739719694141541,0.0059847716813347055,0.9999856589138905
55.43333333333333,0.00020960102565516608,0.009323503280985709,0.9995967653915752
55.46666666666667,4.768708685567099e-05,0.11410188047440492,8.879793156581019e-05
55.5,0.009903200116280013,0.17674488950042397,1.912737022404662e-24
55.53333333333333,0.0590295520543756,0.1838270412212947,0.0
55.56666666666667,0.00879227008161944,0.03489907228245235,4.712946216272544e-05
55.6,0.0042824688252102285,0.01021599535100617,0.281269813157155
55.63333333333333,0.005436827205956361,0.06843193351581653,0.052455617811013044
55.666666666666664,0.00033097915233491206,0.07320850720711013,0.06722677102961859
55.7,0.006023531437830768,0.055655220756358925,0.011322385424275338
55.733333333333334,0.015075696705929993,0.06055124193413631,9.483167917131627e-20
55.766666666666666,0.005422540721863578,0.027113098583156164,0.6479093390754003
55.8,0.002665682149493759,0.029656784362560404,0.92652150660294
55.833333333333336,0.005730839161792271,0.016884349446433033,0.4949171536391562
55.86666666666667,0.007993872126175059,0.06912256562646327,0.0018119222455970996
55.9,0.0011093281578439442,0.014935220403657965,0.9874871187436683
55.93333333333333,0.0004486715209907807,0.0076960892001810815,0.9999777699974206
55.96666666666667,0.00022297019359606525,0.01392039081747755,0.9999860328946374
56.0,0.0006882024768909778,0.005037417255474224,0.9999364015509182
56.03333333333333,0.0004902682525429308,0.018357481566954777,0.9999665051844079
56.06666666666667,0.0013722700426908473,0.03163523403742077,0.9996437709561248
56.1,0.00012916099515587786,0.004591336340367755,0.9999822695761647
56.13333333333333,0.0002278559272433787,0.035562278109374665,0.9994441922306333
56.166666666666664,0.0019325484919343844,0.032586157096770194,0.9994454367939657
56.2,0.00030661763432847865,0.03405735236835802,0.9851872199637118
56.233333333333334,0.0020389526872936483,0.4366105648931173,9.871218103142272e-122
56.266666666666666,0.15960098413770102,0.21957141725969695,0.0
56.3,0.04897320828094354,0.23411866282600052,1.0181332936732293e-277
56.333333333333336,0.0009790642848476697,0.02119526356998185,0.9890904142803839
56.36666666666667,0.00019836416951127416,0.003726654739400361,0.9999777672471698
56.4,0.00029282619578218955,0.0340733889131471,0.9995476067222558
56.43333333333333,0.0020043058916359557,0.020721320594394573,0.9996508372649934
56.46666666666667,0.0007811472916887576,0.025790777316718718,0.9997046646865471
56.5,4.9163699315584576e-05,0.005247036417490161,0.9999778276599235
56.53333333333333,0.00012711956062025503,0.0021913188271336765,0.9992598059878908
56.56666666666667,0.0001704763900652516,0.16935408465472668,5.4606445038721423e-14
56.6,0.022651880718535505,0.15744758356260694,3.065062234665104e-60
56.63333333333333,0.0005162256311837429,0.023273914046910617,0.9972476446933594
56.666666666666664,1.4613745478940455e-05,0.0012917956262833788,0.9999589187899159
56.7,7.664312904700251e-06,0.010360912629173831,0.9999772764566622
56.733333333333334,0.0001251689216102549,0.004221435052628682,0.9993990143979563
56.766666666666666,0.00021367606530081553,0.2730193612141758,4.075547796438177e-43
56.8,0.05578971047771599,0.1452068171514807,0.0
56.833333333333336,0.014006455916949129,0.07758512173125526,9.345163567101785e-18
56.86666666666667,0.003066861471797981,0.005705641963398055,0.9680389822376978
56.9,0.0025751033720545617,0.0358429732639097,0.9989731870367049
56.93333333333333,0.00046882145545973174,0.0030533919492451932,0.9999758879708931
56.96666666666667,0.0003675230221164452,0.003566993831610917,0.9999830383132265
57.0,0.00048704678160784885,0.015078220447591698,0.9999656179951611
57.03333333333333,0.0011771674312038957,0.008531080666451153,0.9837314188361774
57.06666666666667,0.0007498221900666012,0.1671631789134753,2.1216012526401344e-13
57.1,0.026586099100130073,0.054073280533290316,1.0183012428574456e-69
57.13333333333333,0.042824245564763996,0.21395907847211776,8.779184591455221e-212
57.166666666666664,0.0011083823481753362,0.03778702706410407,0.9847637082483497
57.2,6.8241359534079115e-06,0.021690000415354203,0.9998940999883813
57.233333333333334,0.00040916713029721653,0.009162596032287102,0.9999859098508252
57.266666666666666,0.0001635269381325415,0.0025409303491833422,0.9993483347397747
57.3,0.00011496163278132151,0.19959214195588443,6.487986359658771e-21
57.333333333333336,0.029829342080400417,0.17243585243028323,9.276463097528634e-104
57.36666666666667,0.09775607879255399,0.02630559610679255,0.0
57.4,0.08486007826854619,0.3411571554608353,0.0
57.43333333333333,0.0002081593208183296,0.05868748732954638,0.8729104399452828
57.46666666666667,0.003851656609022825,0.05523860787866453,0.9750937830057111
57.5,0.0002967719251509181,0.01913542188712536,0.999955136547708
57.53333333333333,2.8192384969595396e-06,0.02275582266474242,0.9999117940001414
57.56666666666667,0.0004066488192145525,0.002247115090510869,0.9999786889945245
57.6,0.00033630145604403403,0.0017721888228587061,0.9999801079662006
57.63333333333333,0.00039125116110155745,0.007963040261576149,0.9999865264378985
57.666666666666664,0.00017725202659878505,2.6689710494606377e-05,0.9999731636434588
57.7,0.00017791390558965283,0.0013571622953935443,0.9999779541678395
57.733333333333334,0.00020860623260493657,0.005600159113105102,0.9999862620350153
57.766666666666666,9.789505086673575e-05,0.007002669778538288,0.9999837308273657
57.8,1.767356673769516e-05,0.018239784833733206,0.9999611692882868
57.833333333333336,0.0003615823981246281,0.00866844942806852,0.9999874372722519
57.86666666666667,0.00014342894243828043,0.01372899801960723,0.9999843133112163
57.9,0.0005346546041331228,0.0143390265955533,0.9999741219091124
57.93333333333333,0.0001318132926614095,0.0028885067755724126,0.9999798252336088
57.96666666666667,0.0001912363357314367,0.008714367603243922,0.9999875647599877
58.0,4.557815793933855e-05,0.014271764935189323,0.9999774910252565
58.03333333333333,0.00033633979656910333,0.02693698791185078,0.9998773182478075
58.06666666666667,0.0016164396084646841,0.004942018478358257,0.9993936159024897
58.1,0.00130978138802863,0.003957244344644255,0.9993263220061749
58.13333333333333,0.0015528121272835016,6.073968427303558e-05,0.9991349263132633
58.166666666666664,0.0015569497421075698,0.02561644859447607,0.9996689530036763
58.2,0.0003483657577188601,0.014478782720963933,0.999984890649563
58.233333333333334,4.772331945846437e-05,0.014505845318101614,0.9999773515082814
58.266666666666666,0.00034918617827616865,0.009373487318591535,0.9999877342913442
58.3,0.0001226562911630303,0.003295516979020203,0.9999451634968858
58.333333333333336,7.050107587419454e-05,0.07112113877780443,0.9453418008397051
58.36666666666667,0.004372218287950678,0.06840305954846365,0.9152515605525712
58.4,0.00011242601737752522,0.012018475645960149,0.9999417014028424
58.43333333333333,6.641503846671175e-07,0.024556930323054046,0.9998729155573157
58.46666666666667,0.00043182136676946125,0.0023593652231759577,0.9999774976971594
58.5,0.0003557826736803672,0.010558388257459424,0.9999875292646705
58.53333333333333,0.00010586072782677437,0.008830236632102618,0.9999849059197484
58.56666666666667,0.0003048361388735906,0.0010234721645268465,0.9999785773127804
58.6,0.00027641331067853535,0.016396409711456342,0.9999828558171319
58.63333333333333,1.094819769761859e-05,0.020864745712261948,0.9999398044657223
58.666666666666664,0.0004101587528602678,0.010022132540294146,0.9999861726383752
58.7,0.0001467625462346757,0.0055284741539071165,0.9999845440446102
58.733333333333334,5.8113965261284474e-05,0.02664940720945683,0.9998399454205856
58.766666666666666,0.0008559807070846093,0.008333546968211607,0.9998105618519507
58.8,0.0005058175283429725,0.015006079542601832,0.9999757467643415
58.833333333333336,0.00010623789965016558,0.020877497875295272,0.9999574389202107
58.86666666666667,0.0007428734457935123,0.022146447333886998,0.9998132553376622
58.9,8.606322290576594e-05,0.004858976352934229,0.9999806633800827
58.93333333333333,0.00017488805629459767,0.006394209636447699,0.9999861929798526
58.96666666666667,6.449053124010947e-05,0.02162270934244882,0.9999439360654266
59.0,0.0006545731365989214,0.029711591810308094,0.9996717540476568
59.03333333333333,2.1028783190241693e-06,0.005879465194807123,0.9999742457972822
59.06666666666667,3.893333303961229e-05,0.00019489367265252094,0.999960231614273
59.1,4.097423199090175e-05,0.003370168119734983,0.9999296367004402
59.13333333333333,8.355312841809571e-05,0.07556694393974009,0.947884630774098
59.166666666666664,0.004966705973357194,0.039036970887968,0.9810841231327254
59.2,0.0015046576602857364,0.025100159622431926,0.999444780797676
59.233333333333334,0.00033912227118081833,0.04904295887763099,0.9977076346583887
59.266666666666666,0.0033897485987418254,0.0698877645059656,0.977174362485117
59.3,2.1928650907940625e-06,0.03299754199079055,0.9990567125475811
59.333333333333336,0.0007998622924834481,0.0076569327438561355,0.9998674087926674
59.36666666666667,0.001190206117799815,0.035894172844820695,0.9995792851810685
59.4,2.8739730648884552e-05,0.016650111095312784,0.9999693450541874
59.43333333333333,0.00035648016365205106,0.009901762205223348,0.9999876014412725
59.46666666666667,0.00011751390722392069,0.018070563399622312,0.9999736436856415
59.5,0.0006507941503350398,0.018928857585459,0.9999216238586334
59.53333333333333,0.0016708839391565609,0.014493802564796293,0.9996205469091612
59.56666666666667,0.0008474028916465908,0.002782184621082513,0.9997421608646716
59.6,0.000720867827760267,0.0005654272787212142,0.9998682819613387
59.63333333333333,0.0007458937757737103,0.020201670723872987,0.9998459004948057
59.666666666666664,0.00011905344546565204,0.010325293091768403,0.9999854040935328
59.7,0.00037230486100685,0.0034211959381038755,0.9999826566157614
59.733333333333334,0.0004873106762692626,0.011284458653594488,0.9999819481992287
59.766666666666666,0.0001667417734143365,0.0022142570542913577,0.9999798468791463
59.8,0.00012348309571351727,0.0020434416560562293,0.9999766372166706
59.833333333333336,8.930768309930168e-05,0.03895407103729014,0.9991981758295495
59.86666666666667,0.0016867365879909264,0.0314089542845454,0.9996413182383869
59.9,0.0002425766820419375,0.004589388351878692,0.99998546985268
59.93333333333333,0.00014033960811672206,0.0006550017944924557,0.9999736616204045
59.96666666666667,0.00012795313418237695,0.011308782386484886,0.9999855142208259
60.0,0.00041999782638454144,0.017550087613761332,0.9999762077215624
60.03333333333333,3.899171818477248e-05,0.00465450440819602,0.9999765532722744
60.06666666666667,0.0001005343136692144,0.009455893926172756,0.9999833393090759
60.1,5.476425091606626e-06,0.05449636389294926,0.9972104424138418
60.13333333333333,0.0021699402680826485,0.036674531214525095,0.9995116350525157
60.166666666666664,0.0002827183643186799,0.012505657631449254,0.9999872220048595
60.2,0.0007272360244272803,0.023604241127857365,0.9997944481431
60.233333333333334,6.091750834105296e-05,0.008019996760050134,0.9999819706287825
60.266666666666666,1.624941358021718e-06,0.01045260586544779,0.9999770144263135
60.3,9.5647196966775e-05,0.002773501333349891,0.9999772737991791
60.333333333333336,0.00014483041822376373,0.0001421751083192394,0.9999713952928094
60.36666666666667,0.0001419904016357989,0.03369088835310737,0.9995137025646502
60.4,0.0015416209700341746,0.032940442443192115,0.9996217950995973
60.43333333333333,0.00015687889542493285,0.038922829559563506,0.9992333980925416
60.46666666666667,0.0019464613489547063,0.034811383685942984,0.9995932563547177
60.5,0.00025161416434727325,0.013786682548257037,0.999985936493188
60.53333333333333,2.1771612849327274e-05,0.03759511877784182,0.9992172434790866
60.56666666666667,0.0012380310477157418,0.031560138661908294,0.9996283338475602
60.6,9.15260648043396e-05,0.01663983943814566,0.9999759577729307
60.63333333333333,0.0005325155147207163,0.0058068953920291655,0.9999757254372083
60.666666666666664,0.0007724179123372197,0.027816778340449884,0.9996657740714399
60.7,0.002537282479939467,0.03860417732330303,0.9994327099777717
60.733333333333334,0.0003624132507462612,0.016769714190311053,0.9999804878928508
60.766666666666666,2.9380685284752392e-05,0.013414348796307709,0.999977359317026
60.8,0.00026613929105298204,0.012518032602685941,0.999987482948322
60.833333333333336,3.780326300185644e-05,0.00966067659181099,0.999980131643515
60.86666666666667,0.0001958468973331604,0.04155700170396224,0.9990990472340308
60.9,0.002277748326772015,0.05338657534773875,0.9984024505803826
60.93333333333333,1.9268199184706993e-05,0.02174048337415751,0.9976298598150763
60.96666666666667,0.00048584464428860937,0.17300446334762662,1.1503018732126236e-14
61.0,0.026390761565007352,0.0359014387712785,4.13804902546157e-68
61.03333333333333,0.017772196317739287,0.1355386247169692,2.1119056262589463e-36
61.06666666666667,0.0005432820783482675,0.012527700417311103,0.9991946703547759
61.1,0.0001725843446052667,0.001813259829255067,0.999978517027308
61.13333333333333,0.00021351400264379758,0.009351409257879079,0.9999877939971219
61.166666666666664,4.924526300201527e-05,0.03298663937066809,0.9994887159877259
61.2,0.0011421007998061357,0.029812873853640755,0.9993870810567314
61.233333333333334,9.205098692268362e-05,0.06983088015492243,0.9783569586814317
61.266666666666666,0.004392113443446588,0.009419696127157035,0.9875403723349446
61.3,0.005464318642240988,0.0511101313306811,0.9484631283801065
61.333333333333336,0.001052200801302012,0.020953160822727742,0.9990830317441446
61.36666666666667,0.0024449250785517473,0.0194738860038553,0.999585044937145
61.4,0.0011315297696300262,0.017205823318050064,0.9996265269784924
61.43333333333333,0.00038693378567711804,0.03809504368274694,0.9993663910576297
61.46666666666667,0.002559517857198903,0.04461822463874463,0.9991851016120181
61.5,0.00020667091259743536,0.010222594674906368,0.9999874370139586
61.53333333333333,3.6891169334957294e-05,0.027552563946092474,0.9997434978108465
61.56666666666667,0.0008089244417812941,0.0011796130066018633,0.992338471415025
61.6,0.0008644860551660999,0.16450527899086861,7.707479607898759e-13
61.63333333333333,0.026541150019329857,0.1266403542751059,8.465056272616073e-75
61.666666666666664,0.0036159628244941478,0.014122235742911986,0.965130284873397
61.7,0.002368606986817806,0.03991991477432235,0.9987992181335749
61.733333333333334,0.0002645825646409377,0.001289807383089679,0.9992902042428052
61.766666666666666,0.0002998453876781154,0.3104374168714024,1.8749706990835695e-57
61.8,0.07250317148672057,0.10050929062611963,0.0
61.833333333333336,0.12308744282998707,0.38003914550303924,0.0
61.86666666666667,0.0017980985606186356,0.02627827295421576,0.9857513901147374
61.9,0.004062046404137045,0.029803520324800905,0.9865364841675558
61.93333333333333,0.0015636441053317209,0.06654856398287443,0.8222325802397663
61.96666666666667,0.008752669524500331,0.01764726009022823,0.00016694128768329636
62.0,0.011638309270243204,0.09587803668108383,1.6227236066194965e-13
62.03333333333333,0.0009038975079967079,0.026593468022615318,0.9883463323996355
62.06666666666667,7.185504382364948e-05,0.03684718637127479,0.99903097051576
62.1,0.0014735431250423546,0.03245248380241436,0.9996288670644548
62.13333333333333,0.00014506633129243544,0.011233366542861554,0.9999859977395208
62.166666666666664,0.0004479676728372116,0.0024957670778884,0.9999765253878211
62.2,0.0003662030842060994,0.008991819475275933,0.9995786938893024
62.233333333333334,0.00014006294331801036,0.2052145511985831,2.466052681578609e-22
62.266666666666666,0.03182202976909242,0.17335438058636846,8.563081743640288e-117
62.3,0.10181249847243927,0.32085579952770554,0.0
62.333333333333336,0.00344315990770734,0.04818453564287509,0.9390075735779432
62.36666666666667,0.0003829430822809744,0.02207783296210444,0.9998631327210424
62.4,0.0014055461855489893,0.0344007927990795,0.9996144028096461
62.43333333333333,9.151639847504584e-05,0.01239650679178585,0.99998297120821
62.46666666666667,0.00038540735527043703,0.006272085029302036,0.9999857598026959
62.5,0.00021134919227774285,0.004652513388971139,0.9999851244589555
62.53333333333333,0.00033552301325319125,0.006518300452126835,0.999566058495341
62.56666666666667,0.0005574742716361446,0.17137041931123503,2.650549587630283e-14
62.6,0.026469699163149788,0.15810287317559016,1.054428121410525e-79
62.63333333333333,0.0011819074321390063,0.039149007558310245,0.9651335455504756
62.666666666666664,0.004376459842701417,0.06601089590026522,0.9434512783114095
62.7,0.00015818132037285988,0.01397667425600995,0.9999562194750675
62.733333333333334,0.0005723754516758738,0.01647363931734273,0.9999621983057325
62.766666666666666,0.0001113048500849734,0.007538100293116472,0.9999847022360482
62.8,0.00027795540854017313,0.0020760232068351477,0.9999811919828734
62.833333333333336,0.0002245138465881168,0.0026010327923635585,0.9994077648215325
62.86666666666667,0.00016562080185742457,0.2778344712445468,7.307053656633846e-45
62.9,0.05681465753678128,0.09901071392335119,0.0
62.93333333333333,0.024964112597441534,0.05525330402127563,3.9900581382050646e-61
62.96666666666667,0.012804028913264447,0.08873198508046015,1.4860594731891416e-15
63.0,0.0016923828406369141,0.03255767767193005,0.9880917287319425
63.03333333333333,0.00021641860769104884,0.012348716640709693,0.9999822803098308
63.06666666666667,0.0006119207102502972,0.010448689891231492,0.9999672768087251
63.1,0.0002641720037588845,0.00601792831565943,0.9999871048070577
63.13333333333333,0.00012917354589718385,0.004501397469699253,0.9999826394739026
63.166666666666664,0.0002256739523673631,0.0062469465657372485,0.9999870148573766
63.2,0.0004038475281701135,0.015937418463224048,0.999974031809627
63.233333333333334,0.0010912512724428724,0.020035146993313838,0.98857137588474
63.266666666666666,0.0024302510550994806,0.24626041617718003,5.629683312904578e-34
63.3,0.06208076603195019,0.2672010127593898,0.0
63.333333333333336,0.0010434451804690803,0.019773448093894037,0.9885293539818969
63.36666666666667,0.0023380615217588017,0.0167838541717931,0.9994430680425114
63.4,0.0012060856555488448,0.02348909389449929,0.999654690088748
63.43333333333333,0.0028939421267204874,0.02840559541715915,0.9994857237591676
63.46666666666667,0.0009448570361542647,0.0075911822708493075,0.9996600947204243
63.5,0.0006038967599940355,0.00825147402802606,0.9999681201286359
63.53333333333333,0.00031948056967823305,0.005194089673021635,0.9999856368407708
63.56666666666667,0.0004880955460721058,0.04703276694873019,0.9988755315034294
63.6,0.0036321714970990304,0.048135358674314906,0.9971127692156853
63.63333333333333,0.00044935496961897784,0.055042127932954966,0.9931897076718579
63.666666666666664,0.0043392394546239044,0.01476144679418643,0.9347130621797208
63.7,0.006061582781775086,0.0029086669904127716,0.2100780171506195
63.733333333333334,0.005699099995405014,0.0765747546807534,0.0034048564418363895
63.766666666666666,0.018945296835553,0.0290546660018484,2.0989422990135473e-33
63.8,0.013009375360220525,0.0493596662068564,1.1085603609857638e-14
63.833333333333336,0.00547544511638962,0.009730431239732648,0.044805284992006374
63.86666666666667,0.00670702627039357,0.005177877394386134,0.004954723981819992
63.9,0.007413530438294462,0.011074085856783713,0.0006684372092903543
63.93333333333333,0.005946136655964296,0.04181406611682671,0.014021470964452673
63.96666666666667,0.012332046682125532,0.04862157455806281,6.156530870787676e-12
64.0,0.005124607165916175,0.005519751615977339,0.5739209773673857
64.03333333333333,0.0045028757960735065,0.059547282868374074,0.8112044722969464
64.06666666666666,0.0003523920871524075,0.002760912016794934,0.9970160860569008
64.1,0.0002731763830807243,0.08291022202099302,0.30442602057999196
64.13333333333334,0.007025873723465296,0.03997187489055632,0.18761314226677744
64.16666666666667,0.0026395868998304564,0.008940159467525756,0.982996581060589
64.2,0.0019464011484152594,0.047139038235530055,0.9987956874441741
64.23333333333333,3.426724489344745e-05,0.024301369987190184,0.999889855844214
64.26666666666667,0.0006544941798531013,0.02691232143345663,0.9997464210651082
64.3,1.3928713758095355e-05,0.04662562457574411,0.9985846177350614
64.33333333333333,0.0017290909670353851,0.010490245325566059,0.9995356128188695
64.36666666666666,0.0010933187140073095,0.021364619269029,0.9996484768457238
64.4,0.0025409496430775533,0.029455288912643582,0.9995750330675306
64.43333333333334,0.0007021954543162537,0.017948897631225258,0.999904230723175
64.46666666666667,0.0016866957308647726,0.024753933404496973,0.9996772127072172
64.5,0.0004399880341185068,0.018795358995059932,0.9999670220876361
64.53333333333333,3.2664647511550255e-05,0.023434078141937147,0.9970377125993667
64.56666666666666,0.0006121055062037784,0.4825967521332407,2.1830974423949603e-151
64.6,0.1733962049052694,0.37574102620991445,0.0
64.63333333333334,0.01242403090598748,0.11514398681268616,1.4965849683722923e-17
64.66666666666667,0.00032438255583648194,0.00976193135953684,0.9995742200924017
64.7,0.0006727182799647927,0.016206284906445947,0.997791033288332
64.73333333333333,0.00016332600796988532,0.1796323023167417,3.411947295650108e-16
64.76666666666667,0.025144530151148384,0.1791724686095155,1.7743487357300908e-78
64.8,0.09240718873735008,0.34193558160233817,0.0
64.83333333333333,0.0007009167391920484,0.017757239540464886,0.9969663673003395
64.86666666666666,0.00014542081714006755,0.007987138675726669,0.9999848738623636
64.9,0.0003439246128417679,0.001240928254762567,0.9999780906836319
64.93333333333334,0.00038241989382115527,0.0046215649744010415,0.9994706275513787
64.96666666666667,0.0005433425133402939,0.358658305674437,4.416906643707617e-79
65.0,0.0988425081325644,0.19116461763368575,0.0
65.03333333333333,0.025358813530366297,0.0032149423562386824,8.328272169020025e-63
65.06666666666666,0.02619763968204542,0.1675739916015291,4.4587363818975536e-80
65.1,0.0006684201662178846,0.0006056894757901129,0.9969997919983484
65.13333333333334,0.0006942474365826286,0.009642062439836303,0.9999381323107974
65.16666666666667,0.0003429790806445615,0.012036014616635612,0.999571997178047
65.2,7.650472459111988e-05,0.14867712808965988,4.770606811594016e-10
65.23333333333333,0.016748390221077474,0.0963016386431583,2.888449188366214e-29
65.26666666666667,0.04308732778991377,0.22519629291447887,2.537637364459773e-217
65.3,0.0006153830242110471,0.008500468590830363,0.9988659692708679
65.33333333333333,0.0010054671814652574,0.023471792277431628,0.9996488789029885
65.36666666666666,0.00016016090674815495,0.009515233916822248,0.9999867835104213
65.4,2.4270339613295327e-05,0.0037825803011085008,0.9999729779460124
65.43333333333334,3.4003797627782074e-06,0.011333796653658516,0.9999767714149446
65.46666666666667,0.00012228005499901668,0.00695502147871095,0.9999848493191111
65.5,2.9243083129899267e-05,0.006396146747530703,0.9999775788604625
65.53333333333333,0.00011245231693432872,0.01835894063915462,0.9990716169262023
65.56666666666666,0.0006506955770064072,0.29515700990288596,3.030184504510645e-51
65.6,0.0702542032616109,0.06575385220456674,0.0
65.63333333333334,0.04481167539409311,0.14044629667253766,9.66584051555586e-216
65.66666666666667,0.10606334057601002,0.3581453777187877,0.0
65.7,0.0012255443506809423,0.031044670736240575,0.9875245335435342
65.73333333333333,0.0036248075265526473,0.04290016179188172,0.9977832623174395
65.76666666666667,0.0006444411651234705,0.008448321691148758,0.9999376123104063
65.8,0.0003432058651192139,0.033608166537982875,0.9862457056775057
65.83333333333333,0.0020981394344274885,0.2386931755789957,1.4281051681563245e-31
65.86666666666666,0.05737301537630348,0.23440763708451726,0.0
65.9,0.002428866651333491,0.2054184482350056,9.4978608995601e-24
65.93333333333334,0.046655879291106636,0.05035413417267632,1.4889102872077222e-224
65.96666666666667,0.030670635832574882,0.017004777528005433,1.843227580827471e-93
66.0,0.02602623821308186,0.127946981813811,2.5069707338784214e-72
66.03333333333333,0.003304453621015157,0.027531999139856086,0.6931226940729299
66.06666666666666,0.006373144881197555,0.06355192533946565,0.3057840130456533
66.1,0.0007981180233661406,0.02422136925844492,0.9910582008829119
66.13333333333334,0.0022955625650575096,0.017668475374215578,0.9845592540618985
66.16666666666667,0.0011268984492957671,0.2039914525364976,8.16540716146745e-22
66.2,0.0396518155188648,0.09571079946860042,1.6130178473345727e-163
66.23333333333333,0.014749577211383466,0.11998145782717493,2.4392618139967565e-24
66.26666666666667,0.0005793515365612575,0.016528981180403145,0.998607655432166
66.3,0.00011343460441301528,0.050893617258161994,0.9980906438351163
66.33333333333333,0.002699825455010207,0.022366186293643082,0.9995305917831111
66.36666666666666,0.0011427466865499409,0.0194144861769043,0.9996466708166897
66.4,0.00032559751491560577,0.006159284337755838,0.9999867396515294
66.43333333333334,0.00017008934972410344,0.023657275696225243,0.9999367183369285
66.46666666666667,0.0010398010775705042,0.01975036053135534,0.9996513995693924
66.5,0.0023307955739001298,0.01026882184674006,0.9994367219035397
66.53333333333333,0.003205314035629202,0.055847399021450805,0.9967893199344998
66.56666666666666,0.00012737272423653156,0.003953046438064446,0.9999797857586981
66.6,6.518299446244765e-05,0.004672664021680252,0.9999776203906983
66.63333333333334,0.00014089924642438545,0.05172642628969192,0.9980419952748453
66.66666666666667,0.0029003622105396045,0.04201860330430592,0.9990991050875707
66.7,0.00039004958732888556,0.043784757108772526,0.999081359818898
66.73333333333333,0.0030568062523537247,0.008139823693200725,0.9991249119223546
66.76666666666667,0.0023696520387577282,0.019375752117202192,0.9995434396933108
66.8,0.004148296128692583,0.04901163465629,0.9953839793614646
66.83333333333333,0.000606476957953967,0.028388223163782877,0.9996907111147041
66.86666666666666,0.002272396421811504,0.015373594439649979,0.9989987877612359
66.9,0.0036179964446607623,0.04035448513444203,0.9554623059890563
66.93333333333334,0.008631121350870212,0.2814830319654854,2.06423989809892e-51
66.96666666666667,0.10326707133590309,0.07718840486841977,0.0
67.0,0.06692803631609923,0.11513126452263885,0.0
67.03333333333333,0.02731205459188792,0.1811296507073276,3.708850212321563e-89
67.06666666666666,0.0003333790003366117,0.02011093626200447,0.9989907082715419
67.1,0.0011960604632423148,0.00839348942772282,0.9994842625411962
67.13333333333334,0.0007711055973621248,0.00938784012695614,0.999899093425543
67.16666666666667,0.0012525311095048374,0.014312232489261794,0.9996042185576709
67.2,0.002209934346328433,0.03896538624257384,0.9994665609343889
67.23333333333333,0.00023661175456665576,0.04956459673080984,0.9984691779563324
67.26666666666667,0.0030927046225608505,0.01501473923096354,0.9993101720579919
67.3,0.0018855730073749403,0.040421556927199204,0.999476547534001
67.33333333333333,0.00011263307557136922,0.03503097003160986,0.9994063673007386
67.36666666666666,0.0015247653997431708,0.03437063923625693,0.9995484276465879
67.4,0.004481777883787321,0.04432632107497152,0.9948224441033681
67.43333333333334,0.0009590337233077675,0.011783215149889838,0.9996295559312527
67.46666666666667,0.001643055545043309,0.026083272532609066,0.9996732065514091
67.5,0.00037489286688296677,0.018991554542637984,0.9999728423804046
67.53333333333333,0.0012095817952092996,0.011044278789844245,0.9993829183854561
67.56666666666666,0.0019136813077551382,0.015273930426119561,0.9874275631817773
67.6,0.0009825887997230874,0.17416279842161578,8.041086431539717e-15
67.63333333333334,0.029824058196801187,0.07238012447059537,9.986045936142485e-90
67.66666666666667,0.05356520474008978,0.15465251196119867,3.471329519816e-310
67.7,0.011220333956565447,0.054278199418385006,1.2872241027512692e-09
67.73333333333333,0.003828127464353381,0.009630547646245003,0.9481494163919324
67.76666666666667,0.0029216956487250643,0.038496411551185696,0.9981605183612319
67.8,0.0005201175977797305,0.007689641239192746,0.9999778167098502
67.83333333333333,0.0008439167431075356,0.02001944445767415,0.9997620268880134
67.86666666666666,0.00016380310606385962,0.00400480332648148,0.9999831471306088
67.9,0.0002576786717916213,0.0043181800954915275,0.9999853953752439
67.93333333333334,0.00015735658717865015,0.013986679824133277,0.9999845138425775
67.96666666666667,0.0005711939461836449,0.011255307845137105,0.9999735319517117
68.0,0.00021789408445406275,0.0011687656063210433,0.9999785944109146
68.03333333333333,0.00024690031670497164,0.013787149849721061,0.9999863559317816
68.06666666666666,2.0395664432793338e-05,0.025969362240699203,0.9998429907172542
68.1,0.0006553874785966875,0.011900468521336293,0.9999554550949002
68.13333333333334,0.00025403814805903194,0.01148783116795527,0.9999879404094406
68.16666666666667,0.0006383523520447167,0.016522485545576802,0.9999445856376277
68.2,0.001496021313438563,0.010208811005427941,0.999550722691778
68.23333333333333,0.0009235427757596335,0.01412808596871449,0.9997264282210975
68.26666666666667,0.00035797052707840326,0.014554438437329474,0.9999846158244633
68.3,5.0444756814645506e-05,0.00956284925475581,0.9999812339079724
68.33333333333333,0.00022107685780785308,0.0006391847995516956,0.9992308359848853
68.36666666666666,0.0002368716054588055,0.21985796311197528,3.0869188726303467e-26
68.4,0.037568834745032094,0.12581733746836268,3.109992399479514e-150
68.43333333333334,0.008411314365667711,0.14816360001329562,2.480523761713621e-16
68.46666666666667,0.04492810471292879,0.05042246602213613,1.0280732739251375e-207
68.5,0.02925388420322579,0.17207036544220025,1.2778043299206695e-98
68.53333333333333,0.0009850607730816803,0.003051323387809929,0.9822942015201218
68.56666666666666,0.0011468580039681467,0.012181515057522845,0.9993443694190126
68.6,0.0005748275589424869,0.0040197947136074745,0.9999651517442903
68.63333333333334,0.0007420850656547973,0.011628983327694744,0.9999196486583966
68.66666666666667,0.00031683019726498396,0.0006423869909146549,0.9999771309753873
68.7,0.0002984312148873315,0.013513848977053594,0.9999861344619542
68.73333333333333,0.0007978631110347516,0.045517102448386686,0.998721811189895
68.76666666666667,0.004249836241777624,0.061768793755162164,0.980762949461063
68.8,0.00022668693377551606,0.013458793129463133,0.9999780365826169
68.83333333333333,0.0006751114019736793,0.02369091348573723,0.999831088870299
68.86666666666666,4.5558388639708163e-05,0.005252759248475547,0.9999781011025749
68.9,0.00012138497742714266,0.0007372467445560979,0.9999726491198668
68.93333333333334,0.00010848966396104223,0.010601505449888464,0.9999824800622705
68.96666666666667,0.0003619181858412966,0.027903843309237616,0.9949332307251502
69.0,0.0017367384402222302,0.12911853754596264,1.3428316769416641e-06
69.03333333333333,0.021452665842097776,0.0027934950331593086,4.8418386372071e-44
69.06666666666666,0.02212287079471043,0.13513999043941774,6.128091560843806e-54
69.1,0.0015254950850012074,0.026730571968416304,0.989251253690935
69.13333333333334,0.0003013571787796844,0.009865000813180138,0.9999841940274076
69.16666666666667,0.0006436122870657653,0.004183509237635218,0.9999490195576681
69.2,0.0008276006202401094,0.02811691703123924,0.9996504094245063
69.23333333333333,3.530894566713899e-05,0.01726476136467218,0.9999673041545173
69.26666666666667,0.000398412562468168,0.0022238063021150483,0.9993009393939182
69.3,0.00047386095343330767,0.16671537352646004,2.311625085306935e-13
69.33333333333333,0.02467247358348513,0.04629822020345609,2.706027767235731e-59
69.36666666666666,0.014279535957227139,0.11259485625504956,4.918647232757354e-22
69.4,0.0007903887649459317,0.020761794084898172,0.9932138283609755
69.43333333333334,0.0020220455159257068,0.03861318743622395,0.9994020566591777
69.46666666666667,0.00018564168631332752,0.04784273282387008,0.9985927155759285
69.5,0.002751812636629537,0.00029352294201455767,0.9987796038338572
69.53333333333333,0.0027771962259212028,0.03549845437775996,0.9994176037267489
69.56666666666666,0.0005705229816175798,0.004458981880114756,0.9999487678551408
69.6,0.0007566761703277418,0.05379691954450159,0.9823859118893403
69.63333333333334,0.005065425720852141,0.0036095603243017976,0.6777975214658822
69.66666666666667,0.004656586664996816,0.18070396952457835,2.1662754015206418e-17
69.7,0.04618095716873176,0.19846575211427686,1.536960826889763e-239
69.73333333333333,0.0028970283120642788,0.0005835120322972417,0.9593730252328252
69.76666666666667,0.0029485755401914534,0.00585305210153389,0.9979232963055708
69.8,0.0024549423683006837,0.0476291236019814,0.9989834978669512
69.83333333333333,0.0001185390780152752,0.03053600729345088,0.9996826016004718
69.86666666666666,0.001272691387849528,0.01946969990107439,0.999654278986439
69.9,0.0003948118956741219,0.007012396681747507,0.9999858318864031
69.93333333333334,0.00020093198665424643,0.009778589444759797,0.9999877975495649
69.96666666666667,3.885395686027812e-05,0.00291126178761784,0.9999722391873404
70.0,1.493561230482359e-05,0.022508464953022524,0.9999202034857694
70.03333333333333,0.0004902299485838601,0.0011178897892204084,0.9999678249324813
70.06666666666666,0.0004507409779870264,0.012782078141604944,0.9999831378521002
70.1,0.00011777907309152324,0.011470394588447074,0.9999846910221502
70.13333333333334,2.324513440688324e-06,0.03619872722324382,0.9992705839837456
70.16666666666667,0.0009562438946284389,0.0044493696191193685,0.9995632638221049
70.2,0.0007457762698615345,0.019670717313985116,0.999852879822604
70.23333333333333,0.00012859596874076432,0.0020182408372945468,0.999977368664601
70.26666666666667,0.00016851813027094175,0.010232819723804742,0.9999870915649857
70.3,0.0004532714225284235,0.005177966865274307,0.999981716296845
70.33333333333333,0.00029187559811869767,0.0047432628618525735,0.9999858913064898
70.36666666666666,0.00017506474535108104,0.005666153409179146,0.9999855522517062
70.4,7.444914546683756e-05,0.02240264985156948,0.9998394470537362
70.43333333333334,0.000719055384564863,0.06073143745044435,0.9510608294017668
70.46666666666667,0.005792306132338654,0.06899110125357998,0.5496152601059726
70.5,0.00040447317886007007,0.01611771483466541,0.9996723276742283
70.53333333333333,4.935074515345411e-05,0.054015556694930064,0.9973171064458167
70.56666666666666,0.0025876879089470795,0.05260425064626517,0.9983389871249859
70.6,6.676442013111866e-05,0.0008203425024681932,0.9999658682104097
70.63333333333334,7.814823287269828e-05,0.024888523472263807,0.9998969223630015
70.66666666666667,0.0008435795959960932,0.0033314332095270584,0.9997619865942571
70.7,0.0010081515989742035,0.032107575850696075,0.9995803886200816
70.73333333333333,0.003342307431132813,0.010594437003113895,0.9976601822900941
70.76666666666667,0.0024217474148652217,0.052567866068516926,0.953393921949658
70.8,0.008441471147066568,0.058579086464667585,0.00018804527692813962
70.83333333333333,0.0019653821733030506,0.07576644326009102,0.03351923664874107
70.86666666666666,0.011199217797845929,0.0585281794965039,5.987148790236753e-11
70.9,0.023509979896111158,0.03752953128407102,2.6119582692522764e-53
70.93333333333334,0.0337790920463045,0.10248169686906122,9.005169384277115e-119
70.96666666666667,0.010123571981633633,0.0360582658923716,5.829002357850339e-07
71.0,0.005090633294331887,0.03389724320071692,0.7828452404958003
71.03333333333333,0.0019215147577621274,0.011953891024725318,0.996608052951735
71.06666666666666,0.0011648739273966233,0.017777256097414307,0.9995904878663446
71.1,0.002358194866019065,0.044190670042883524,0.9989373565590489
71.13333333333334,0.00016109654676725233,0.03325830012500578,0.9850206972092884
71.16666666666667,0.0015751909959745166,0.2986773898840907,1.593655717391008e-52
71.2,0.07957572882279304,0.2280024420174758,0.0
71.23333333333333,0.009418149218728158,0.07872755209553599,3.9637384020539235e-09
71.26666666666667,0.025902902125588618,0.27821131743492533,2.2000579414521e-111
71.3,0.14956515441865073,0.41355906762104,0.0
71.33333333333333,0.002611056059977231,0.051203765471858474,0.3951513346529869
71.36666666666666,0.008585436523459949,0.08866668620683231,3.2440848359537703e-06
71.4,0.0004282291574758119,0.0430003547913519,0.5249769455148988
71.43333333333334,0.0030908877914456066,0.12860386631420015,4.976632200287226e-07
71.46666666666667,0.02559072030777174,0.10615969221858305,3.344628316192624e-67
71.5,0.005448066610965454,0.04138917722092715,0.5703096553239778
71.53333333333333,0.0016174143805551748,0.005708648423224611,0.991613079868615
71.56666666666666,0.002011821335756332,0.034566302324282816,0.999494324053065
71.6,0.0002821040383336035,0.0047152785493367756,0.9999856694456881
71.63333333333334,0.00016810381599667278,0.003094900145398401,0.9999818213070077
71.66666666666667,0.000239653673542653,0.021646983393507575,0.9999611628056604
71.7,0.0010925038493308566,0.023126982979377327,0.9996598241304729
71.73333333333333,0.00020390320204541606,0.010871255789612507,0.9999875308144301
71.76666666666667,2.970546878676422e-05,0.02004967463691713,0.9999516282463217
71.8,0.0004721547129546103,0.012479752349733732,0.9999821334035847
71.83333333333333,0.00013448026173616966,0.010962771707489972,0.9999858920649977
71.86666666666666,0.00042016388118823705,0.001907918154042069,0.9999770503505291
71.9,0.0003589584285133552,0.0019738073941835805,0.9999800073289808
71.93333333333334,0.00030071021226344807,0.008538870393626947,0.9999880189724675
71.96666666666667,0.00010830174914296915,0.009762622270385922,0.9995012605943815
72.0,0.0003361448223623471,0.1453198415048502,2.21805272164531e-09
72.03333333333333,0.018571357704556587,0.03897571415523381,3.569405062558853e-32
72.06666666666666,0.0109499068590753,0.0719586191867167,5.144123579638805e-10
72.1,0.002137993576747328,0.011110876316686367,0.9847518839284198
72.13333333333334,0.0013851654680058847,0.028347412370833623,0.9995026448813105
72.16666666666667,0.0002018489500517911,0.012476939409304163,0.9999867056750774
72.2,0.0005923053986440416,0.014105951565658897,0.9999659485178729
72.23333333333333,0.00016602545410428197,0.013227743919083443,0.9999855132167583
72.26666666666667,4.561139428118262e-06,0.02116017434693945,0.999934758774627
72.3,0.00037340067300574035,0.018419639307566543,0.9999753320649104
72.33333333333333,0.0011748653542297991,0.03266981337760677,0.9994229509768136
72.36666666666666,0.0036958928518025466,0.021925270626493243,0.9835527917470519
72.4,0.001848697511947763,0.07642691119153837,0.5048935716665994
72.43333333333334,0.011030512262529954,0.09340531096617853,1.0059579493622373e-10
72.46666666666667,0.0008536285067301093,0.010771690387600081,0.9940552529830442
72.5,0.0004190742015224167,0.0252662235500568,0.9998867163791578
72.53333333333333,0.0016794100008008237,0.008278920320656418,0.9995033324502806
72.56666666666666,0.002275560940128197,0.03426628416027748,0.9995688175668432
72.6,0.0003955791406656092,0.02013927945150771,0.9999662128080684
72.63333333333334,0.0013131580751752153,0.035260250164332436,0.9995992951015147
72.66666666666667,5.798957848853658e-05,0.0018340676681816788,0.9999705076644985
72.7,3.748546575653045e-05,0.017741087840953546,0.999966671396287
72.73333333333333,0.0004213640417926076,0.01214205185152935,0.9999849549225845
72.76666666666667,0.00011381752355101996,0.023708367297581117,0.9998975637164107
72.8,0.0008948785603508124,0.0014428633343543352,0.9867761221992469
72.83333333333333,0.0009665084049433986,0.30185424554240975,7.861597767087186e-54
72.86666666666666,0.07621475358681509,0.19615591204915175,0.0
72.9,0.01365896105162044,0.11660294631806706,7.225313915797302e-21
72.93333333333334,0.000494407362271062,0.04366372827882066,0.9726302351116356
72.96666666666667,0.0033264782555186487,0.041062129497952425,0.9979870845309944
73.0,0.0005927655107561661,0.017054173148895468,0.9999518067751494
73.03333333333333,0.001458561067466405,0.01538858436074719,0.9996319958227944
73.06666666666666,0.0006604174177880244,0.013645398893237713,0.9999491143658427
73.1,0.0013525004741928178,0.03429935880548342,0.9996021751503327
73.13333333333334,7.982156825448067e-05,0.0183841285116681,0.9989913890265427
73.16666666666667,0.0005692773436655772,0.09204668782848727,0.0362155874408346
73.2,0.009715341222675488,0.11378403884400998,6.551395653228991e-13
73.23333333333333,0.03644818406336221,0.1978712374054722,4.174812646995328e-154
73.26666666666667,0.0009194649312867924,0.022745493820842205,0.9894778594277428
73.3,0.00014062128460819176,0.007805913943754996,0.999980844085926
73.33333333333333,0.00033114779256980726,0.001978280795789089,0.9993561543107186
73.36666666666666,0.00027518242818246405,0.14613159300839687,1.5413588172981167e-09
73.4,0.018276362198639567,0.1262524854374507,8.05525294045856e-37
73.43333333333334,0.0010707851732928886,0.017533563591512515,0.9882793563375136
73.46666666666667,0.00034185103034049656,0.013987894990838898,0.9999801113621862
73.5,0.000890735578928705,0.0035268500866926416,0.9996809855062446
73.53333333333333,0.0007278998500198416,0.005602423275643892,0.9999177168759459
73.56666666666666,0.0005030801955320783,0.0041135200773891175,0.9999759594881965
73.6,0.00036433757084098804,0.008515608580320116,0.999987106123989
73.63333333333334,0.0001481713395217739,0.03621731692302403,0.9993746614661473
73.66666666666667,0.0017281024310728092,0.025685462699395974,0.9996702456105314
73.7,0.00042935614091309227,0.010338825681332549,0.9999852671001738
73.73333333333333,0.00015193228584266786,0.01799150352540844,0.9999742685249697
73.76666666666667,0.0007253298668791838,0.012159347121865114,0.9975901957752078
73.8,0.00029104183742470024,0.4345055206485019,1.1706250255898885e-120
73.83333333333333,0.13667714270282352,0.29821979435597684,0.0
73.86666666666666,0.016298997928328566,0.14981123636298238,8.480086897831124e-34
73.9,3.692792461643745e-05,0.012464838605404262,0.9993053277197367
73.93333333333334,0.00026240909028414086,0.0009939974281318053,0.9999781892579698
73.96666666666667,0.00023682382660419885,0.0075593700677980035,0.9999878447972392
74.0,0.00046344489211047526,0.01625728364464077,0.9999767413732139
74.03333333333333,6.936428844739009e-05,0.021115871269041974,0.9999501189157902
74.06666666666666,0.0006487760535103287,0.019570691103055673,0.9999099619936272
74.1,9.183376983403446e-05,0.02361247987329165,0.9974957123583355
74.13333333333334,0.0008266444451863509,0.12521996102658334,4.327034349405037e-06
74.16666666666667,0.01699915481316274,0.044575783988189926,1.0516532218977875e-26
74.2,0.027742445791468593,0.09777994733810175,1.8701028331650888e-79
74.23333333333333,0.0604764839727588,0.18230078000393934,0.0
74.26666666666667,0.009597235776536482,0.10059830659671354,1.7663136947256953e-11
74.3,0.03226043551931676,0.06037251776947571,8.052208498058947e-105
74.33333333333333,0.0170594471504737,0.0942767170493194,1.2941896665461057e-28
74.36666666666666,0.0029263417417227833,0.05176671264115449,0.9337890731897609
74.4,0.00014588057004502874,0.062157719753596005,0.9811327703509846
74.43333333333334,0.003909854430873751,0.05501342658949345,0.9912028308457279
74.46666666666667,0.0003195867594892931,0.0006016195221608763,0.999970440554866
74.5,0.0003022561732152976,0.008032617797597074,0.9999880069581866
74.53333333333333,0.000571602108766374,0.014527391995871802,0.9998323400080095
74.56666666666666,0.0001467444976879236,0.06023339375719287,0.866327107970505
74.6,0.0037213399390263625,0.29399873465296933,3.090325063101098e-51
74.63333333333334,0.08976524735071474,0.33817180806409913,0.0
74.66666666666667,0.0006326405516197129,0.017011488236726924,0.9981361830900134
74.7,0.0001286344340204173,0.02668303976528616,0.9998580367306121
74.73333333333333,0.0010891192252116201,0.021541439345353484,0.9996569420335488
74.76666666666667,0.00024072063711953886,0.007058611214277481,0.9999872545916387
74.8,9.56943606522277e-05,0.036553897187397634,0.9993224376102222
74.83333333333333,0.0015566120400533243,0.012585005399202034,0.9995749977468595
74.86666666666666,0.0008547918217134737,0.0488254493876088,0.998852249556003
74.9,0.004742537382928459,0.018885664156175794,0.9956362377025642
74.93333333333334,0.0028660663172616744,0.046771705470544704,0.9987444151179802
74.96666666666667,0.00024250080974565173,0.017959288645943153,0.9999779252701924
75.0,0.0009091308466310815,0.029322980583001645,0.9996243854133822
75.03333333333333,0.0029109466217202835,0.015421327388958357,0.9994158933014741
75.06666666666666,0.0017168004874512962,0.0003928343410300108,0.9991535938600339
75.1,0.0016902213534748557,0.009417440701790467,0.9995205886058848
75.13333333333334,0.0011199739762420263,0.015541570174883543,0.999611483979811
75.16666666666667,0.0021236031419731675,0.004352345451723575,0.9993119646713035
75.2,0.002461949742926218,0.01942203364138871,0.9989427223739125
75.23333333333333,0.0042750401027330355,0.014454203318286436,0.9507461052287617
75.26666666666667,0.00594714007859021,0.00768536343814,0.32846292609662625
75.3,0.0069485815156778985,0.014707003537280635,0.021200753844446276
75.33333333333333,0.005100685373402141,0.06989458965298533,0.006542229908400225
75.36666666666666,0.016421695162655396,0.08249513870544166,2.5611328583388524e-25
75.4,0.003744549008603858,0.03478180545908556,0.9505210678670896
75.43333333333334,0.001086433921514942,0.01917207591592641,0.9816421336884931
75.46666666666667,0.00030267575944619747,0.08118890600795277,0.3011595910414519
75.5,0.0069377156861186815,0.03649246719606698,0.11290456553872141
75.53333333333333,0.0028808127822591762,0.0556741131747846,0.34111044629330645
75.56666666666666,0.00977337035266893,0.28003054157739665,3.2480299945826583e-53
75.6,0.10636054855499688,0.20307371543191274,0.0
75.63333333333334,0.24102453727854467,0.11354170588376673,0.0
75.66666666666667,0.1590347804114304,0.10280060343194371,0.0
75.7,0.09945067567644775,0.3435878203702952,0.0
75.73333333333333,0.0013327397353079952,0.018093377764749393,0.9883410683668645
75.76666666666667,0.002620850213247617,0.022629943822198177,0.9994135394670138
75.8,0.0010774711736580512,0.0042041109575326275,0.9993682671852058
75.83333333333333,0.0008649265657519996,0.04517580829858378,0.9990101380418823
75.86666666666666,0.004366158260916637,0.05323384786325274,0.9910188850772146
75.9,0.0005230210563753766,0.015649499115752644,0.9999636787554422
75.93333333333334,0.0012655102731077557,0.002143452314098448,0.9992577034206584
75.96666666666667,0.0011445519714133713,0.02525490847320338,0.9996536840917816
76.0,0.0001777027111360777,0.0017111046075091012,0.999978732791219
76.03333333333333,0.0002167542749550158,0.017803115189335715,0.9999712772656082
76.06666666666666,0.0008511959472161935,0.027475575391156176,0.9885798379484976
76.1,4.720333159899884e-05,0.28654727571853905,3.977978638321044e-48
76.13333333333334,0.057327850285092574,0.2561166612875862,0.0
76.16666666666667,0.0009966903695606297,0.02835476625775123,0.9879362221189
76.2,0.0029796293221035263,0.03279705026217762,0.9991875856874988
76.23333333333333,0.0007820434597877681,0.00389293555889111,0.9998561492186255
76.26666666666667,0.0006151556460766516,0.0065852919092051635,0.9999636698736396
76.3,0.0009090323356797408,0.025359878679088763,0.9996644182435089
76.33333333333333,9.146119242082828e-05,0.006062629093475112,0.9999823938764283
76.36666666666666,2.1501489062494156e-05,0.020615792654852114,0.9999449245057268
76.4,0.0004569396396276478,0.0032783937374763635,0.9999779460626015
76.43333333333334,0.0005779276307620058,0.027440074352917072,0.9997843552453411
76.46666666666667,0.0021449447386782112,0.017145389257940017,0.9996070754267623
76.5,0.001049458093289314,0.027598662196998282,0.9987551865574574
