Time,X,Y
0.0,0.043018415570259094,0.09440767765045166
0.03333333333333333,0.042692363262176514,0.09732496738433838
0.06666666666666667,0.04253301024436951,0.09853330254554749
0.1,0.042659610509872437,0.09849387407302856
0.13333333333333333,0.042678773403167725,0.09933164715766907
0.16666666666666666,0.04264071583747864,0.09863081574440002
0.2,0.04286150634288788,0.09832602739334106
0.23333333333333334,0.04251442849636078,0.09832504391670227
0.26666666666666666,0.04208008944988251,0.1019248366355896
0.3,0.04185009002685547,0.10213933885097504
0.3333333333333333,0.04171299934387207,0.10240896046161652
0.36666666666666664,0.04099622368812561,0.10198596119880676
0.4,0.03946182131767273,0.10284879803657532
0.43333333333333335,0.039008334279060364,0.10395242273807526
0.4666666666666667,0.039084166288375854,0.10464096069335938
0.5,0.03923483192920685,0.10496525466442108
0.5333333333333333,0.038435325026512146,0.10494810342788696
0.5666666666666667,0.03699362277984619,0.10535290837287903
0.6,0.03679046034812927,0.10534857213497162
0.6333333333333333,0.03711321949958801,0.10548646748065948
0.6666666666666666,0.03703981637954712,0.10599051415920258
0.7,0.0372200608253479,0.10602286458015442
0.7333333333333333,0.03718085587024689,0.10558928549289703
0.7666666666666667,0.036936625838279724,0.10610330104827881
0.8,0.036911994218826294,0.10638774931430817
0.8333333333333334,0.036947548389434814,0.10641036927700043
0.8666666666666667,0.03693939745426178,0.10599242150783539
0.9,0.03685277700424194,0.10543036460876465
0.9333333333333333,0.03686748445034027,0.10515832901000977
0.9666666666666667,0.036869511008262634,0.10505494475364685
1.0,0.036733224987983704,0.10517358779907227
1.0333333333333334,0.03673885762691498,0.10510453581809998
1.0666666666666667,0.03679905831813812,0.10468266904354095
1.1,0.036752745509147644,0.10466086864471436
1.1333333333333333,0.03664354979991913,0.10449287295341492
1.1666666666666667,0.03647208213806152,0.10472936928272247
1.2,0.03655076026916504,0.10449570417404175
1.2333333333333334,0.036451712250709534,0.10408665239810944
1.2666666666666666,0.036423563957214355,0.10414409637451172
1.3,0.03645738959312439,0.10384660959243774
1.3333333333333333,0.036624476313591,0.10401931405067444
1.3666666666666667,0.036476120352745056,0.10342639684677124
1.4,0.03649123013019562,0.10333986580371857
1.4333333333333333,0.036467358469963074,0.1029646098613739
1.4666666666666666,0.03641176223754883,0.10340385138988495
1.5,0.0364505797624588,0.10344462096691132
1.5333333333333334,0.03653456270694733,0.10347309708595276
1.5666666666666667,0.036482974886894226,0.10339365899562836
1.6,0.03647412359714508,0.10306978225708008
1.6333333333333333,0.03655947744846344,0.10296869277954102
1.6666666666666667,0.03621824085712433,0.10257694125175476
1.7,0.03585301339626312,0.1025269627571106
1.7333333333333334,0.03579583764076233,0.10230261087417603
1.7666666666666666,0.03588433563709259,0.10242512822151184
1.8,0.035660937428474426,0.10227338969707489
1.8333333333333333,0.03582116961479187,0.10222606360912323
1.8666666666666667,0.03588707745075226,0.10220798850059509
1.9,0.03589998185634613,0.10252971947193146
1.9333333333333333,0.03802405297756195,0.1006455272436142
1.9666666666666666,0.041392311453819275,0.09754635393619537
2.0,0.04300709068775177,0.09341740608215332
2.033333333333333,0.0428474098443985,0.09215524792671204
2.066666666666667,0.04273933172225952,0.09236380457878113
2.1,0.04270482063293457,0.0927804708480835
2.1333333333333333,0.04273836314678192,0.09263965487480164
2.1666666666666665,0.04253022372722626,0.09261804819107056
2.2,0.04249228537082672,0.09249183535575867
2.2333333333333334,0.04241932928562164,0.09243051707744598
2.2666666666666666,0.042351365089416504,0.09228718280792236
2.3,0.042346373200416565,0.09248895943164825
2.3333333333333335,0.042368724942207336,0.09254543483257294
2.3666666666666667,0.042461663484573364,0.09299527108669281
2.4,0.0423864871263504,0.09282155334949493
2.433333333333333,0.042366087436676025,0.09295451641082764
2.466666666666667,0.04239104688167572,0.09288392961025238
2.5,0.042475804686546326,0.0930229127407074
2.533333333333333,0.0424373596906662,0.09327426552772522
2.566666666666667,0.04244434833526611,0.0931529700756073
2.6,0.04244735836982727,0.09335160255432129
2.6333333333333333,0.04251539707183838,0.09367789328098297
2.6666666666666665,0.04260101914405823,0.09433500468730927
2.7,0.04255431890487671,0.0943174958229065
2.7333333333333334,0.0426444411277771,0.0947975218296051
2.7666666666666666,0.04260911047458649,0.09481100738048553
2.8,0.0426734983921051,0.0949065089225769
2.8333333333333335,0.042709752917289734,0.09491147100925446
2.8666666666666667,0.04265853762626648,0.09476418793201447
2.9,0.04257616400718689,0.09440165758132935
2.933333333333333,0.04267716407775879,0.09429998695850372
2.966666666666667,0.042663365602493286,0.09445875883102417
3.0,0.0426364541053772,0.09452277421951294
3.033333333333333,0.04260885715484619,0.09462857246398926
3.066666666666667,0.04269826412200928,0.09438540041446686
3.1,0.0427355021238327,0.09450636804103851
3.1333333333333333,0.042718857526779175,0.09461264312267303
3.1666666666666665,0.04279963672161102,0.09452562034130096
3.2,0.04272596538066864,0.09468734264373779
3.2333333333333334,0.042734116315841675,0.09458205103874207
3.2666666666666666,0.04275412857532501,0.09466910362243652
3.3,0.04275372624397278,0.09436279535293579
3.3333333333333335,0.04268518090248108,0.0942811518907547
3.3666666666666667,0.042685285210609436,0.09423382580280304
3.4,0.04272255301475525,0.09424689412117004
3.433333333333333,0.042785122990608215,0.09420156478881836
3.466666666666667,0.042786553502082825,0.0940331369638443
3.5,0.042703673243522644,0.09409314393997192
3.533333333333333,0.04274839162826538,0.09406918287277222
3.566666666666667,0.04272843897342682,0.0942789614200592
3.6,0.04269075393676758,0.0942302942276001
3.6333333333333333,0.04270218312740326,0.09413495659828186
3.6666666666666665,0.04271206259727478,0.09407627582550049
3.7,0.042645737528800964,0.09384453296661377
3.7333333333333334,0.042676761746406555,0.09353658556938171
3.7666666666666666,0.04270051419734955,0.09332354366779327
3.8,0.04258282482624054,0.093435138463974
3.8333333333333335,0.0425715297460556,0.09335523843765259
3.8666666666666667,0.0425398051738739,0.09353922307491302
3.9,0.042547792196273804,0.09332704544067383
3.933333333333333,0.0425402969121933,0.09336526691913605
3.966666666666667,0.042577892541885376,0.09313942492008209
4.0,0.04254056513309479,0.09329764544963837
4.033333333333333,0.04268772900104523,0.09323936700820923
4.066666666666666,0.04254955053329468,0.0925818681716919
4.1,0.042504966259002686,0.09257425367832184
4.133333333333334,0.0424361377954483,0.09226338565349579
4.166666666666667,0.042403608560562134,0.09226681292057037
4.2,0.04241149127483368,0.09228445589542389
4.233333333333333,0.04241570830345154,0.09207361936569214
4.266666666666667,0.04250793159008026,0.09189435839653015
4.3,0.04242600500583649,0.09194611012935638
4.333333333333333,0.04233425855636597,0.09180377423763275
4.366666666666666,0.0424310564994812,0.09194523096084595
4.4,0.04243265092372894,0.09178633987903595
4.433333333333334,0.04287891089916229,0.0926114022731781
4.466666666666667,0.044766247272491455,0.09406556189060211
4.5,0.04616597294807434,0.09569984674453735
4.533333333333333,0.046349361538887024,0.09625528752803802
4.566666666666666,0.04669736325740814,0.09629768133163452
4.6,0.04972851276397705,0.09777359664440155
4.633333333333334,0.052412599325180054,0.09946106374263763
4.666666666666667,0.05438414216041565,0.09994031488895416
4.7,0.05513457953929901,0.10100378096103668
4.733333333333333,0.055703163146972656,0.10154904425144196
4.766666666666667,0.05580000579357147,0.10200178623199463
4.8,0.056109145283699036,0.1015339195728302
4.833333333333333,0.05613654851913452,0.10158717632293701
4.866666666666666,0.056002482771873474,0.10116954147815704
4.9,0.05613428354263306,0.10132139921188354
4.933333333333334,0.05626495182514191,0.10136549174785614
4.966666666666667,0.05624788999557495,0.10142996907234192
5.0,0.056217342615127563,0.10097110271453857
5.033333333333333,0.056232646107673645,0.10112950205802917
5.066666666666666,0.05615827441215515,0.10123071074485779
5.1,0.05616408586502075,0.10130295157432556
5.133333333333334,0.056165531277656555,0.10110047459602356
5.166666666666667,0.05613616108894348,0.100897416472435
5.2,0.056349292397499084,0.10078811645507812
5.233333333333333,0.056363627314567566,0.10070233047008514
5.266666666666667,0.05632750689983368,0.1007571667432785
5.3,0.05638758838176727,0.10057620704174042
5.333333333333333,0.05635771155357361,0.10035677254199982
5.366666666666666,0.05627429485321045,0.1003386527299881
5.4,0.05638086795806885,0.10041260719299316
5.433333333333334,0.05651329457759857,0.10031871497631073
5.466666666666667,0.05650535225868225,0.10016050934791565
5.5,0.056249842047691345,0.1004113256931305
5.533333333333333,0.05634114146232605,0.10044145584106445
5.566666666666666,0.05640740692615509,0.101204052567482
5.6,0.056344375014305115,0.10142727196216583
5.633333333333334,0.05638381838798523,0.10116344690322876
5.666666666666667,0.05639934539794922,0.10114383697509766
5.7,0.056437671184539795,0.10120882093906403
5.733333333333333,0.05646920204162598,0.1013353168964386
5.766666666666667,0.0564248263835907,0.10147523880004883
5.8,0.056502506136894226,0.10145387053489685
5.833333333333333,0.056543201208114624,0.10184673964977264
5.866666666666666,0.05646057426929474,0.10167811810970306
5.9,0.05636876821517944,0.10200096666812897
5.933333333333334,0.056295379996299744,0.10179077088832855
5.966666666666667,0.05634944140911102,0.10175485908985138
6.0,0.05618607997894287,0.10209207236766815
6.033333333333333,0.05620372295379639,0.10156728327274323
6.066666666666666,0.05601547658443451,0.10083284974098206
6.1,0.05589689314365387,0.10079647600650787
6.133333333333334,0.05648195743560791,0.10046006739139557
6.166666666666667,0.05633315443992615,0.10056595504283905
6.2,0.05619344115257263,0.10106110572814941
6.233333333333333,0.056249216198921204,0.10077853500843048
6.266666666666667,0.05605992674827576,0.10076461732387543
6.3,0.05593752861022949,0.10091932117938995
6.333333333333333,0.05581958591938019,0.1009460836648941
6.366666666666666,0.05594564974308014,0.10100500285625458
6.4,0.05605563521385193,0.10111629962921143
6.433333333333334,0.05601358413696289,0.10082216560840607
6.466666666666667,0.05610382556915283,0.10089068114757538
6.5,0.05608151853084564,0.10072064399719238
6.533333333333333,0.05612996220588684,0.1004435122013092
6.566666666666666,0.05607731640338898,0.10056041181087494
6.6,0.056037887930870056,0.10036584734916687
6.633333333333334,0.05561935901641846,0.10039956867694855
6.666666666666667,0.055275142192840576,0.10073252022266388
6.7,0.055172666907310486,0.10070483386516571
6.733333333333333,0.05531308054924011,0.10075873136520386
6.766666666666667,0.05515044927597046,0.10047739744186401
6.8,0.05532681941986084,0.10030896961688995
6.833333333333333,0.05491878092288971,0.10035505890846252
6.866666666666666,0.05509448051452637,0.10010570287704468
6.9,0.05484209954738617,0.10030297935009003
6.933333333333334,0.05033285915851593,0.1032046228647232
6.966666666666667,0.04791806638240814,0.10390177369117737
7.0,0.04806689918041229,0.10468539595603943
7.033333333333333,0.04797990620136261,0.10450859367847443
7.066666666666666,0.04797942936420441,0.10440367460250854
7.1,0.048056021332740784,0.10436958074569702
7.133333333333334,0.047868967056274414,0.104627326130867
7.166666666666667,0.048114627599716187,0.10497984290122986
7.2,0.04788649082183838,0.10500918328762054
7.233333333333333,0.04660622775554657,0.10458862781524658
7.266666666666667,0.04242970049381256,0.10572080314159393
7.3,0.04086765646934509,0.10364757478237152
7.333333333333333,0.04054799675941467,0.10387329757213593
7.366666666666666,0.04067783057689667,0.10375377535820007
7.4,0.04065416753292084,0.10339255630970001
7.433333333333334,0.04057030379772186,0.10327458381652832
7.466666666666667,0.04050667583942413,0.10316780209541321
7.5,0.04020130634307861,0.1032409816980362
7.533333333333333,0.04000602662563324,0.10320919752120972
7.566666666666666,0.03992442786693573,0.10324625670909882
7.6,0.03990828990936279,0.10356685519218445
7.633333333333334,0.03982384502887726,0.10346342623233795
7.666666666666667,0.03789271414279938,0.10426351428031921
7.7,0.03641657531261444,0.10379859805107117
7.733333333333333,0.03461645543575287,0.10382449626922607
7.766666666666667,0.034398093819618225,0.10330644249916077
7.8,0.03409598767757416,0.10316213965415955
7.833333333333333,0.03423696756362915,0.1031138151884079
7.866666666666666,0.03402985632419586,0.10326609015464783
7.9,0.03414648771286011,0.10368110239505768
7.933333333333334,0.03398050367832184,0.10319307446479797
7.966666666666667,0.032438725233078,0.10241471230983734
8.0,0.0319056361913681,0.10209523141384125
8.033333333333333,0.0318012535572052,0.1015566885471344
8.066666666666666,0.0316382497549057,0.1019512414932251
8.1,0.03171209990978241,0.10167868435382843
8.133333333333333,0.031706005334854126,0.10168394446372986
8.166666666666666,0.03170129656791687,0.10162840783596039
8.2,0.03158050775527954,0.1016664057970047
8.233333333333333,0.03164170682430267,0.10184183716773987
8.266666666666667,0.03163169324398041,0.1017952710390091
8.3,0.03170998394489288,0.10201697051525116
8.333333333333334,0.03179529309272766,0.1017080545425415
8.366666666666667,0.03184854984283447,0.10189184546470642
8.4,0.03178437054157257,0.10178013145923615
8.433333333333334,0.03174090385437012,0.10226170718669891
8.466666666666667,0.031582802534103394,0.10176226496696472
8.5,0.0316544771194458,0.10214520990848541
8.533333333333333,0.031690895557403564,0.101405069231987
8.566666666666666,0.0315992534160614,0.10159681737422943
8.6,0.03171645104885101,0.1015063226222992
8.633333333333333,0.03139601647853851,0.10152794420719147
8.666666666666666,0.032036587595939636,0.1005534827709198
8.7,0.031172707676887512,0.100910484790802
8.733333333333333,0.03172345459461212,0.10014373064041138
8.766666666666667,0.030839651823043823,0.10055430233478546
8.8,0.031791284680366516,0.10029596090316772
8.833333333333334,0.030830442905426025,0.10025808215141296
8.866666666666667,0.03183121979236603,0.10050047934055328
8.9,0.03083115816116333,0.10038866102695465
8.933333333333334,0.03203728795051575,0.10032433271408081
8.966666666666667,0.030964627861976624,0.10034792125225067
9.0,0.03210243582725525,0.10070286691188812
9.033333333333333,0.031190291047096252,0.1004967987537384
9.066666666666666,0.03204655647277832,0.10118749737739563
9.1,0.0314050018787384,0.10104735195636749
9.133333333333333,0.03199179470539093,0.10087618231773376
9.166666666666666,0.031315237283706665,0.10148797929286957
9.2,0.031791701912879944,0.10129377245903015
9.233333333333333,0.0313258022069931,0.1016966700553894
9.266666666666667,0.03182077407836914,0.10146142542362213
9.3,0.03127887845039368,0.10133588314056396
9.333333333333334,0.031914591789245605,0.1011020839214325
9.366666666666667,0.03149966895580292,0.10113327205181122
9.4,0.03202854096889496,0.10125268995761871
9.433333333333334,0.03173154592514038,0.10122473537921906
9.466666666666667,0.03206281363964081,0.10122981667518616
9.5,0.03172522783279419,0.10119128227233887
9.533333333333333,0.03204408288002014,0.10109511017799377
9.566666666666666,0.03189310431480408,0.10093140602111816
9.6,0.032112136483192444,0.10100473463535309
9.633333333333333,0.03200097382068634,0.10101734101772308
9.666666666666666,0.03198651969432831,0.10086490213871002
9.7,0.03193514049053192,0.10079056024551392
9.733333333333333,0.031850919127464294,0.10065338015556335
9.766666666666667,0.03194229304790497,0.10073181986808777
9.8,0.031770795583724976,0.10067988932132721
9.833333333333334,0.03192524611949921,0.10094958543777466
9.866666666666667,0.031707003712654114,0.1007544994354248
9.9,0.032639503479003906,0.10071547329425812
9.933333333333334,0.03244324028491974,0.10071152448654175
9.966666666666667,0.03272625803947449,0.10055728256702423
10.0,0.03250895440578461,0.1006985753774643
10.033333333333333,0.03287509083747864,0.10026721656322479
10.066666666666666,0.03267465531826019,0.10043874382972717
10.1,0.03287118673324585,0.10012446343898773
10.133333333333333,0.035735055804252625,0.10000008344650269
10.166666666666666,0.038028284907341,0.10085251927375793
10.2,0.03854130208492279,0.10051937401294708
10.233333333333333,0.03847287595272064,0.10048498213291168
10.266666666666667,0.03862491250038147,0.10077692568302155
10.3,0.03842245042324066,0.10078941285610199
10.333333333333334,0.03858967125415802,0.10119442641735077
10.366666666666667,0.038549765944480896,0.10082568228244781
10.4,0.0412207692861557,0.10138112306594849
10.433333333333334,0.043433547019958496,0.10142002999782562
10.466666666666667,0.045269206166267395,0.10107424855232239
10.5,0.04604725539684296,0.10068593919277191
10.533333333333333,0.04537792503833771,0.10053518414497375
10.566666666666666,0.04581402242183685,0.1002061516046524
10.6,0.045693859457969666,0.10039450228214264
10.633333333333333,0.045710355043411255,0.10002471506595612
10.666666666666666,0.045709654688835144,0.10011473298072815
10.7,0.04571516811847687,0.10006661713123322
10.733333333333333,0.04562312364578247,0.09978818893432617
10.766666666666667,0.045668333768844604,0.09996166825294495
10.8,0.04890434443950653,0.10124048590660095
10.833333333333334,0.05359788239002228,0.09947319328784943
10.866666666666667,0.05448143184185028,0.0986354649066925
10.9,0.05487273633480072,0.09890761971473694
10.933333333333334,0.05478161573410034,0.09869472682476044
10.966666666666667,0.054783061146736145,0.09796871244907379
11.0,0.054636090993881226,0.09768036007881165
11.033333333333333,0.05480220913887024,0.09731425344944
11.066666666666666,0.05487808585166931,0.09688316285610199
11.1,0.05420154333114624,0.09516575932502747
11.133333333333333,0.05532439053058624,0.0927482545375824
11.166666666666666,0.05594754219055176,0.09136165678501129
11.2,0.05568377673625946,0.09135642647743225
11.233333333333333,0.055038854479789734,0.0918462723493576
11.266666666666667,0.05521632730960846,0.0929296463727951
11.3,0.055337563157081604,0.09328785538673401
11.333333333333334,0.055296897888183594,0.09369020164012909
11.366666666666667,0.05538730323314667,0.09412553906440735
11.4,0.05551382899284363,0.09429049491882324
11.433333333333334,0.055582016706466675,0.09438912570476532
11.466666666666667,0.05559605360031128,0.09454493224620819
11.5,0.055669963359832764,0.09459017217159271
11.533333333333333,0.05563849210739136,0.09414036571979523
11.566666666666666,0.05574294924736023,0.09349557757377625
11.6,0.05573214590549469,0.09303058683872223
11.633333333333333,0.05574996769428253,0.0926831066608429
11.666666666666666,0.05574712157249451,0.09267590939998627
11.7,0.05577009916305542,0.09251637756824493
11.733333333333333,0.055632710456848145,0.09262031316757202
11.766666666666667,0.05560661852359772,0.09269149601459503
11.8,0.05548176169395447,0.09266796708106995
11.833333333333334,0.05547510087490082,0.09274393320083618
11.866666666666667,0.055616408586502075,0.09264539182186127
11.9,0.055692270398139954,0.09303870797157288
11.933333333333334,0.05574098229408264,0.09244906902313232
11.966666666666667,0.05575934052467346,0.09206290543079376
12.0,0.05574710667133331,0.09168240427970886
12.033333333333333,0.055674001574516296,0.09173132479190826
12.066666666666666,0.055597320199012756,0.09147858619689941
12.1,0.0556853711605072,0.09121592342853546
12.133333333333333,0.0557297021150589,0.09122388064861298
12.166666666666666,0.055671051144599915,0.09149158000946045
12.2,0.05567285418510437,0.09173713624477386
12.233333333333333,0.05552287399768829,0.09227980673313141
12.266666666666667,0.05555760860443115,0.09207329154014587
12.3,0.05556026101112366,0.09208692610263824
12.333333333333334,0.05532793700695038,0.0921635776758194
12.366666666666667,0.055207863450050354,0.09184661507606506
12.4,0.055038243532180786,0.09163714945316315
12.433333333333334,0.05516648292541504,0.0914498120546341
12.466666666666667,0.05530932545661926,0.091454416513443
12.5,0.05530272424221039,0.09148453176021576
12.533333333333333,0.05526585876941681,0.09158048033714294
12.566666666666666,0.055202603340148926,0.0916190892457962
12.6,0.05522255599498749,0.0914832055568695
12.633333333333333,0.055263519287109375,0.09155164659023285
12.666666666666666,0.05525688827037811,0.09193576872348785
12.7,0.05521087348461151,0.09194740653038025
12.733333333333333,0.055176228284835815,0.09173575043678284
12.766666666666667,0.05493393540382385,0.09161268174648285
12.8,0.05500154197216034,0.09141544997692108
12.833333333333334,0.05481955409049988,0.09146742522716522
12.866666666666667,0.05495542287826538,0.09155061841011047
12.9,0.05511598289012909,0.09190987050533295
12.933333333333334,0.055189743638038635,0.09171631932258606
12.966666666666667,0.055172502994537354,0.09179401397705078
13.0,0.05518019199371338,0.09178431332111359
13.033333333333333,0.05516113340854645,0.09192948043346405
13.066666666666666,0.05526868999004364,0.09224285185337067
13.1,0.055228859186172485,0.09232029318809509
13.133333333333333,0.05522140860557556,0.09233827888965607
13.166666666666666,0.05525730550289154,0.09208667278289795
13.2,0.0552009642124176,0.09193158149719238
13.233333333333333,0.055148229002952576,0.09132705628871918
13.266666666666667,0.05524849891662598,0.09100301563739777
13.3,0.05474157631397247,0.08874465525150299
13.333333333333334,0.053151413798332214,0.08539339900016785
13.366666666666667,0.045880645513534546,0.08452409505844116
13.4,0.045344531536102295,0.08407557010650635
13.433333333333334,0.051507070660591125,0.08485770225524902
13.466666666666667,0.05280140042304993,0.08947403728961945
13.5,0.05261746048927307,0.09353561699390411
13.533333333333333,0.052326738834381104,0.094945028424263
13.566666666666666,0.0521906316280365,0.09532466530799866
13.6,0.05186064541339874,0.09570293128490448
13.633333333333333,0.051803261041641235,0.09614212810993195
13.666666666666666,0.05119152367115021,0.09602658450603485
13.7,0.05129535496234894,0.09633556008338928
13.733333333333333,0.05105660855770111,0.09697437286376953
13.766666666666667,0.051011309027671814,0.09656482934951782
13.8,0.04881879687309265,0.09808094799518585
13.833333333333334,0.04828102886676788,0.09806659817695618
13.866666666666667,0.048007041215896606,0.09748311340808868
13.9,0.0482858270406723,0.09724138677120209
13.933333333333334,0.044832006096839905,0.09668532013893127
13.966666666666667,0.04203692078590393,0.09657184779644012
14.0,0.040821373462677,0.09508486092090607
14.033333333333333,0.04074455797672272,0.09493274986743927
14.066666666666666,0.040734365582466125,0.09462592005729675
14.1,0.040740326046943665,0.0944899469614029
14.133333333333333,0.04089927673339844,0.09432247281074524
14.166666666666666,0.040917620062828064,0.09448286890983582
14.2,0.04084515571594238,0.09480081498622894
14.233333333333333,0.04077236354351044,0.09483137726783752
14.266666666666667,0.04086342453956604,0.09498681128025055
14.3,0.040813103318214417,0.09495669603347778
14.333333333333334,0.04090961813926697,0.0950271487236023
14.366666666666667,0.04046627879142761,0.09510302543640137
14.4,0.03822512924671173,0.09624719619750977
14.433333333333334,0.03814677894115448,0.09637345373630524
14.466666666666667,0.03799809515476227,0.09599287807941437
14.5,0.03807365894317627,0.09593692421913147
14.533333333333333,0.038139522075653076,0.09574984014034271
14.566666666666666,0.03815418481826782,0.095955029129982
14.6,0.0381106436252594,0.09594729542732239
14.633333333333333,0.03808970749378204,0.09602931141853333
14.666666666666666,0.038170188665390015,0.09603558480739594
14.7,0.038095325231552124,0.09619064629077911
14.733333333333333,0.03792068362236023,0.095995232462883
14.766666666666667,0.03683723509311676,0.0950527936220169
14.8,0.0343085378408432,0.09475097060203552
14.833333333333334,0.032347023487091064,0.09412404894828796
14.866666666666667,0.03291824460029602,0.09419889748096466
14.9,0.03253556787967682,0.09463334083557129
14.933333333333334,0.033010438084602356,0.09526117146015167
14.966666666666667,0.032619670033454895,0.09486177563667297
15.0,0.032901257276535034,0.09523296356201172
15.033333333333333,0.03242388367652893,0.09472872316837311
15.066666666666666,0.03132179379463196,0.0948607325553894
15.1,0.030755266547203064,0.0932663232088089
15.133333333333333,0.030950158834457397,0.09326320886611938
15.166666666666666,0.030873626470565796,0.09325750172138214
15.2,0.030942663550376892,0.09387753903865814
15.233333333333333,0.031199142336845398,0.09369894862174988
15.266666666666667,0.03116115927696228,0.09424605965614319
15.3,0.031000390648841858,0.09403163194656372
15.333333333333334,0.030933380126953125,0.09399324655532837
15.366666666666667,0.030941858887672424,0.09398764371871948
15.4,0.030842706561088562,0.0940135270357132
15.433333333333334,0.030813321471214294,0.09367276728153229
15.466666666666667,0.030951350927352905,0.09349098801612854
15.5,0.030924826860427856,0.0931280106306076
15.533333333333333,0.03081241250038147,0.09325306117534637
15.566666666666666,0.03079122304916382,0.0914100706577301
15.6,0.03116680681705475,0.09085841476917267
15.633333333333333,0.030857041478157043,0.09114867448806763
15.666666666666666,0.031034648418426514,0.09047994017601013
15.7,0.030705660581588745,0.0904289036989212
15.733333333333333,0.030954748392105103,0.09006980061531067
15.766666666666667,0.03040933609008789,0.08984439074993134
15.8,0.030371442437171936,0.08934099972248077
15.833333333333334,0.030285388231277466,0.08903761208057404
15.866666666666667,0.030360251665115356,0.0891762226819992
15.9,0.029828697443008423,0.08898085355758667
15.933333333333334,0.03009568154811859,0.08851417899131775
15.966666666666667,0.03010660409927368,0.08880658447742462
16.0,0.030188947916030884,0.08875612914562225
16.033333333333335,0.030298680067062378,0.08883132040500641
16.066666666666666,0.030242174863815308,0.08883674442768097
16.1,0.030220910906791687,0.08883509039878845
16.133333333333333,0.030070781707763672,0.0887942910194397
16.166666666666668,0.03028242290019989,0.08864285051822662
16.2,0.03017905354499817,0.08932274580001831
16.233333333333334,0.03033970296382904,0.08970247209072113
16.266666666666666,0.030638501048088074,0.09016424417495728
16.3,0.030689895153045654,0.0903598815202713
16.333333333333332,0.030730143189430237,0.09040218591690063
16.366666666666667,0.030864641070365906,0.09067177772521973
16.4,0.030815258622169495,0.09044547379016876
16.433333333333334,0.03085458278656006,0.09085753560066223
16.466666666666665,0.030652284622192383,0.09046769142150879
16.5,0.030899152159690857,0.09099726378917694
16.533333333333335,0.030731752514839172,0.09044012427330017
16.566666666666666,0.030977323651313782,0.09105578064918518
16.6,0.030689120292663574,0.09079830348491669
16.633333333333333,0.030875414609909058,0.09135682880878448
16.666666666666668,0.030807211995124817,0.0909358561038971
16.7,0.030851691961288452,0.09162069857120514
16.733333333333334,0.030879825353622437,0.09158213436603546
16.766666666666666,0.030756250023841858,0.09123441576957703
16.8,0.030872151255607605,0.09155420958995819
16.833333333333332,0.030905738472938538,0.09164950251579285
16.866666666666667,0.030917078256607056,0.09156520664691925
16.9,0.030930131673812866,0.09138265252113342
16.933333333333334,0.03086136281490326,0.09182120859622955
16.966666666666665,0.030991047620773315,0.09198479354381561
17.0,0.030816197395324707,0.09159569442272186
17.033333333333335,0.0329107791185379,0.09206372499465942
17.066666666666666,0.03659316897392273,0.09203162789344788
17.1,0.038495004177093506,0.09148861467838287
17.133333333333333,0.04007503390312195,0.09236826002597809
17.166666666666668,0.04032731056213379,0.09228760004043579
17.2,0.040204405784606934,0.09247662127017975
17.233333333333334,0.04023173451423645,0.09270356595516205
17.266666666666666,0.04042130708694458,0.09264305233955383
17.3,0.0415438711643219,0.09251783788204193
17.333333333333332,0.044922128319740295,0.09301505982875824
17.366666666666667,0.04795536398887634,0.0934532880783081
17.4,0.05024491250514984,0.09335051476955414
17.433333333333334,0.05003724992275238,0.09335951507091522
17.466666666666665,0.05003516376018524,0.09351024031639099
17.5,0.05021010339260101,0.09342643618583679
17.533333333333335,0.05037684738636017,0.09357194602489471
17.566666666666666,0.05035777390003204,0.09344761073589325
17.6,0.050278693437576294,0.09335742890834808
17.633333333333333,0.05026078224182129,0.09318758547306061
17.666666666666668,0.0503564327955246,0.09326572716236115
17.7,0.050526753067970276,0.09312765300273895
17.733333333333334,0.050284817814826965,0.0932793915271759
17.766666666666666,0.05166816711425781,0.09255671501159668
17.8,0.05442158877849579,0.09091204404830933
17.833333333333332,0.05472719669342041,0.09099625051021576
17.866666666666667,0.054808929562568665,0.0908481776714325
17.9,0.05486992001533508,0.09074991941452026
17.933333333333334,0.054960623383522034,0.09030446410179138
17.966666666666665,0.05530162155628204,0.08990725874900818
18.0,0.05537353456020355,0.09073826670646667
18.033333333333335,0.05537755787372589,0.09093351662158966
18.066666666666666,0.05525992810726166,0.09086039662361145
18.1,0.05531388521194458,0.09102290868759155
18.133333333333333,0.055309563875198364,0.09103547036647797
18.166666666666668,0.05517341196537018,0.09108535945415497
18.2,0.05512048304080963,0.09102320671081543
18.233333333333334,0.05514109134674072,0.09125789999961853
18.266666666666666,0.05504988133907318,0.09109917283058167
18.3,0.055051788687705994,0.09106451272964478
18.333333333333332,0.05508418381214142,0.09108519554138184
18.366666666666667,0.055140674114227295,0.0911746621131897
18.4,0.05509650707244873,0.0911838561296463
18.433333333333334,0.0553024560213089,0.09139062464237213
18.466666666666665,0.05530138313770294,0.0914064347743988
18.5,0.05523236095905304,0.09128913283348083
18.533333333333335,0.055164143443107605,0.09136398136615753
18.566666666666666,0.05507500469684601,0.09108547866344452
18.6,0.05489011108875275,0.09114538133144379
18.633333333333333,0.055008307099342346,0.0911942720413208
18.666666666666668,0.055141985416412354,0.09126466512680054
18.7,0.055220916867256165,0.09132346510887146
18.733333333333334,0.0552147775888443,0.09136414527893066
18.766666666666666,0.05524781346321106,0.09159576892852783
18.8,0.05507931113243103,0.0914057195186615
18.833333333333332,0.05500464141368866,0.09124401211738586
18.866666666666667,0.05507726967334747,0.09136904776096344
18.9,0.05502711236476898,0.09123368561267853
18.933333333333334,0.05502322316169739,0.09120327234268188
18.966666666666665,0.05493994057178497,0.09159472584724426
19.0,0.05490373075008392,0.09154906868934631
19.033333333333335,0.05480512976646423,0.09130178391933441
19.066666666666666,0.0547710657119751,0.09130887687206268
19.1,0.05476786196231842,0.09110863506793976
19.133333333333333,0.0548224002122879,0.09094907343387604
19.166666666666668,0.05480228364467621,0.09094780683517456
19.2,0.0548827201128006,0.09106497466564178
19.233333333333334,0.05483846366405487,0.0910726934671402
19.266666666666666,0.05489388108253479,0.09090058505535126
19.3,0.05493763089179993,0.09083180129528046
19.333333333333332,0.05496925115585327,0.09091164171695709
19.366666666666667,0.055051252245903015,0.09071502089500427
19.4,0.05504348874092102,0.09105481207370758
19.433333333333334,0.054978013038635254,0.0909101814031601
19.466666666666665,0.05499756336212158,0.09093481302261353
19.5,0.05494743585586548,0.09098649024963379
19.533333333333335,0.0549248605966568,0.09071719646453857
19.566666666666666,0.05479075014591217,0.09079545736312866
19.6,0.05473041534423828,0.09094792604446411
19.633333333333333,0.05468882620334625,0.09110672771930695
19.666666666666668,0.054680973291397095,0.09099805355072021
19.7,0.05457243323326111,0.09110662341117859
19.733333333333334,0.054467275738716125,0.09109453856945038
19.766666666666666,0.05444653332233429,0.09124158322811127
19.8,0.05443684756755829,0.09099580347537994
19.833333333333332,0.05413380265235901,0.09052993357181549
19.866666666666667,0.05415982007980347,0.09037788212299347
19.9,0.054064735770225525,0.09036222100257874
19.933333333333334,0.05413278937339783,0.0904824435710907
19.966666666666665,0.05404013395309448,0.09041333198547363
20.0,0.05414988100528717,0.09033170342445374
20.033333333333335,0.054072409868240356,0.0903245061635971
20.066666666666666,0.054161667823791504,0.09035252034664154
20.1,0.05413404107093811,0.09034548699855804
20.133333333333333,0.05411501228809357,0.09029264748096466
20.166666666666668,0.053065672516822815,0.09059154987335205
20.2,0.046016111969947815,0.09245984256267548
20.233333333333334,0.04255646467208862,0.09310328960418701
20.266666666666666,0.03981855511665344,0.09337557852268219
20.3,0.03694315254688263,0.0919354259967804
20.333333333333332,0.03674978017807007,0.0922916829586029
20.366666666666667,0.03672705590724945,0.09172382950782776
20.4,0.03670516610145569,0.09215033054351807
20.433333333333334,0.036827921867370605,0.09222333133220673
20.466666666666665,0.03696557879447937,0.09186972677707672
20.5,0.03722037374973297,0.0917077511548996
20.533333333333335,0.03717446327209473,0.09162946045398712
20.566666666666666,0.03717939555644989,0.0918426364660263
20.6,0.03708037734031677,0.09201198816299438
20.633333333333333,0.03706786036491394,0.09206783771514893
20.666666666666668,0.03716333210468292,0.09193682670593262
20.7,0.0372423380613327,0.09199054539203644
20.733333333333334,0.03723335266113281,0.09198284149169922
20.766666666666666,0.03720247745513916,0.09204338490962982
20.8,0.03725510835647583,0.09174029529094696
20.833333333333332,0.034877508878707886,0.09149341285228729
20.866666666666667,0.03206196427345276,0.09125973284244537
20.9,0.030829548835754395,0.09082359075546265
20.933333333333334,0.030745401978492737,0.08975809812545776
20.966666666666665,0.030344679951667786,0.08993510901927948
21.0,0.03063902258872986,0.0900348573923111
21.033333333333335,0.03060925006866455,0.08974277973175049
21.066666666666666,0.030492931604385376,0.09000976383686066
21.1,0.030605465173721313,0.08953569829463959
21.133333333333333,0.03089079260826111,0.08906294405460358
21.166666666666668,0.0316535085439682,0.08648356795310974
21.2,0.03303512930870056,0.08397909998893738
21.233333333333334,0.03227967023849487,0.08222004771232605
21.266666666666666,0.042403846979141235,0.0813642293214798
21.3,0.04319004714488983,0.07879583537578583
21.333333333333332,0.0432661771774292,0.07840575277805328
21.366666666666667,0.04036147892475128,0.08143621683120728
21.4,0.03117525577545166,0.08212235569953918
21.433333333333334,0.030426397919654846,0.08462956547737122
21.466666666666665,0.030677005648612976,0.08704185485839844
21.5,0.03043830394744873,0.08719319105148315
21.533333333333335,0.030435755848884583,0.08829078078269958
21.566666666666666,0.03056010603904724,0.08856523036956787
21.6,0.030299589037895203,0.08915956318378448
21.633333333333333,0.030445337295532227,0.0889841616153717
21.666666666666668,0.03035329282283783,0.08899231255054474
21.7,0.03057006001472473,0.08901582658290863
21.733333333333334,0.030360132455825806,0.0892726480960846
21.766666666666666,0.030465468764305115,0.08912965655326843
21.8,0.03070618212223053,0.08932848274707794
21.833333333333332,0.030820190906524658,0.0894085019826889
21.866666666666667,0.030821815133094788,0.08961692452430725
21.9,0.030825018882751465,0.08966127038002014
21.933333333333334,0.03071659803390503,0.08955444395542145
21.966666666666665,0.030684635043144226,0.08929780125617981
22.0,0.03082732856273651,0.08922003209590912
22.033333333333335,0.03071640431880951,0.08908681571483612
22.066666666666666,0.030854344367980957,0.08903482556343079
22.1,0.03075641393661499,0.089082270860672
22.133333333333333,0.030800417065620422,0.0888482928276062
22.166666666666668,0.03078468143939972,0.08900198340415955
22.2,0.030762895941734314,0.0890091061592102
22.233333333333334,0.030713245272636414,0.08899106085300446
22.266666666666666,0.030702143907546997,0.08920285105705261
22.3,0.030746251344680786,0.08897912502288818
22.333333333333332,0.030627474188804626,0.08866015076637268
22.366666666666667,0.030830711126327515,0.08870968222618103
22.4,0.030635148286819458,0.08852031826972961
22.433333333333334,0.030961260199546814,0.0885636955499649
22.466666666666665,0.03077027201652527,0.08843506872653961
22.5,0.03099168837070465,0.08872018754482269
22.533333333333335,0.03088386356830597,0.08870531618595123
22.566666666666666,0.031124070286750793,0.08903186023235321
22.6,0.03100663423538208,0.08895042538642883
22.633333333333333,0.03121022880077362,0.08907042443752289
22.666666666666668,0.031108230352401733,0.08897250890731812
22.7,0.031859710812568665,0.08866521716117859
22.733333333333334,0.036353275179862976,0.0891406387090683
22.766666666666666,0.039589568972587585,0.08732907474040985
22.8,0.0431043803691864,0.08873176574707031
22.833333333333332,0.04593351483345032,0.0896703451871872
22.866666666666667,0.048584625124931335,0.08930958807468414
22.9,0.051842182874679565,0.08797052502632141
22.933333333333334,0.05279764533042908,0.08794187009334564
22.966666666666665,0.05280080437660217,0.08793167769908905
23.0,0.052713021636009216,0.08775673806667328
23.033333333333335,0.05280613899230957,0.08754606544971466
23.066666666666666,0.05268396437168121,0.08719521760940552
23.1,0.05300810933113098,0.08756443858146667
23.133333333333333,0.05386689305305481,0.08789731562137604
23.166666666666668,0.053982511162757874,0.08799615502357483
23.2,0.05415333807468414,0.0881316214799881
23.233333333333334,0.05423690378665924,0.08808590471744537
23.266666666666666,0.05418233573436737,0.08781968057155609
23.3,0.05418543517589569,0.08802057802677155
23.333333333333332,0.05428291857242584,0.08800859749317169
23.366666666666667,0.05440373718738556,0.08808156847953796
23.4,0.05440653860569,0.08809831738471985
23.433333333333334,0.05448591709136963,0.0883655846118927
23.466666666666665,0.05455905199050903,0.08840888738632202
23.5,0.054508358240127563,0.08823132514953613
23.533333333333335,0.054478541016578674,0.08832834661006927
23.566666666666666,0.05457606911659241,0.08801545202732086
23.6,0.054529741406440735,0.08820995688438416
23.633333333333333,0.0545274019241333,0.08820939064025879
23.666666666666668,0.055114418268203735,0.08863979578018188
23.7,0.055125892162323,0.08827273547649384
23.733333333333334,0.05514095723628998,0.08832521736621857
23.766666666666666,0.05518309772014618,0.0881887823343277
23.8,0.0551857054233551,0.08795289695262909
23.833333333333332,0.055215731263160706,0.0878451019525528
23.866666666666667,0.05508948862552643,0.08736169338226318
23.9,0.055236056447029114,0.08728167414665222
23.933333333333334,0.05519774556159973,0.0872572809457779
23.966666666666665,0.055102571845054626,0.08748658001422882
24.0,0.055045902729034424,0.0874626636505127
24.033333333333335,0.05490061640739441,0.08734950423240662
24.066666666666666,0.05494357645511627,0.08714976906776428
24.1,0.05487638711929321,0.087288036942482
24.133333333333333,0.055038705468177795,0.08718697726726532
24.166666666666668,0.05490511655807495,0.08729405701160431
24.2,0.054833099246025085,0.08755986392498016
24.233333333333334,0.05291853845119476,0.0866088718175888
24.266666666666666,0.04704083502292633,0.08504201471805573
24.3,0.04289978742599487,0.08337795734405518
24.333333333333332,0.041558921337127686,0.08243022859096527
24.366666666666667,0.04127359390258789,0.0831364244222641
24.4,0.04128989577293396,0.08317503333091736
24.433333333333334,0.04121692478656769,0.08313363790512085
24.466666666666665,0.04115894436836243,0.08320248126983643
24.5,0.041019827127456665,0.08336436748504639
24.533333333333335,0.04108045995235443,0.08351495862007141
24.566666666666666,0.04112239181995392,0.08363945782184601
24.6,0.04115989804267883,0.08354710042476654
24.633333333333333,0.04103715717792511,0.08357329666614532
24.666666666666668,0.04108031094074249,0.08366020023822784
24.7,0.04110708832740784,0.08363552391529083
24.733333333333334,0.04113462567329407,0.08354808390140533
24.766666666666666,0.041163742542266846,0.08343569934368134
24.8,0.041191279888153076,0.08329661190509796
24.833333333333332,0.041202738881111145,0.0830494612455368
24.866666666666667,0.04120297729969025,0.08297829329967499
24.9,0.04124453663825989,0.08297376334667206
24.933333333333334,0.04130582511425018,0.08302649855613708
24.966666666666665,0.041359901428222656,0.08291453123092651
25.0,0.04141998291015625,0.08262136578559875
25.033333333333335,0.041421011090278625,0.08268152177333832
25.066666666666666,0.041420817375183105,0.08266238868236542
25.1,0.04146534204483032,0.08268275856971741
25.133333333333333,0.04141569137573242,0.08275021612644196
25.166666666666668,0.0414247065782547,0.08281035721302032
25.2,0.04154139757156372,0.08274193108081818
25.233333333333334,0.041505277156829834,0.0827818512916565
25.266666666666666,0.04145537316799164,0.08239409327507019
25.3,0.041420891880989075,0.08234614133834839
25.333333333333332,0.04142725467681885,0.08228099346160889
25.366666666666667,0.04148043692111969,0.08221417665481567
25.4,0.041380301117897034,0.08242923021316528
25.433333333333334,0.0411292165517807,0.08350265026092529
25.466666666666665,0.04137125611305237,0.0850009173154831
25.5,0.04161834716796875,0.0872773826122284
25.533333333333335,0.04131840169429779,0.0867815911769867
25.566666666666666,0.041580259799957275,0.08769029378890991
25.6,0.04143640398979187,0.08845452964305878
25.633333333333333,0.04152810573577881,0.08847394585609436
25.666666666666668,0.04180493950843811,0.08877746760845184
25.7,0.04292513430118561,0.09082184731960297
25.733333333333334,0.04293176531791687,0.09224411845207214
25.766666666666666,0.0427861213684082,0.09300513565540314
25.8,0.04283151030540466,0.09301914274692535
25.833333333333332,0.04275934398174286,0.09329769015312195
25.866666666666667,0.04274745285511017,0.09269101917743683
25.9,0.04280287027359009,0.09299826622009277
25.933333333333334,0.0428391695022583,0.09284564852714539
25.966666666666665,0.0427962988615036,0.09287333488464355
26.0,0.04284496605396271,0.09305153787136078
26.033333333333335,0.04271015524864197,0.09530611336231232
26.066666666666666,0.04253128170967102,0.09600494801998138
26.1,0.04237730801105499,0.09595975279808044
26.133333333333333,0.04240240156650543,0.09669972956180573
26.166666666666668,0.042502403259277344,0.09656335413455963
26.2,0.04235994815826416,0.09687405824661255
26.233333333333334,0.042577341198921204,0.0967300534248352
26.266666666666666,0.04225167632102966,0.09663601219654083
26.3,0.04172995686531067,0.0972953587770462
26.333333333333332,0.03995692729949951,0.09732797741889954
26.366666666666667,0.03963567316532135,0.09732741117477417
26.4,0.03947432339191437,0.0973479300737381
26.433333333333334,0.039293885231018066,0.09745384752750397
26.466666666666665,0.03936950862407684,0.09760263562202454
26.5,0.039219170808792114,0.09758222103118896
26.533333333333335,0.039160117506980896,0.09760966897010803
26.566666666666666,0.03932872414588928,0.09784398972988129
26.6,0.039326250553131104,0.09787045419216156
26.633333333333333,0.04104919731616974,0.098946213722229
26.666666666666668,0.04206442832946777,0.100950688123703
26.7,0.04201483726501465,0.10067480802536011
26.733333333333334,0.04206259548664093,0.10052074491977692
26.766666666666666,0.042114973068237305,0.10041573643684387
26.8,0.04197607934474945,0.10007542371749878
26.833333333333332,0.04188191890716553,0.10040026903152466
26.866666666666667,0.04230663180351257,0.1016746312379837
26.9,0.04243899881839752,0.10190898180007935
26.933333333333334,0.042458027601242065,0.10229814052581787
26.966666666666665,0.04268305003643036,0.10234662890434265
27.0,0.042504698038101196,0.10190200805664062
27.033333333333335,0.04275581240653992,0.10240380465984344
27.066666666666666,0.04252447187900543,0.10198059678077698
27.1,0.04265795648097992,0.10231472551822662
27.133333333333333,0.0426408052444458,0.10196584463119507
27.166666666666668,0.04253914952278137,0.10180796682834625
27.2,0.042558759450912476,0.1017768383026123
27.233333333333334,0.04244552552700043,0.10119687020778656
27.266666666666666,0.04235848784446716,0.10154393315315247
27.3,0.04238389432430267,0.10128214955329895
27.333333333333332,0.042371004819869995,0.10171669721603394
27.366666666666667,0.04244653880596161,0.10194006562232971
27.4,0.04248514771461487,0.10196447372436523
27.433333333333334,0.04247455298900604,0.10216552019119263
27.466666666666665,0.04269851744174957,0.10171753168106079
27.5,0.042666032910346985,0.10189659893512726
27.533333333333335,0.042745769023895264,0.10175018012523651
27.566666666666666,0.04252788424491882,0.10196074843406677
27.6,0.04256783425807953,0.10177353024482727
27.633333333333333,0.042599454522132874,0.10174022614955902
27.666666666666668,0.042739078402519226,0.1016465276479721
27.7,0.04280132055282593,0.10127416253089905
27.733333333333334,0.04273487627506256,0.10140654444694519
27.766666666666666,0.042632877826690674,0.1011909693479538
27.8,0.04275839030742645,0.10137751698493958
27.833333333333332,0.04273305833339691,0.10119301080703735
27.866666666666667,0.042874693870544434,0.10083378851413727
27.9,0.043604061007499695,0.09890124201774597
27.933333333333334,0.043987661600112915,0.09668686985969543
27.966666666666665,0.043782979249954224,0.09653457999229431
28.0,0.04356318712234497,0.09649330377578735
28.033333333333335,0.04353456199169159,0.09618279337882996
28.066666666666666,0.04361696541309357,0.09596511721611023
28.1,0.04364372789859772,0.09608028829097748
28.133333333333333,0.044151172041893005,0.09387889504432678
28.166666666666668,0.04449105262756348,0.0908360630273819
28.2,0.044130757451057434,0.08683112263679504
28.233333333333334,0.045785486698150635,0.08113525807857513
28.266666666666666,0.04494963586330414,0.0792529284954071
28.3,0.04484407603740692,0.07821792364120483
28.333333333333332,0.044139981269836426,0.07691943645477295
28.366666666666667,0.04397942125797272,0.0765237957239151
28.4,0.04360628128051758,0.07578811049461365
28.433333333333334,0.043721526861190796,0.07542167603969574
28.466666666666665,0.043658897280693054,0.07490237057209015
28.5,0.04370714724063873,0.07508471608161926
28.533333333333335,0.043493032455444336,0.07506735622882843
28.566666666666666,0.04330471158027649,0.07517080008983612
28.6,0.043211132287979126,0.07533471286296844
28.633333333333333,0.043246641755104065,0.07537160813808441
28.666666666666668,0.04322260618209839,0.07519976794719696
28.7,0.04334145784378052,0.07521034777164459
28.733333333333334,0.04320405423641205,0.07530573010444641
28.766666666666666,0.0434236079454422,0.07481701672077179
28.8,0.043456196784973145,0.07479800283908844
28.833333333333332,0.043512627482414246,0.07496221363544464
28.866666666666667,0.04361256957054138,0.07478143274784088
28.9,0.0437244176864624,0.07466769218444824
28.933333333333334,0.043691396713256836,0.0746779590845108
28.966666666666665,0.04376307129859924,0.07443349063396454
29.0,0.043762847781181335,0.0742826759815216
29.033333333333335,0.043997928500175476,0.07412363588809967
29.066666666666666,0.044060200452804565,0.07410189509391785
29.1,0.04399913549423218,0.07393141090869904
29.133333333333333,0.044042542576789856,0.07381892204284668
29.166666666666668,0.04412606358528137,0.0737440437078476
29.2,0.04424285888671875,0.07341441512107849
29.233333333333334,0.04407866299152374,0.07317057251930237
29.266666666666666,0.04409436881542206,0.07316182553768158
29.3,0.043876007199287415,0.07287956774234772
29.333333333333332,0.043846920132637024,0.07304321229457855
29.366666666666667,0.043822720646858215,0.0729936808347702
29.4,0.04378385841846466,0.07280933856964111
29.433333333333334,0.044019803404808044,0.07256068289279938
29.466666666666665,0.04391603171825409,0.07256320118904114
29.5,0.043848395347595215,0.07253898680210114
29.533333333333335,0.043979644775390625,0.07238851487636566
29.566666666666666,0.044057101011276245,0.0724068135023117
29.6,0.04405646026134491,0.07235680520534515
29.633333333333333,0.044046103954315186,0.07229030132293701
29.666666666666668,0.044018328189849854,0.07231992483139038
29.7,0.043866947293281555,0.07243630290031433
29.733333333333334,0.04396052658557892,0.0724736750125885
29.766666666666666,0.04379698634147644,0.07247614860534668
29.8,0.04375344514846802,0.07237204909324646
29.833333333333332,0.043929532170295715,0.07230691611766815
29.866666666666667,0.04385837912559509,0.07229875028133392
29.9,0.04370009899139404,0.07241304218769073
29.933333333333334,0.04373405873775482,0.07234178483486176
29.966666666666665,0.04365667700767517,0.07235720753669739
30.0,0.043664246797561646,0.07246249914169312
30.033333333333335,0.04373139142990112,0.07235892117023468
30.066666666666666,0.043719321489334106,0.07230517268180847
30.1,0.04381467401981354,0.07214710116386414
30.133333333333333,0.04383997619152069,0.07206161320209503
30.166666666666668,0.04368889331817627,0.0718734860420227
30.2,0.04377296566963196,0.07176946103572845
30.233333333333334,0.04367534816265106,0.07171016931533813
30.266666666666666,0.043507352471351624,0.07178585231304169
30.3,0.0435466468334198,0.07192137837409973
30.333333333333332,0.04379230737686157,0.07198883593082428
30.366666666666667,0.04408863186836243,0.07197941839694977
30.4,0.0438772588968277,0.07209333777427673
30.433333333333334,0.043798357248306274,0.0721559226512909
30.466666666666665,0.043913692235946655,0.07209382951259613
30.5,0.04406076669692993,0.072175994515419
30.533333333333335,0.044038623571395874,0.07219327986240387
30.566666666666666,0.04394860565662384,0.07199859619140625
30.6,0.04392543435096741,0.07216167449951172
30.633333333333333,0.04381629824638367,0.0719764232635498
30.666666666666668,0.04383879899978638,0.07332512736320496
30.7,0.042995110154151917,0.07547812163829803
30.733333333333334,0.04273885488510132,0.07765303552150726
30.766666666666666,0.042352378368377686,0.07809518277645111
30.8,0.04218602180480957,0.07805386185646057
30.833333333333332,0.04199248552322388,0.07813389599323273
30.866666666666667,0.0413656085729599,0.08035752177238464
30.9,0.0417509526014328,0.08450445532798767
30.933333333333334,0.04138536751270294,0.0865630954504013
30.966666666666665,0.04161959886550903,0.08593669533729553
31.0,0.04150909185409546,0.08693188428878784
31.033333333333335,0.04207932949066162,0.09069715440273285
31.066666666666666,0.04238902032375336,0.09256334602832794
31.1,0.0421709269285202,0.09263569116592407
31.133333333333333,0.042032986879348755,0.09285075962543488
31.166666666666668,0.041931286454200745,0.09224450588226318
31.2,0.04183042049407959,0.09204848110675812
31.233333333333334,0.042143940925598145,0.09219729900360107
31.266666666666666,0.042028382420539856,0.09139890968799591
31.3,0.0422968864440918,0.09180153906345367
31.333333333333332,0.041894182562828064,0.09166760742664337
31.366666666666667,0.04220648109912872,0.09210051596164703
31.4,0.04185256361961365,0.09175454080104828
31.433333333333334,0.04225537180900574,0.09195111691951752
31.466666666666665,0.04173055291175842,0.09179671108722687
31.5,0.0421084463596344,0.09203554689884186
31.533333333333335,0.04129937291145325,0.09302851557731628
31.566666666666666,0.04103848338127136,0.09427881240844727
31.6,0.04080106317996979,0.09409995377063751
31.633333333333333,0.04094362258911133,0.09458956122398376
31.666666666666668,0.04075317084789276,0.09350621700286865
31.7,0.04100504517555237,0.09458886086940765
31.733333333333334,0.041104212403297424,0.09610000252723694
31.766666666666666,0.0413067489862442,0.097292959690094
31.8,0.040991589426994324,0.09691081941127777
31.833333333333332,0.041212454438209534,0.09800104796886444
31.866666666666667,0.04114241898059845,0.09737922251224518
31.9,0.04138153791427612,0.09809912741184235
31.933333333333334,0.04117536544799805,0.0976373553276062
31.966666666666665,0.04125307500362396,0.0976717472076416
32.0,0.041194334626197815,0.09792716801166534
32.03333333333333,0.04135432839393616,0.0984315276145935
32.06666666666667,0.04156717658042908,0.09790919721126556
32.1,0.04148709774017334,0.09830121695995331
32.13333333333333,0.041468545794487,0.09835512936115265
32.166666666666664,0.041416630148887634,0.09838396310806274
32.2,0.04145464301109314,0.09838530421257019
32.233333333333334,0.04142986238002777,0.09854014217853546
32.266666666666666,0.041522786021232605,0.09861151874065399
32.3,0.041661277413368225,0.0986083596944809
32.333333333333336,0.041697338223457336,0.09890848398208618
32.36666666666667,0.04190737009048462,0.09874153137207031
32.4,0.041891783475875854,0.09879711270332336
32.43333333333333,0.04184776544570923,0.09969852864742279
32.46666666666667,0.0419432669878006,0.09969288110733032
32.5,0.04195335507392883,0.09984789788722992
32.53333333333333,0.04188293218612671,0.09953570365905762
32.56666666666667,0.0418543815612793,0.09987618029117584
32.6,0.041831567883491516,0.09950366616249084
32.63333333333333,0.04173387587070465,0.099399134516716
32.666666666666664,0.041596099734306335,0.0992838591337204
32.7,0.04157073795795441,0.0992148220539093
32.733333333333334,0.04163314402103424,0.09932202100753784
32.766666666666666,0.041555508971214294,0.09897592663764954
32.8,0.04155966639518738,0.09911540150642395
32.833333333333336,0.04168856143951416,0.09904688596725464
32.86666666666667,0.041755542159080505,0.09880813956260681
32.9,0.0417313277721405,0.09891687333583832
32.93333333333333,0.04178358614444733,0.09890629351139069
32.96666666666667,0.04179629683494568,0.09904669225215912
33.0,0.041927486658096313,0.09702436625957489
33.03333333333333,0.04176895320415497,0.09522922337055206
33.06666666666667,0.04158201813697815,0.09476885199546814
33.1,0.041702210903167725,0.09504802525043488
33.13333333333333,0.041715651750564575,0.09553231298923492
33.166666666666664,0.0416971892118454,0.09568262100219727
33.2,0.04159922897815704,0.09579664468765259
33.233333333333334,0.04154348373413086,0.09590841829776764
33.266666666666666,0.04153873026371002,0.09562575817108154
33.3,0.041495904326438904,0.09571167826652527
33.333333333333336,0.04161284863948822,0.0945349782705307
33.36666666666667,0.041619107127189636,0.093711256980896
33.4,0.04165644943714142,0.09372872114181519
33.43333333333333,0.04172348976135254,0.09340226650238037
33.46666666666667,0.04161417484283447,0.09328697621822357
33.5,0.041748180985450745,0.09379684925079346
33.53333333333333,0.041632622480392456,0.09365810453891754
33.56666666666667,0.04170966148376465,0.09391234815120697
33.6,0.041558340191841125,0.09356258809566498
33.63333333333333,0.041527554392814636,0.09399455785751343
33.666666666666664,0.041513219475746155,0.09203965961933136
33.7,0.04164248704910278,0.09021390974521637
33.733333333333334,0.04171733558177948,0.09041762351989746
33.766666666666666,0.04190118610858917,0.09080088138580322
33.8,0.04184935986995697,0.09090925753116608
33.833333333333336,0.04188893735408783,0.09107978641986847
33.86666666666667,0.04181504249572754,0.09126320481300354
33.9,0.04174607992172241,0.09097202122211456
33.93333333333333,0.04179583489894867,0.09112414717674255
33.96666666666667,0.04193255305290222,0.0910140722990036
34.0,0.041917771100997925,0.09082312881946564
34.03333333333333,0.04200504720211029,0.09103243052959442
34.06666666666667,0.04204702377319336,0.09070499241352081
34.1,0.042043015360832214,0.09037107229232788
34.13333333333333,0.041770219802856445,0.08738628029823303
34.166666666666664,0.04171299934387207,0.08795514702796936
34.2,0.0418069064617157,0.08772186934947968
34.233333333333334,0.04175873100757599,0.08794751763343811
34.266666666666666,0.04185904562473297,0.08805829286575317
34.3,0.04172351956367493,0.08832821249961853
34.333333333333336,0.041660457849502563,0.08796270191669464
34.36666666666667,0.04165127873420715,0.08803460001945496
34.4,0.04158464074134827,0.08824160695075989
34.43333333333333,0.04184664785861969,0.08586938679218292
34.46666666666667,0.04207497835159302,0.0858752578496933
34.5,0.04185938835144043,0.08601224422454834
34.53333333333333,0.04170665144920349,0.0859372615814209
34.56666666666667,0.041627541184425354,0.08603700995445251
34.6,0.041583552956581116,0.085940420627594
34.63333333333333,0.04153516888618469,0.08593781292438507
34.666666666666664,0.041524916887283325,0.08544173836708069
34.7,0.04154221713542938,0.08540284633636475
34.733333333333334,0.04141898453235626,0.08491630852222443
34.766666666666666,0.04141348600387573,0.08382311463356018
34.8,0.04102961719036102,0.0816117376089096
34.833333333333336,0.04056993126869202,0.07979102432727814
34.86666666666667,0.04065631330013275,0.07995466887950897
34.9,0.04078666865825653,0.08029335737228394
34.93333333333333,0.04071494936943054,0.08065654337406158
34.96666666666667,0.040867045521736145,0.08075407147407532
35.0,0.04092077910900116,0.0809602439403534
35.03333333333333,0.041093721985816956,0.0811748206615448
35.06666666666667,0.041130200028419495,0.0813676118850708
35.1,0.041057854890823364,0.08134417235851288
35.13333333333333,0.040974557399749756,0.08079111576080322
35.166666666666664,0.04157912731170654,0.0773916244506836
35.2,0.041848212480545044,0.07564806938171387
35.233333333333334,0.04206092655658722,0.07543927431106567
35.266666666666666,0.04244326055049896,0.07488320767879486
35.3,0.04240727424621582,0.07482312619686127
35.333333333333336,0.04261393845081329,0.07472243905067444
35.36666666666667,0.04271307587623596,0.07398752868175507
35.4,0.042904824018478394,0.07405830919742584
35.43333333333333,0.04270032048225403,0.07371579110622406
35.46666666666667,0.04292410612106323,0.07353827357292175
35.5,0.042987942695617676,0.07357169687747955
35.53333333333333,0.04297839105129242,0.07355940341949463
35.56666666666667,0.0432257205247879,0.07371462881565094
35.6,0.04310835897922516,0.0738009363412857
35.63333333333333,0.04330158233642578,0.07360844314098358
35.666666666666664,0.04298765957355499,0.07392242550849915
35.7,0.04333449900150299,0.0736280083656311
35.733333333333334,0.043241798877716064,0.07357408106327057
35.766666666666666,0.043208539485931396,0.07361143827438354
35.8,0.0431206077337265,0.0735509991645813
35.833333333333336,0.0430939644575119,0.07365673780441284
35.86666666666667,0.04300059378147125,0.07354585826396942
35.9,0.04284583032131195,0.07394617795944214
35.93333333333333,0.04299110174179077,0.07363559305667877
35.96666666666667,0.04303349554538727,0.07376633584499359
36.0,0.04327791929244995,0.07368950545787811
36.03333333333333,0.04322853684425354,0.07356418669223785
36.06666666666667,0.04320678114891052,0.07362259924411774
36.1,0.04312622547149658,0.07381747663021088
36.13333333333333,0.04309108853340149,0.07387982308864594
36.166666666666664,0.04313132166862488,0.07411143183708191
36.2,0.043051838874816895,0.07405248284339905
36.233333333333334,0.043002113699913025,0.07423336803913116
36.266666666666666,0.043036267161369324,0.07403124868869781
36.3,0.04314309358596802,0.0738883912563324
36.333333333333336,0.043234094977378845,0.0740143358707428
36.36666666666667,0.04333518445491791,0.07389159500598907
36.4,0.0435502827167511,0.07372945547103882
36.43333333333333,0.04351682960987091,0.07368408143520355
36.46666666666667,0.04357743263244629,0.07356980443000793
36.5,0.04363948106765747,0.07367190718650818
36.53333333333333,0.04348668456077576,0.07387392222881317
36.56666666666667,0.0436323881149292,0.07409919798374176
36.6,0.04351085424423218,0.07397101819515228
36.63333333333333,0.043581247329711914,0.07374432682991028
36.666666666666664,0.04319410026073456,0.07373353838920593
36.7,0.043439388275146484,0.07385499775409698
36.733333333333334,0.043432921171188354,0.07373884320259094
36.766666666666666,0.043606966733932495,0.07379160821437836
36.8,0.043594539165496826,0.07383836805820465
36.833333333333336,0.04345422983169556,0.07368163764476776
36.86666666666667,0.04326696693897247,0.0741528570652008
36.9,0.04330950975418091,0.07427388429641724
36.93333333333333,0.043245285749435425,0.07417760789394379
36.96666666666667,0.04321989417076111,0.07426318526268005
37.0,0.04320366680622101,0.0742238461971283
37.03333333333333,0.04325157403945923,0.07433927059173584
37.06666666666667,0.04330909252166748,0.07435151934623718
37.1,0.04316624999046326,0.07413317263126373
37.13333333333333,0.043256327509880066,0.07440479099750519
37.166666666666664,0.04355524480342865,0.07342930138111115
37.2,0.04364311695098877,0.07386939227581024
37.233333333333334,0.04364810883998871,0.07329422235488892
37.266666666666666,0.04367169737815857,0.07322804629802704
37.3,0.04342298209667206,0.07340233027935028
37.333333333333336,0.043500274419784546,0.0735253095626831
37.36666666666667,0.04324616491794586,0.07324191927909851
37.4,0.04320971667766571,0.07306253910064697
37.43333333333333,0.04292069375514984,0.07256883382797241
37.46666666666667,0.04298137128353119,0.07238125801086426
37.5,0.042926087975502014,0.07246808707714081
37.53333333333333,0.04298423230648041,0.07222399115562439
37.56666666666667,0.0429198294878006,0.07220165431499481
37.6,0.0428781658411026,0.07208845019340515
37.63333333333333,0.042653217911720276,0.07201690971851349
37.666666666666664,0.042784467339515686,0.07223188877105713
37.7,0.04257547855377197,0.0721738338470459
37.733333333333334,0.04258732497692108,0.07216492295265198
37.766666666666666,0.04266473650932312,0.07181745767593384
37.8,0.042625293135643005,0.07191893458366394
37.833333333333336,0.042633384466171265,0.07163965702056885
37.86666666666667,0.04274478554725647,0.07153768837451935
37.9,0.04261103272438049,0.0715094655752182
37.93333333333333,0.0425291508436203,0.07139487564563751
37.96666666666667,0.04257367551326752,0.07149875164031982
38.0,0.04262940585613251,0.07143031060695648
38.03333333333333,0.04268734157085419,0.0714840292930603
38.06666666666667,0.04263399541378021,0.07146362960338593
38.1,0.04258953034877777,0.07152484357357025
38.13333333333333,0.04261419177055359,0.07157424092292786
38.166666666666664,0.042618051171302795,0.07157759368419647
38.2,0.04265931248664856,0.07158315181732178
38.233333333333334,0.042575642466545105,0.07164919376373291
38.266666666666666,0.042711228132247925,0.07137741148471832
38.3,0.04265785217285156,0.07124863564968109
38.333333333333336,0.04250010848045349,0.07121050357818604
38.36666666666667,0.04239107668399811,0.07122799754142761
38.4,0.042566895484924316,0.07167923450469971
38.43333333333333,0.04251597821712494,0.07153786718845367
38.46666666666667,0.04255247116088867,0.07157804071903229
38.5,0.04253193736076355,0.07156676054000854
38.53333333333333,0.04263162612915039,0.07180295884609222
38.56666666666667,0.042572423815727234,0.0717543512582779
38.6,0.042525485157966614,0.07175451517105103
38.63333333333333,0.04275380074977875,0.07191449403762817
38.666666666666664,0.042952731251716614,0.07223646342754364
38.7,0.042813777923583984,0.07231056690216064
38.733333333333334,0.0429796427488327,0.07243245840072632
38.766666666666666,0.04274855554103851,0.07217800617218018
38.8,0.042963653802871704,0.07219436764717102
38.833333333333336,0.04269963502883911,0.07198530435562134
38.86666666666667,0.042941123247146606,0.07233034074306488
38.9,0.04273040592670441,0.07164382934570312
38.93333333333333,0.042967602610588074,0.07224074006080627
38.96666666666667,0.04268275201320648,0.07184873521327972
39.0,0.04329012334346771,0.0727463960647583
39.03333333333333,0.04313163459300995,0.07278534770011902
39.06666666666667,0.04309737682342529,0.0728236734867096
39.1,0.043156251311302185,0.07276786863803864
39.13333333333333,0.043136924505233765,0.07294739782810211
39.166666666666664,0.04324173927307129,0.07287244498729706
39.2,0.043281495571136475,0.07308085262775421
39.233333333333334,0.04355292022228241,0.07342720031738281
39.266666666666666,0.043414026498794556,0.07362586259841919
39.3,0.04350225627422333,0.07403597235679626
39.333333333333336,0.043509915471076965,0.0737878680229187
39.36666666666667,0.043381571769714355,0.07399363815784454
39.4,0.0434579998254776,0.073881596326828
39.43333333333333,0.0434221476316452,0.07397544384002686
39.46666666666667,0.04350295662879944,0.07391168177127838
39.5,0.043493881821632385,0.07385338842868805
39.53333333333333,0.043466001749038696,0.07407182455062866
39.56666666666667,0.04357707500457764,0.07434265315532684
39.6,0.043625012040138245,0.07444170117378235
39.63333333333333,0.04356689751148224,0.07469180226325989
39.666666666666664,0.04369598627090454,0.07481884956359863
39.7,0.04389685392379761,0.07460911571979523
39.733333333333334,0.04389239847660065,0.07483966648578644
39.766666666666666,0.043924689292907715,0.07489672303199768
39.8,0.04383280873298645,0.07514366507530212
39.833333333333336,0.04392176866531372,0.07514230906963348
39.86666666666667,0.043928176164627075,0.07538656890392303
39.9,0.04364551603794098,0.07570980489253998
39.93333333333333,0.04370152950286865,0.07561278343200684
39.96666666666667,0.043252378702163696,0.0768292248249054
40.0,0.04272140562534332,0.08015906810760498
40.03333333333333,0.0422387421131134,0.0810583084821701
40.06666666666667,0.04183343052864075,0.08124111592769623
40.1,0.04138381779193878,0.08157934248447418
40.13333333333333,0.04157164692878723,0.08189871907234192
40.166666666666664,0.04163523018360138,0.08196781575679779
40.2,0.04170826077461243,0.08189208805561066
40.233333333333334,0.041320160031318665,0.08238741755485535
40.266666666666666,0.041565507650375366,0.083733931183815
40.3,0.04241195321083069,0.08530554175376892
40.333333333333336,0.04258047044277191,0.08637885749340057
40.36666666666667,0.04226250946521759,0.08634720742702484
40.4,0.04240734875202179,0.08697488903999329
40.43333333333333,0.04238782823085785,0.08624966442584991
40.46666666666667,0.04223157465457916,0.08626417815685272
40.5,0.04232189059257507,0.086665078997612
40.53333333333333,0.04241560399532318,0.08838726580142975
40.56666666666667,0.042761340737342834,0.08935724198818207
40.6,0.042514681816101074,0.08929812908172607
40.63333333333333,0.04241783916950226,0.08941450715065002
40.666666666666664,0.04152233898639679,0.09265018999576569
40.7,0.04134514927864075,0.09558127820491791
40.733333333333334,0.04100227355957031,0.09546402096748352
40.766666666666666,0.04113423824310303,0.09700368344783783
40.8,0.04144725203514099,0.09673064947128296
40.833333333333336,0.04136435687541962,0.09678088128566742
40.86666666666667,0.04141639173030853,0.09602852165699005
40.9,0.041270285844802856,0.0965886116027832
40.93333333333333,0.04153434932231903,0.09597890079021454
40.96666666666667,0.041472628712654114,0.09638075530529022
41.0,0.04148538410663605,0.09600271284580231
41.03333333333333,0.04160863161087036,0.09643125534057617
41.06666666666667,0.041567057371139526,0.09648223221302032
41.1,0.04111088812351227,0.09598934650421143
41.13333333333333,0.04008448123931885,0.09573207795619965
41.166666666666664,0.03989666700363159,0.09615807235240936
41.2,0.03977510333061218,0.0962231457233429
41.233333333333334,0.039809271693229675,0.09573206305503845
41.266666666666666,0.039723366498947144,0.09557244181632996
41.3,0.039778172969818115,0.09565222263336182
41.333333333333336,0.0398380309343338,0.09532409906387329
41.36666666666667,0.03990636765956879,0.09516648948192596
41.4,0.04017333686351776,0.09560959041118622
41.43333333333333,0.04021158814430237,0.0949649065732956
41.46666666666667,0.04019258916378021,0.09544150531291962
41.5,0.040207862854003906,0.09519073367118835
41.53333333333333,0.040259361267089844,0.09538094699382782
41.56666666666667,0.040167972445487976,0.09497013688087463
41.6,0.04017642140388489,0.09499551355838776
41.63333333333333,0.04027634859085083,0.09538248181343079
41.666666666666664,0.04032158851623535,0.09543107450008392
41.7,0.040426284074783325,0.09524345397949219
41.733333333333334,0.040270715951919556,0.09469035267829895
41.766666666666666,0.04035082459449768,0.0952538549900055
41.8,0.040241584181785583,0.09507821500301361
41.833333333333336,0.0403149276971817,0.0954747200012207
41.86666666666667,0.04031524062156677,0.09528884291648865
41.9,0.04032869637012482,0.0953044444322586
41.93333333333333,0.04041394591331482,0.09531821310520172
41.96666666666667,0.04039126634597778,0.09517072141170502
42.0,0.04021504521369934,0.09509406983852386
42.03333333333333,0.04092365503311157,0.09654681384563446
42.06666666666667,0.04097162187099457,0.09637659788131714
42.1,0.04098007082939148,0.09641841053962708
42.13333333333333,0.04097545146942139,0.0965576320886612
42.166666666666664,0.041037142276763916,0.09651042520999908
42.2,0.04096664488315582,0.09655249118804932
42.233333333333334,0.041013509035110474,0.09654822945594788
42.266666666666666,0.04102663695812225,0.09662818908691406
42.3,0.04100771248340607,0.09664386510848999
42.333333333333336,0.041000962257385254,0.09632588922977448
42.36666666666667,0.04118499159812927,0.09485162794589996
42.4,0.0413927286863327,0.09503395855426788
42.43333333333333,0.041352495551109314,0.09498976171016693
42.46666666666667,0.04142142832279205,0.0949149876832962
42.5,0.04135170578956604,0.09513261914253235
42.53333333333333,0.04134714603424072,0.09537996351718903
42.56666666666667,0.041303813457489014,0.09528952836990356
42.6,0.04139973223209381,0.09557239711284637
42.63333333333333,0.04141826927661896,0.09521976113319397
42.666666666666664,0.04189877212047577,0.09437599778175354
42.7,0.041877418756484985,0.09388813376426697
42.733333333333334,0.041892364621162415,0.09398584067821503
42.766666666666666,0.04185323417186737,0.0936983972787857
42.8,0.041825294494628906,0.09408994019031525
42.833333333333336,0.041852355003356934,0.0935554951429367
42.86666666666667,0.04172460734844208,0.09367960691452026
42.9,0.04181346297264099,0.09346811473369598
42.93333333333333,0.041906341910362244,0.09297741949558258
42.96666666666667,0.041540130972862244,0.08781568706035614
43.0,0.04179859161376953,0.08838135004043579
43.03333333333333,0.04168634116649628,0.08821567893028259
43.06666666666667,0.04161140322685242,0.08834508061408997
43.1,0.041513487696647644,0.08794461190700531
43.13333333333333,0.0414518266916275,0.08826997876167297
43.166666666666664,0.04141642153263092,0.0879857987165451
43.2,0.0414508581161499,0.08807682991027832
43.233333333333334,0.04157128930091858,0.08847641944885254
43.266666666666666,0.0413956493139267,0.08805963397026062
43.3,0.04265172779560089,0.08615674078464508
43.333333333333336,0.043145060539245605,0.0847412645816803
43.36666666666667,0.04328128695487976,0.08440975844860077
43.4,0.04327854514122009,0.08455473184585571
43.43333333333333,0.04314599931240082,0.08468849956989288
43.46666666666667,0.043073803186416626,0.08474993705749512
43.5,0.043180912733078,0.08469049632549286
43.53333333333333,0.043132707476615906,0.0847998559474945
43.56666666666667,0.043101921677589417,0.08444440364837646
43.6,0.04297645390033722,0.08417902886867523
43.63333333333333,0.04304340481758118,0.08418470621109009
43.666666666666664,0.04303082823753357,0.0839674323797226
43.7,0.04313085973262787,0.08395011723041534
43.733333333333334,0.04311877489089966,0.08382432162761688
43.766666666666666,0.04327884316444397,0.08378377556800842
43.8,0.04406927525997162,0.08373215794563293
43.833333333333336,0.04413875937461853,0.08307239413261414
43.86666666666667,0.04401613771915436,0.08246712386608124
43.9,0.04391033947467804,0.08256503939628601
43.93333333333333,0.043961331248283386,0.08255329728126526
43.96666666666667,0.04382041096687317,0.08215932548046112
44.0,0.04372456669807434,0.08223743736743927
44.03333333333333,0.04367314279079437,0.08215604722499847
44.06666666666667,0.043682098388671875,0.08218255639076233
44.1,0.04356639087200165,0.08232338726520538
44.13333333333333,0.04276414215564728,0.08205826580524445
44.166666666666664,0.041130125522613525,0.080436110496521
44.2,0.0411485880613327,0.0810348242521286
44.233333333333334,0.04111303389072418,0.08108557760715485
44.266666666666666,0.0411655455827713,0.08051839470863342
44.3,0.04111193120479584,0.08067686855792999
44.333333333333336,0.04097825288772583,0.0802973210811615
44.36666666666667,0.04097437858581543,0.08056576550006866
44.4,0.04105055332183838,0.08055660128593445
44.43333333333333,0.040999263525009155,0.08056360483169556
44.46666666666667,0.04108533263206482,0.08033022284507751
44.5,0.04108181595802307,0.08014547824859619
44.53333333333333,0.04111328721046448,0.08015267550945282
44.56666666666667,0.04113626480102539,0.0804787129163742
44.6,0.041161179542541504,0.08065241575241089
44.63333333333333,0.04131859540939331,0.08073800802230835
44.666666666666664,0.041374966502189636,0.08068037033081055
44.7,0.041412994265556335,0.08085469901561737
44.733333333333334,0.041528716683387756,0.08092035353183746
44.766666666666666,0.041347429156303406,0.08083730936050415
44.8,0.0417257696390152,0.07966367900371552
44.833333333333336,0.04164917767047882,0.07994753122329712
44.86666666666667,0.04182545840740204,0.07981660962104797
44.9,0.04223141074180603,0.08020025491714478
44.93333333333333,0.04235836863517761,0.08044566214084625
44.96666666666667,0.04247105121612549,0.08060118556022644
45.0,0.042442455887794495,0.08053302764892578
45.03333333333333,0.042475625872612,0.08039562404155731
45.06666666666667,0.04242230951786041,0.08052945137023926
45.1,0.04249739646911621,0.08049085736274719
45.13333333333333,0.0424739271402359,0.08058343827724457
45.166666666666664,0.04249057173728943,0.0804898738861084
45.2,0.04249902069568634,0.08082379400730133
45.233333333333334,0.0430348664522171,0.08016568422317505
45.266666666666666,0.042509108781814575,0.07737334072589874
45.3,0.042872726917266846,0.07644778490066528
45.333333333333336,0.043280139565467834,0.07599735260009766
45.36666666666667,0.04345008730888367,0.0759911984205246
45.4,0.043624237179756165,0.07586953043937683
45.43333333333333,0.043695420026779175,0.07563818991184235
45.46666666666667,0.043984442949295044,0.07573090493679047
45.5,0.04400627315044403,0.0756550282239914
45.53333333333333,0.04419104754924774,0.07569359242916107
45.56666666666667,0.04439680278301239,0.07541507482528687
45.6,0.044090643525123596,0.0755530595779419
45.63333333333333,0.04401180148124695,0.07446780800819397
45.666666666666664,0.0435308963060379,0.07235884666442871
45.7,0.04344205558300018,0.07205305993556976
45.733333333333334,0.04347942769527435,0.07208862900733948
45.766666666666666,0.04342961311340332,0.07187357544898987
45.8,0.04363858699798584,0.07214830815792084
45.833333333333336,0.043826714158058167,0.07227340340614319
45.86666666666667,0.04376998543739319,0.07196447253227234
45.9,0.04374602437019348,0.07203824818134308
45.93333333333333,0.04384227097034454,0.07235345244407654
45.96666666666667,0.043760284781455994,0.07219934463500977
46.0,0.043767884373664856,0.07226458191871643
46.03333333333333,0.04371732473373413,0.07221505045890808
46.06666666666667,0.04373437166213989,0.07223200798034668
46.1,0.04365698993206024,0.07223525643348694
46.13333333333333,0.04378350079059601,0.07207173109054565
46.166666666666664,0.04371911287307739,0.07222577929496765
46.2,0.04354597628116608,0.07237133383750916
46.233333333333334,0.0436067134141922,0.07211795449256897
46.266666666666666,0.04368673264980316,0.07207506895065308
46.3,0.04375772178173065,0.07238633930683136
46.333333333333336,0.04392065107822418,0.07237009704113007
46.36666666666667,0.043846115469932556,0.07274618744850159
46.4,0.04378990828990936,0.07293424010276794
46.43333333333333,0.04381066560745239,0.07300421595573425
46.46666666666667,0.04359818994998932,0.07347942888736725
46.5,0.04388967156410217,0.0764460563659668
46.53333333333333,0.04289235174655914,0.07762962579727173
46.56666666666667,0.04304054379463196,0.07767719030380249
46.6,0.043061405420303345,0.07796981930732727
46.63333333333333,0.04301159083843231,0.07800930738449097
46.666666666666664,0.04291553795337677,0.0780644416809082
46.7,0.042839959263801575,0.0781596302986145
46.733333333333334,0.042652279138565063,0.0780971348285675
46.766666666666666,0.04267525672912598,0.07843691110610962
46.8,0.04267403483390808,0.07850682735443115
46.833333333333336,0.042664751410484314,0.07855838537216187
46.86666666666667,0.04268968105316162,0.07866328954696655
46.9,0.04271635413169861,0.07850392162799835
46.93333333333333,0.042461201548576355,0.07872839272022247
46.96666666666667,0.04203973710536957,0.07909026741981506
47.0,0.04105573892593384,0.08024188876152039
47.03333333333333,0.040757209062576294,0.07884879410266876
47.06666666666667,0.0424739271402359,0.07872436940670013
47.1,0.042176634073257446,0.078645259141922
47.13333333333333,0.04205523431301117,0.07837525010108948
47.166666666666664,0.04237382113933563,0.07845556735992432
47.2,0.044248148798942566,0.07880683243274689
47.233333333333334,0.04471591114997864,0.08152690529823303
47.266666666666666,0.043884292244911194,0.08572940528392792
47.3,0.04350517690181732,0.08870194852352142
47.333333333333336,0.04298195242881775,0.09047658741474152
47.36666666666667,0.04315060377120972,0.09102407097816467
47.4,0.042949378490448,0.09053587913513184
47.43333333333333,0.04294613003730774,0.09108778834342957
47.46666666666667,0.042898282408714294,0.09085080027580261
47.5,0.042810410261154175,0.09075742959976196
47.53333333333333,0.042833879590034485,0.09068401157855988
47.56666666666667,0.04296456277370453,0.09051786363124847
47.6,0.042799681425094604,0.09040302038192749
47.63333333333333,0.041399046778678894,0.09169705212116241
47.666666666666664,0.03857721388339996,0.09428462386131287
47.7,0.03672988712787628,0.09686657786369324
47.733333333333334,0.036682918667793274,0.09917160868644714
47.766666666666666,0.03664451837539673,0.09950225055217743
47.8,0.03657598793506622,0.09931164979934692
47.833333333333336,0.036661431193351746,0.09938326478004456
47.86666666666667,0.03654736280441284,0.0992012470960617
47.9,0.03654514253139496,0.09905040264129639
47.93333333333333,0.03537675738334656,0.09948292374610901
47.96666666666667,0.03346988558769226,0.09925380349159241
48.0,0.03285105526447296,0.0999145656824112
48.03333333333333,0.03293474018573761,0.09927988052368164
48.06666666666667,0.03285427391529083,0.09923684597015381
48.1,0.03285481035709381,0.09909696877002716
48.13333333333333,0.032993197441101074,0.09911434352397919
48.166666666666664,0.03285945951938629,0.09877219796180725
48.2,0.03286467492580414,0.09912669658660889
48.233333333333334,0.03280527889728546,0.09890234470367432
48.266666666666666,0.032850295305252075,0.09817244112491608
48.3,0.033017754554748535,0.0984751284122467
48.333333333333336,0.033059120178222656,0.09807194769382477
48.36666666666667,0.033106908202171326,0.09832453727722168
48.4,0.03304728865623474,0.09832547605037689
48.43333333333333,0.03309178352355957,0.09813092648983002
48.46666666666667,0.0328635573387146,0.09753471612930298
48.5,0.033101990818977356,0.09841477870941162
48.53333333333333,0.032798752188682556,0.09786789119243622
48.56666666666667,0.033238887786865234,0.09818395972251892
48.6,0.033291563391685486,0.09810839593410492
48.63333333333333,0.03330796957015991,0.09827111661434174
48.666666666666664,0.033288612961769104,0.09818997979164124
48.7,0.033301711082458496,0.09790410101413727
48.733333333333334,0.03327330946922302,0.09768781065940857
48.766666666666666,0.03334076702594757,0.0984666645526886
48.8,0.03579851984977722,0.09831155836582184
48.833333333333336,0.037456512451171875,0.09524862468242645
48.86666666666667,0.03841443359851837,0.09461937844753265
48.9,0.03908143937587738,0.09376795589923859
48.93333333333333,0.039304956793785095,0.09369359910488129
48.96666666666667,0.03974179923534393,0.0934167206287384
49.0,0.039960235357284546,0.09332449734210968
49.03333333333333,0.039898619055747986,0.09353205561637878
49.06666666666667,0.039852455258369446,0.0936124324798584
49.1,0.03991846740245819,0.09354045987129211
49.13333333333333,0.03990347683429718,0.09359622001647949
49.166666666666664,0.04003585875034332,0.09385158121585846
49.2,0.04054635763168335,0.0937042087316513
49.233333333333334,0.043065086007118225,0.09253300726413727
49.266666666666666,0.04520949721336365,0.0915081799030304
49.3,0.047214195132255554,0.08842165768146515
49.333333333333336,0.05006645619869232,0.08616584539413452
49.36666666666667,0.051681771874427795,0.08549080789089203
49.4,0.05261385440826416,0.08531348407268524
49.43333333333333,0.05318991839885712,0.08489783108234406
49.46666666666667,0.053566187620162964,0.08435922861099243
49.5,0.0536993145942688,0.08422452211380005
49.53333333333333,0.053660571575164795,0.0839570164680481
49.56666666666667,0.053644657135009766,0.08406883478164673
49.6,0.05366139113903046,0.0839565247297287
49.63333333333333,0.053633913397789,0.08390460908412933
49.666666666666664,0.053622350096702576,0.08393502235412598
49.7,0.05357275903224945,0.08398033678531647
49.733333333333334,0.05344472825527191,0.0834297239780426
49.766666666666666,0.0529710054397583,0.08230279386043549
49.8,0.05322803556919098,0.08050966262817383
49.833333333333336,0.05299314856529236,0.07837818562984467
49.86666666666667,0.05272665619850159,0.0774909257888794
49.9,0.05255584418773651,0.07726983726024628
49.93333333333333,0.05230502784252167,0.07724900543689728
49.96666666666667,0.05234776437282562,0.0774264931678772
50.0,0.05249755084514618,0.07751558721065521
50.03333333333333,0.052511364221572876,0.07754528522491455
50.06666666666667,0.05252633988857269,0.07755635678768158
50.1,0.0525442510843277,0.07742974162101746
50.13333333333333,0.05250762403011322,0.0771593302488327
50.166666666666664,0.0524882972240448,0.07730847597122192
50.2,0.052425816655159,0.07734028995037079
50.233333333333334,0.05230061709880829,0.07738593220710754
50.266666666666666,0.052259624004364014,0.07743293046951294
50.3,0.05232037603855133,0.07765421271324158
50.333333333333336,0.052368685603141785,0.07786373794078827
50.36666666666667,0.0523802787065506,0.07798466086387634
50.4,0.05241081118583679,0.0778769850730896
50.43333333333333,0.05236580967903137,0.07782059907913208
50.46666666666667,0.05227379500865936,0.0776340663433075
50.5,0.052292898297309875,0.07762300968170166
50.53333333333333,0.05223986506462097,0.07765160501003265
50.56666666666667,0.0522853285074234,0.07757416367530823
50.6,0.052342697978019714,0.07745948433876038
50.63333333333333,0.052352964878082275,0.0773545652627945
50.666666666666664,0.052393198013305664,0.07724227011203766
50.7,0.052432432770729065,0.07739989459514618
50.733333333333334,0.052406519651412964,0.0776565670967102
50.766666666666666,0.05243343114852905,0.07762715220451355
50.8,0.052386119961738586,0.07761430740356445
50.833333333333336,0.05237038433551788,0.07755199074745178
50.86666666666667,0.052407100796699524,0.07759656012058258
50.9,0.052413567900657654,0.0775812417268753
50.93333333333333,0.05251622200012207,0.07758891582489014
50.96666666666667,0.05241428315639496,0.07766321301460266
51.0,0.0524396151304245,0.07778690755367279
51.03333333333333,0.05247922241687775,0.07783512771129608
51.06666666666667,0.05247397720813751,0.07790642976760864
51.1,0.05261583626270294,0.0777796059846878
51.13333333333333,0.052665337920188904,0.07760827243328094
51.166666666666664,0.05264626443386078,0.07739175856113434
51.2,0.052723437547683716,0.07695668935775757
51.233333333333334,0.052735835313797,0.07709801197052002
51.266666666666666,0.05270932614803314,0.07714848220348358
51.3,0.052619725465774536,0.07761666178703308
51.333333333333336,0.052598461508750916,0.07776676118373871
51.36666666666667,0.05256572365760803,0.07789304852485657
51.4,0.052603721618652344,0.07775980234146118
51.43333333333333,0.05255059897899628,0.07792407274246216
51.46666666666667,0.05260185897350311,0.0781434029340744
51.5,0.052600473165512085,0.07795439660549164
51.53333333333333,0.05263061821460724,0.07777214050292969
51.56666666666667,0.0528201162815094,0.07795324921607971
51.6,0.05161146819591522,0.07809270918369293
51.63333333333333,0.04840141534805298,0.0798458456993103
51.666666666666664,0.04545874893665314,0.08341141045093536
51.7,0.042706429958343506,0.08659210801124573
51.733333333333334,0.040764614939689636,0.08976244926452637
51.766666666666666,0.03998810052871704,0.09128718078136444
51.8,0.038391754031181335,0.09281197190284729
51.833333333333336,0.03798089921474457,0.09460633993148804
51.86666666666667,0.03740747272968292,0.09698337316513062
51.9,0.03728654980659485,0.0978299230337143
51.93333333333333,0.03706490993499756,0.0969351977109909
51.96666666666667,0.036871954798698425,0.09752212464809418
52.0,0.036934658885002136,0.09669899940490723
52.03333333333333,0.03682073950767517,0.09802882373332977
52.06666666666667,0.036564961075782776,0.09803330898284912
52.1,0.03664003312587738,0.09775801002979279
52.13333333333333,0.03654076159000397,0.09723591804504395
52.166666666666664,0.036707013845443726,0.09753808379173279
52.2,0.03662391006946564,0.0978822261095047
52.233333333333334,0.036706313490867615,0.09785449504852295
52.266666666666666,0.03577741980552673,0.09791763126850128
52.3,0.0354527086019516,0.09751765429973602
52.333333333333336,0.03539478778839111,0.09841294586658478
52.36666666666667,0.03528757393360138,0.09781850874423981
52.4,0.035270676016807556,0.09834325313568115
52.43333333333333,0.035294607281684875,0.09805388748645782
52.46666666666667,0.03525558114051819,0.09853361546993256
52.5,0.03524881601333618,0.09852181375026703
52.53333333333333,0.0352250337600708,0.0982942283153534
52.56666666666667,0.0352107435464859,0.09809994697570801
52.6,0.0352112352848053,0.09854243695735931
52.63333333333333,0.03519819676876068,0.09755085408687592
52.666666666666664,0.03526923060417175,0.09793338179588318
52.7,0.03530554473400116,0.09773921966552734
52.733333333333334,0.03534771502017975,0.09781654179096222
52.766666666666666,0.035287633538246155,0.09726983308792114
52.8,0.035337090492248535,0.0975397378206253
52.833333333333336,0.03533017635345459,0.09726905822753906
52.86666666666667,0.035389214754104614,0.09732195734977722
52.9,0.03521990776062012,0.09745253622531891
52.93333333333333,0.03530743718147278,0.09790787100791931
52.96666666666667,0.03515784442424774,0.09726130962371826
53.0,0.03533545136451721,0.09795431792736053
53.03333333333333,0.03520031273365021,0.09744669497013092
53.06666666666667,0.035273998975753784,0.09797285497188568
53.1,0.03518576920032501,0.09724532067775726
53.13333333333333,0.03530706465244293,0.09785771369934082
53.166666666666664,0.03513726592063904,0.09717944264411926
53.2,0.03533200919628143,0.09752902388572693
53.233333333333334,0.035225436091423035,0.09710389375686646
53.266666666666666,0.03546851873397827,0.09733793139457703
53.3,0.03519539535045624,0.09712901711463928
53.333333333333336,0.03549139201641083,0.0977611392736435
53.36666666666667,0.035123810172080994,0.09706118702888489
53.4,0.03550082445144653,0.09810158610343933
53.43333333333333,0.03518964350223541,0.09680040180683136
53.46666666666667,0.03544284403324127,0.09702381491661072
53.5,0.03572501242160797,0.09674271941184998
53.53333333333333,0.037704870104789734,0.09725677967071533
53.56666666666667,0.039427876472473145,0.09663714468479156
53.6,0.041190922260284424,0.09770415723323822
53.63333333333333,0.04103933274745941,0.09722904860973358
53.666666666666664,0.04115009307861328,0.09769164025783539
53.7,0.041144147515296936,0.09737470746040344
53.733333333333334,0.04118931293487549,0.09746399521827698
53.766666666666666,0.04368087649345398,0.09770374000072479
53.8,0.04641591012477875,0.09796467423439026
53.833333333333336,0.04899407923221588,0.09719887375831604
53.86666666666667,0.05044072866439819,0.09748618304729462
53.9,0.050985291600227356,0.09743833541870117
53.93333333333333,0.05082865059375763,0.09788401424884796
53.96666666666667,0.05110590159893036,0.09701550006866455
54.0,0.05113266408443451,0.09764981269836426
54.03333333333333,0.05139699578285217,0.09721030294895172
54.06666666666667,0.05125539004802704,0.09762956202030182
54.1,0.05124364793300629,0.0968567281961441
54.13333333333333,0.051129087805747986,0.09739987552165985
54.166666666666664,0.05110268294811249,0.09667016565799713
54.2,0.05080971121788025,0.09771354496479034
54.233333333333334,0.05098344385623932,0.0969046801328659
54.266666666666666,0.051095277070999146,0.09720227122306824
54.3,0.05104726552963257,0.0970819890499115
54.333333333333336,0.05120471119880676,0.09697826206684113
54.36666666666667,0.051085084676742554,0.0971556156873703
54.4,0.05118584632873535,0.09710058569908142
54.43333333333333,0.05116184055805206,0.09698636829853058
54.46666666666667,0.051294296979904175,0.09683530032634735
54.5,0.051480814814567566,0.0969749391078949
54.53333333333333,0.052148088812828064,0.0963541567325592
54.56666666666667,0.05351141095161438,0.09651081264019012
54.6,0.053378090262413025,0.09609818458557129
54.63333333333333,0.05354131758213043,0.09623992443084717
54.666666666666664,0.05365140736103058,0.09586507081985474
54.7,0.053860291838645935,0.09604997932910919
54.733333333333334,0.05362705886363983,0.09554053843021393
54.766666666666666,0.0536055713891983,0.09579412639141083
54.8,0.05371187627315521,0.09572382271289825
54.833333333333336,0.053656890988349915,0.09583646059036255
54.86666666666667,0.053601160645484924,0.09596171975135803
54.9,0.05330118536949158,0.09576861560344696
54.93333333333333,0.053288087248802185,0.0961574912071228
54.96666666666667,0.053058356046676636,0.09601074457168579
55.0,0.05313338339328766,0.09589157998561859
55.03333333333333,0.053276240825653076,0.09590008854866028
55.06666666666667,0.0531538724899292,0.09647767245769501
55.1,0.053101494908332825,0.0961972177028656
55.13333333333333,0.052938312292099,0.09616419672966003
55.166666666666664,0.05128990113735199,0.09622517228126526
55.2,0.05079329013824463,0.09623563289642334
55.233333333333334,0.05083806812763214,0.09616518020629883
55.266666666666666,0.0504814088344574,0.0959891527891159
55.3,0.05059342086315155,0.09594117105007172
55.333333333333336,0.05039897561073303,0.09578777849674225
55.36666666666667,0.0504605770111084,0.09560118615627289
55.4,0.05034297704696655,0.09568957984447479
55.43333333333333,0.05027607083320618,0.09571084380149841
55.46666666666667,0.050051167607307434,0.09472507238388062
55.5,0.04919935762882233,0.09240815043449402
55.53333333333333,0.04853247106075287,0.09172777831554413
55.56666666666667,0.04853600263595581,0.09106288850307465
55.6,0.04900990426540375,0.09164312481880188
55.63333333333333,0.048827797174453735,0.0916113406419754
55.666666666666664,0.04909110069274902,0.0908680409193039
55.7,0.05001997947692871,0.09170079231262207
55.733333333333334,0.05006831884384155,0.09095416963100433
55.766666666666666,0.05046771466732025,0.09129427373409271
55.8,0.05021733045578003,0.09056700766086578
55.833333333333336,0.05085726082324982,0.09121176600456238
55.86666666666667,0.050734058022499084,0.09089657664299011
55.9,0.05069984495639801,0.09110906720161438
55.93333333333333,0.05078348517417908,0.09098246693611145
55.96666666666667,0.05089862644672394,0.0912228673696518
56.0,0.0510554164648056,0.09106151759624481
56.03333333333333,0.05099228024482727,0.09143257141113281
56.06666666666667,0.05087800323963165,0.09141583740711212
56.1,0.05083020031452179,0.09156158566474915
56.13333333333333,0.05076034367084503,0.09112042188644409
56.166666666666664,0.05058366060256958,0.09109941124916077
56.2,0.05073823034763336,0.09066744148731232
56.233333333333334,0.04732029139995575,0.08847802877426147
56.266666666666666,0.04570874571800232,0.08691006898880005
56.3,0.04596467316150665,0.08672145009040833
56.333333333333336,0.045821815729141235,0.0867127925157547
56.36666666666667,0.04581022262573242,0.08653929829597473
56.4,0.04567691683769226,0.08697420358657837
56.43333333333333,0.04584552347660065,0.08674569427967072
56.46666666666667,0.04577885568141937,0.0867709219455719
56.5,0.045668959617614746,0.08673849701881409
56.53333333333333,0.04571981728076935,0.08661594986915588
56.56666666666667,0.044362664222717285,0.08591130375862122
56.6,0.04415726661682129,0.0860166996717453
56.63333333333333,0.04419536888599396,0.08602461218833923
56.666666666666664,0.044168055057525635,0.08603174984455109
56.7,0.04405584931373596,0.0860501080751419
56.733333333333334,0.04396621882915497,0.0861685574054718
56.766666666666666,0.042140305042266846,0.08461122214794159
56.8,0.04098701477050781,0.08427087962627411
56.833333333333336,0.041110292077064514,0.08481988310813904
56.86666666666667,0.04119113087654114,0.0853291004896164
56.9,0.04128436744213104,0.08512982726097107
56.93333333333333,0.0411931574344635,0.0853019505739212
56.96666666666667,0.04138822853565216,0.08541254699230194
57.0,0.04135914146900177,0.08575993776321411
57.03333333333333,0.04151272773742676,0.08599193394184113
57.06666666666667,0.03986290097236633,0.08584161102771759
57.1,0.037978217005729675,0.08490952849388123
57.13333333333333,0.03803488612174988,0.08524301648139954
57.166666666666664,0.038061171770095825,0.08523862063884735
57.2,0.03801873326301575,0.08543972671031952
57.233333333333334,0.03814813494682312,0.08542780578136444
57.266666666666666,0.03813710808753967,0.0853193998336792
57.3,0.03722982108592987,0.08381734788417816
57.333333333333336,0.03511519730091095,0.08144672214984894
57.36666666666667,0.03495818376541138,0.07849112153053284
57.4,0.03486855328083038,0.07860714197158813
57.43333333333333,0.03483706712722778,0.07797735929489136
57.46666666666667,0.0349811315536499,0.07787792384624481
57.5,0.03496880829334259,0.07786588370800018
57.53333333333333,0.034816429018974304,0.07800287008285522
57.56666666666667,0.0348513126373291,0.07781982421875
57.6,0.035052016377449036,0.07783046364784241
57.63333333333333,0.03492116928100586,0.07786485552787781
57.666666666666664,0.03500691056251526,0.07796983420848846
57.7,0.03508320450782776,0.0780952125787735
57.733333333333334,0.0351622998714447,0.07803311944007874
57.766666666666666,0.03520321846008301,0.07802063226699829
57.8,0.03526903688907623,0.0778389722108841
57.833333333333336,0.03531379997730255,0.07795214653015137
57.86666666666667,0.035548508167266846,0.07796268165111542
57.9,0.03563149273395538,0.07788066565990448
57.93333333333333,0.0354909747838974,0.07787922024726868
57.96666666666667,0.03552106022834778,0.07781752943992615
58.0,0.03559182584285736,0.07764513790607452
58.03333333333333,0.035828083753585815,0.07731188833713531
58.06666666666667,0.03590577840805054,0.07695247232913971
58.1,0.03595009446144104,0.0765545517206192
58.13333333333333,0.036130085587501526,0.0769127905368805
58.166666666666664,0.03617842495441437,0.07672940194606781
58.2,0.03619194030761719,0.07679831981658936
58.233333333333334,0.03616851568222046,0.07660989463329315
58.266666666666666,0.036082521080970764,0.07668250799179077
58.3,0.03616131842136383,0.07671529054641724
58.333333333333336,0.0358930379152298,0.07733123004436493
58.36666666666667,0.03582288324832916,0.07741302251815796
58.4,0.03581428527832031,0.07741236686706543
58.43333333333333,0.035699427127838135,0.07723519206047058
58.46666666666667,0.035890936851501465,0.07722759246826172
58.5,0.035994842648506165,0.07721586525440216
58.53333333333333,0.03606604039669037,0.07705336809158325
58.56666666666667,0.03623467683792114,0.07706347107887268
58.6,0.03624178469181061,0.07709641754627228
58.63333333333333,0.03617164492607117,0.07690295577049255
58.666666666666664,0.03615787625312805,0.07702529430389404
58.7,0.03616581857204437,0.07694821059703827
58.733333333333334,0.03624190390110016,0.07666084170341492
58.766666666666666,0.03645305335521698,0.07674823701381683
58.8,0.036454588174819946,0.07685297727584839
58.833333333333336,0.0363895446062088,0.07658378779888153
58.86666666666667,0.03642696142196655,0.0766703337430954
58.9,0.03637415170669556,0.07654675841331482
58.93333333333333,0.03642323613166809,0.07648153603076935
58.96666666666667,0.03631150722503662,0.07671625912189484
59.0,0.03630030155181885,0.07672612369060516
59.03333333333333,0.0362967848777771,0.07678946852684021
59.06666666666667,0.03634917736053467,0.07675085961818695
59.1,0.03633953630924225,0.07684326171875
59.13333333333333,0.03664278984069824,0.07619459927082062
59.166666666666664,0.03701019287109375,0.07605195045471191
59.2,0.03691725432872772,0.07621435821056366
59.233333333333334,0.03716383874416351,0.07567664980888367
59.266666666666666,0.037154898047447205,0.07568898797035217
59.3,0.03689385950565338,0.07556883990764618
59.333333333333336,0.036980435252189636,0.07522916793823242
59.36666666666667,0.0370025634765625,0.0751793384552002
59.4,0.03708958625793457,0.0753503143787384
59.43333333333333,0.03711651265621185,0.07524348795413971
59.46666666666667,0.03702305257320404,0.07548525929450989
59.5,0.03701382875442505,0.07507003843784332
59.53333333333333,0.03730931878089905,0.07508307695388794
59.56666666666667,0.03726363182067871,0.0753520280122757
59.6,0.03738453984260559,0.07560180127620697
59.63333333333333,0.037460535764694214,0.07568255066871643
59.666666666666664,0.03732028603553772,0.07581955194473267
59.7,0.037535861134529114,0.07588151097297668
59.733333333333334,0.037662893533706665,0.07584862411022186
59.766666666666666,0.03765784204006195,0.07596144080162048
59.8,0.037574246525764465,0.07600873708724976
59.833333333333336,0.0376085489988327,0.07642461359500885
59.86666666666667,0.03757615387439728,0.07626970112323761
59.9,0.0376012921333313,0.07615196704864502
59.93333333333333,0.03762504458427429,0.07626444101333618
59.96666666666667,0.03747759759426117,0.07611739635467529
60.0,0.03741411864757538,0.0761185735464096
60.03333333333333,0.03751303255558014,0.07609407603740692
60.06666666666667,0.03750212490558624,0.07611533999443054
60.1,0.03742581605911255,0.075648233294487
60.13333333333333,0.037505343556404114,0.07579945027828217
60.166666666666664,0.037280380725860596,0.07564301788806915
60.2,0.03724350035190582,0.07571326196193695
60.233333333333334,0.03725646436214447,0.07571560144424438
60.266666666666666,0.03717494010925293,0.07577246427536011
60.3,0.03722132742404938,0.07588562369346619
60.333333333333336,0.037192389369010925,0.07600320875644684
60.36666666666667,0.037581637501716614,0.07609058916568756
60.4,0.03769807517528534,0.07603918015956879
60.43333333333333,0.03760500252246857,0.07647767663002014
60.46666666666667,0.037760764360427856,0.07643622159957886
60.5,0.03780268132686615,0.07641394436359406
60.53333333333333,0.03788411617279053,0.07606583833694458
60.56666666666667,0.03795976936817169,0.07612691819667816
60.6,0.037999823689460754,0.07589589059352875
60.63333333333333,0.03805428743362427,0.07617297768592834
60.666666666666664,0.03809754550457001,0.0756630152463913
60.7,0.03797580301761627,0.07551269233226776
60.733333333333334,0.03798910975456238,0.07556618750095367
60.766666666666666,0.037972256541252136,0.07540127635002136
60.8,0.037998005747795105,0.07534430921077728
60.833333333333336,0.037867575883865356,0.07540097832679749
60.86666666666667,0.037900909781455994,0.07491721212863922
60.9,0.037928253412246704,0.07495252788066864
60.93333333333333,0.038152217864990234,0.07495288550853729
60.96666666666667,0.03910553455352783,0.07630030810832977
61.0,0.03846296668052673,0.07749268412590027
61.03333333333333,0.038460999727249146,0.07725585997104645
61.06666666666667,0.03854048252105713,0.07736311852931976
61.1,0.03842037916183472,0.07727581262588501
61.13333333333333,0.03835485875606537,0.07730403542518616
61.166666666666664,0.038270190358161926,0.07763680815696716
61.2,0.038289591670036316,0.07754124701023102
61.233333333333334,0.03805403411388397,0.07817205786705017
61.266666666666666,0.03863188624382019,0.07865183055400848
61.3,0.038921698927879333,0.07880878448486328
61.333333333333336,0.03904864192008972,0.07929487526416779
61.36666666666667,0.039282068610191345,0.07954452931880951
61.4,0.03939417004585266,0.07937905192375183
61.43333333333333,0.03940102458000183,0.07989303767681122
61.46666666666667,0.0394454151391983,0.07975386083126068
61.5,0.039449140429496765,0.07969221472740173
61.53333333333333,0.03958088159561157,0.07994942367076874
61.56666666666667,0.039464518427848816,0.07967427372932434
61.6,0.04076272249221802,0.08070118725299835
61.63333333333333,0.04054787755012512,0.0812731385231018
61.666666666666664,0.04091422259807587,0.08094100654125214
61.7,0.04102332890033722,0.08106516301631927
61.733333333333334,0.041171833872795105,0.08115953207015991
61.766666666666666,0.04307687282562256,0.08312305808067322
61.8,0.04538273811340332,0.08584141731262207
61.833333333333336,0.04513418674468994,0.08619333803653717
61.86666666666667,0.04508185386657715,0.08554789423942566
61.9,0.04495592415332794,0.08516636490821838
61.93333333333333,0.04501812160015106,0.0842178463935852
61.96666666666667,0.04493393003940582,0.08312498033046722
62.0,0.04498291015625,0.08342650532722473
62.03333333333333,0.04489685595035553,0.08343076705932617
62.06666666666667,0.045155420899391174,0.08372277021408081
62.1,0.04504035413265228,0.08376449346542358
62.13333333333333,0.045191481709480286,0.08361148834228516
62.166666666666664,0.04505336284637451,0.08374835550785065
62.2,0.045152485370635986,0.08368024230003357
62.233333333333334,0.04668526351451874,0.0846475213766098
62.266666666666666,0.04871396720409393,0.08717627823352814
62.3,0.04903660714626312,0.08767762780189514
62.333333333333336,0.04903176426887512,0.08787640929222107
62.36666666666667,0.048734381794929504,0.08811445534229279
62.4,0.0487150102853775,0.08820973336696625
62.43333333333333,0.04866838455200195,0.08801577985286713
62.46666666666667,0.04871886968612671,0.0881546139717102
62.5,0.04858013987541199,0.08803053200244904
62.53333333333333,0.048347294330596924,0.08797276020050049
62.56666666666667,0.04981087148189545,0.08874116837978363
62.6,0.05006618797779083,0.0889795571565628
62.63333333333333,0.04994231462478638,0.08831891417503357
62.666666666666664,0.05003659427165985,0.08840520679950714
62.7,0.049793779850006104,0.08841678500175476
62.733333333333334,0.049818843603134155,0.08852103352546692
62.766666666666666,0.049912646412849426,0.08837996423244476
62.8,0.04989577829837799,0.08853128552436829
62.833333333333336,0.050007209181785583,0.08859974145889282
62.86666666666667,0.05219241976737976,0.08964373171329498
62.9,0.0528140515089035,0.09112381935119629
62.93333333333333,0.05296936631202698,0.09226296842098236
62.96666666666667,0.053067535161972046,0.09266926348209381
63.0,0.05312758684158325,0.09280616044998169
63.03333333333333,0.05287761986255646,0.09277985990047455
63.06666666666667,0.05303597450256348,0.09282676875591278
63.1,0.052926212549209595,0.09279081225395203
63.13333333333333,0.05285191535949707,0.09292416274547577
63.166666666666664,0.052994027733802795,0.09307079017162323
63.2,0.05274513363838196,0.09329597651958466
63.233333333333334,0.052938103675842285,0.09375819563865662
63.266666666666666,0.05064989626407623,0.09484115242958069
63.3,0.05094712972640991,0.09498034417629242
63.333333333333336,0.050698086619377136,0.09540383517742157
63.36666666666667,0.05059392750263214,0.09574097394943237
63.4,0.050734758377075195,0.09521284699440002
63.43333333333333,0.05086664855480194,0.09492973983287811
63.46666666666667,0.051085665822029114,0.09480983018875122
63.5,0.051234617829322815,0.09491375088691711
63.53333333333333,0.05111116170883179,0.09472626447677612
63.56666666666667,0.051231950521469116,0.09532657265663147
63.6,0.05113372206687927,0.09513488411903381
63.63333333333333,0.05136018991470337,0.09576469659805298
63.666666666666664,0.05092766880989075,0.09510236978530884
63.7,0.05136279761791229,0.09573403000831604
63.733333333333334,0.05206368863582611,0.09452386200428009
63.766666666666666,0.05248096585273743,0.09560500085353851
63.8,0.052534326910972595,0.09485507011413574
63.833333333333336,0.052479371428489685,0.09568534791469574
63.86666666666667,0.052701517939567566,0.0948392003774643
63.9,0.05288897454738617,0.09559991955757141
63.93333333333333,0.05273844301700592,0.0944817066192627
63.96666666666667,0.0530179888010025,0.09515318274497986
64.0,0.052336543798446655,0.09513135254383087
64.03333333333333,0.05228199064731598,0.0953141301870346
64.06666666666666,0.052385225892066956,0.0951816588640213
64.1,0.05311186611652374,0.09562583267688751
64.13333333333334,0.05344858765602112,0.09602472186088562
64.16666666666667,0.053113073110580444,0.09632198512554169
64.2,0.05316191911697388,0.09635600447654724
64.23333333333333,0.053016602993011475,0.09657153487205505
64.26666666666667,0.052992865443229675,0.096601203083992
64.3,0.052853405475616455,0.09620238840579987
64.33333333333333,0.05292676389217377,0.09587453305721283
64.36666666666666,0.05277562141418457,0.09636388719081879
64.4,0.052744269371032715,0.096096470952034
64.43333333333334,0.052711889147758484,0.09651249647140503
64.46666666666667,0.05281879007816315,0.09632810950279236
64.5,0.05286359786987305,0.09636512398719788
64.53333333333333,0.05263948440551758,0.09647899866104126
64.56666666666666,0.048485249280929565,0.09728041291236877
64.6,0.048163801431655884,0.09619449079036713
64.63333333333334,0.048055052757263184,0.09634168446063995
64.66666666666667,0.04788665473461151,0.09654439985752106
64.7,0.04786311089992523,0.09641668200492859
64.73333333333333,0.0463038831949234,0.09601107239723206
64.76666666666667,0.04355837404727936,0.09459632635116577
64.8,0.043373286724090576,0.09479153156280518
64.83333333333333,0.04334248602390289,0.09467291831970215
64.86666666666666,0.04339803755283356,0.0944928526878357
64.9,0.04352094233036041,0.09464898705482483
64.93333333333334,0.04330149292945862,0.09455989301204681
64.96666666666667,0.04078589379787445,0.09652850031852722
65.0,0.03925707936286926,0.09705817699432373
65.03333333333333,0.037651628255844116,0.09670187532901764
65.06666666666666,0.03782425820827484,0.09650386869907379
65.1,0.03759896755218506,0.0963592380285263
65.13333333333334,0.0377623587846756,0.09626588225364685
65.16666666666667,0.0376734584569931,0.09626542031764984
65.2,0.038266852498054504,0.09743881225585938
65.23333333333333,0.03919312357902527,0.09933353960514069
65.26666666666667,0.039182424545288086,0.09908170998096466
65.3,0.03930144011974335,0.09938110411167145
65.33333333333333,0.03930865228176117,0.09925270080566406
65.36666666666666,0.0393250435590744,0.09920534491539001
65.4,0.03930780291557312,0.09921306371688843
65.43333333333334,0.0394110232591629,0.09916862845420837
65.46666666666667,0.0394660085439682,0.09916973114013672
65.5,0.03937502205371857,0.09922748804092407
65.53333333333333,0.039133116602897644,0.0991344302892685
65.56666666666666,0.03648211061954498,0.09866049885749817
65.6,0.034356340765953064,0.09833326935768127
65.63333333333334,0.0319705605506897,0.09604042768478394
65.66666666666667,0.031742870807647705,0.09631370007991791
65.7,0.031237006187438965,0.0966576486825943
65.73333333333333,0.03106902539730072,0.09646190702915192
65.76666666666667,0.031242817640304565,0.09653423726558685
65.8,0.03082454204559326,0.09633016586303711
65.83333333333333,0.030185550451278687,0.09398189187049866
65.86666666666666,0.030189648270606995,0.0934811681509018
65.9,0.029166623950004578,0.09153957664966583
65.93333333333334,0.028565526008605957,0.0898648053407669
65.96666666666667,0.027604132890701294,0.08853723108768463
66.0,0.02770143747329712,0.08911313116550446
66.03333333333333,0.02741733193397522,0.08835339546203613
66.06666666666666,0.027551323175430298,0.08860725164413452
66.1,0.02768385410308838,0.08813883364200592
66.13333333333334,0.027843430638313293,0.08844028413295746
66.16666666666667,0.028457611799240112,0.09036800265312195
66.2,0.029332086443901062,0.0912385880947113
66.23333333333333,0.029472798109054565,0.09103855490684509
66.26666666666667,0.029532000422477722,0.0909479409456253
66.3,0.029785916209220886,0.0914108008146286
66.33333333333333,0.029889822006225586,0.09173817932605743
66.36666666666666,0.029820933938026428,0.09190809726715088
66.4,0.02993534505367279,0.09197498857975006
66.43333333333334,0.029749199748039246,0.09170536696910858
66.46666666666667,0.030029475688934326,0.09210793673992157
66.5,0.029821425676345825,0.09157164394855499
66.53333333333333,0.029914259910583496,0.09163899719715118
66.56666666666666,0.0298386812210083,0.09167097508907318
66.6,0.029951512813568115,0.09171363711357117
66.63333333333334,0.02967628836631775,0.09124070405960083
66.66666666666667,0.029815450310707092,0.09138529002666473
66.7,0.03013169765472412,0.09184956550598145
66.73333333333333,0.02976807951927185,0.09151428937911987
66.76666666666667,0.030133575201034546,0.09205710887908936
66.8,0.030091911554336548,0.09181037545204163
66.83333333333333,0.030277028679847717,0.09225794672966003
66.86666666666666,0.03009021282196045,0.09167605638504028
66.9,0.029423728585243225,0.09100762009620667
66.93333333333334,0.02782168984413147,0.08816264569759369
66.96666666666667,0.027762651443481445,0.08553479611873627
67.0,0.02781665325164795,0.08385653793811798
67.03333333333333,0.0279148668050766,0.0840139389038086
67.06666666666666,0.027746379375457764,0.08432230353355408
67.1,0.027986034750938416,0.0844712108373642
67.13333333333334,0.0279177725315094,0.08482426404953003
67.16666666666667,0.028146982192993164,0.08524331450462341
67.2,0.028004825115203857,0.08530829846858978
67.23333333333333,0.028061196208000183,0.08474607765674591
67.26666666666667,0.028074920177459717,0.08518706262111664
67.3,0.028177261352539062,0.08522111177444458
67.33333333333333,0.02820439636707306,0.0848252922296524
67.36666666666666,0.028095558285713196,0.08415386080741882
67.4,0.027996838092803955,0.08445262908935547
67.43333333333334,0.02828328311443329,0.08474855124950409
67.46666666666667,0.028288111090660095,0.08494523167610168
67.5,0.028234019875526428,0.08459602296352386
67.53333333333333,0.028099626302719116,0.08417235314846039
67.56666666666666,0.028139114379882812,0.08385631442070007
67.6,0.02788257598876953,0.08212052285671234
67.63333333333334,0.028135627508163452,0.07978266477584839
67.66666666666667,0.027834415435791016,0.07874943315982819
67.7,0.02771890163421631,0.07936736941337585
67.73333333333333,0.02826136350631714,0.07928162813186646
67.76666666666667,0.028073742985725403,0.0794176310300827
67.8,0.02836790680885315,0.07939329743385315
67.83333333333333,0.028297647833824158,0.07950274646282196
67.86666666666666,0.02838177978992462,0.07936300337314606
67.9,0.028254613280296326,0.0793718695640564
67.93333333333334,0.02835175395011902,0.07914930582046509
67.96666666666667,0.028410255908966064,0.07928742468357086
68.0,0.028504222631454468,0.07941651344299316
68.03333333333333,0.028549715876579285,0.07941006124019623
68.06666666666666,0.028498083353042603,0.07966500520706177
68.1,0.02834080159664154,0.07962636649608612
68.13333333333334,0.028398126363754272,0.0798766016960144
68.16666666666667,0.02834498882293701,0.07948721945285797
68.2,0.028546497225761414,0.07972118258476257
68.23333333333333,0.028377488255500793,0.07981280982494354
68.26666666666667,0.028438717126846313,0.07985107600688934
68.3,0.028568804264068604,0.07977423071861267
68.33333333333333,0.028553977608680725,0.07992991805076599
68.36666666666666,0.02909785509109497,0.07803717255592346
68.4,0.029312297701835632,0.07713034749031067
68.43333333333334,0.03057265281677246,0.07538406550884247
68.46666666666667,0.03217117488384247,0.07470241189002991
68.5,0.03194664418697357,0.07492886483669281
68.53333333333333,0.03164449334144592,0.07476423680782318
68.56666666666666,0.03141684830188751,0.07485097646713257
68.6,0.031140297651290894,0.07483948767185211
68.63333333333334,0.031078040599822998,0.0750093013048172
68.66666666666667,0.031049832701683044,0.07518255710601807
68.7,0.031153962016105652,0.07491511106491089
68.73333333333333,0.031714245676994324,0.07456183433532715
68.76666666666667,0.031867191195487976,0.07455800473690033
68.8,0.032030075788497925,0.07435023784637451
68.83333333333333,0.03198219835758209,0.07430107891559601
68.86666666666666,0.03208304941654205,0.07425244152545929
68.9,0.031981125473976135,0.07422386109828949
68.93333333333334,0.032172322273254395,0.07419538497924805
68.96666666666667,0.032592594623565674,0.07424698770046234
69.0,0.03402344882488251,0.07383802533149719
69.03333333333333,0.035521045327186584,0.07363557815551758
69.06666666666666,0.03591457009315491,0.07368679344654083
69.1,0.03591158986091614,0.07386316359043121
69.13333333333334,0.035753488540649414,0.07406675815582275
69.16666666666667,0.035462379455566406,0.07409313321113586
69.2,0.03543312847614288,0.07404026389122009
69.23333333333333,0.0354742556810379,0.07384166121482849
69.26666666666667,0.035280659794807434,0.07394863665103912
69.3,0.03654775023460388,0.07297834753990173
69.33333333333333,0.037340790033340454,0.07205900549888611
69.36666666666666,0.03709457814693451,0.07191416621208191
69.4,0.037510961294174194,0.07172609865665436
69.43333333333334,0.03753097355365753,0.0718630999326706
69.46666666666667,0.037886470556259155,0.07226021587848663
69.5,0.0381050705909729,0.07177142798900604
69.53333333333333,0.03826676309108734,0.07159043848514557
69.56666666666666,0.038400694727897644,0.07134512066841125
69.6,0.03907489776611328,0.07108364999294281
69.63333333333334,0.03954634070396423,0.07057526707649231
69.66666666666667,0.04172609746456146,0.0707017183303833
69.7,0.04226692020893097,0.07078284025192261
69.73333333333333,0.04247470200061798,0.07027174532413483
69.76666666666667,0.042893752455711365,0.07055072486400604
69.8,0.042971670627593994,0.07047216594219208
69.83333333333333,0.0430472195148468,0.07011765241622925
69.86666666666666,0.04308435320854187,0.07031610608100891
69.9,0.043207719922065735,0.07024174928665161
69.93333333333334,0.04326489567756653,0.07026909291744232
69.96666666666667,0.04323451220989227,0.0702940821647644
70.0,0.04329134523868561,0.07051175832748413
70.03333333333333,0.043499693274497986,0.07056768238544464
70.06666666666666,0.04355470836162567,0.07066327333450317
70.1,0.04353918135166168,0.07066543400287628
70.13333333333334,0.04346993565559387,0.07035896182060242
70.16666666666667,0.04371221363544464,0.07049421966075897
70.2,0.043731123208999634,0.07060790061950684
70.23333333333333,0.04375380277633667,0.07073785364627838
70.26666666666667,0.0437961220741272,0.07052570581436157
70.3,0.04380255937576294,0.0703522264957428
70.33333333333333,0.04371179640293121,0.07045142352581024
70.36666666666666,0.04374821484088898,0.0705312043428421
70.4,0.04396952688694,0.07069012522697449
70.43333333333334,0.04425439238548279,0.07140901684761047
70.46666666666667,0.04441682994365692,0.07128502428531647
70.5,0.04442329704761505,0.0713561475276947
70.53333333333333,0.04480433464050293,0.07170535624027252
70.56666666666666,0.04472129046916962,0.07170407474040985
70.6,0.044641926884651184,0.07174620032310486
70.63333333333334,0.04482841491699219,0.07197491824626923
70.66666666666667,0.04512305557727814,0.07210631668567657
70.7,0.04570372402667999,0.07201765477657318
70.73333333333333,0.04609575867652893,0.07232800126075745
70.76666666666667,0.046941205859184265,0.07272379100322723
70.8,0.0473916232585907,0.07271942496299744
70.83333333333333,0.04833520948886871,0.07323494553565979
70.86666666666666,0.0469893217086792,0.07401952147483826
70.9,0.04871158301830292,0.07329779863357544
70.93333333333334,0.049653783440589905,0.07290114462375641
70.96666666666667,0.05033765733242035,0.07314163446426392
71.0,0.05072404444217682,0.07336315512657166
71.03333333333333,0.05077403783798218,0.07370631396770477
71.06666666666666,0.050389692187309265,0.07401570677757263
71.1,0.0503411740064621,0.07389619946479797
71.13333333333334,0.050281792879104614,0.0742950588464737
71.16666666666667,0.047998398542404175,0.07602734863758087
71.2,0.04794071614742279,0.07701168954372406
71.23333333333333,0.04956096410751343,0.07679079473018646
71.26666666666667,0.05347725749015808,0.0771109014749527
71.3,0.053316667675971985,0.07760462164878845
71.33333333333333,0.054071083664894104,0.07816778123378754
71.36666666666666,0.05408667027950287,0.07795809209346771
71.4,0.05400007963180542,0.07851628959178925
71.43333333333334,0.05396851897239685,0.0801413357257843
71.46666666666667,0.053812235593795776,0.08087481558322906
71.5,0.0534047931432724,0.08090586960315704
71.53333333333333,0.053834497928619385,0.08075407147407532
71.56666666666666,0.054003819823265076,0.08077546954154968
71.6,0.05388909578323364,0.08071067929267883
71.63333333333334,0.05385515093803406,0.08055707812309265
71.66666666666667,0.054133862257003784,0.08074444532394409
71.7,0.05419817566871643,0.080614373087883
71.73333333333333,0.05420151352882385,0.08066970109939575
71.76666666666667,0.05422481894493103,0.0804501473903656
71.8,0.054288700222969055,0.08035111427307129
71.83333333333333,0.0541607141494751,0.08051542937755585
71.86666666666666,0.054021209478378296,0.08064809441566467
71.9,0.053958743810653687,0.08081285655498505
71.93333333333334,0.05403599143028259,0.08088509738445282
71.96666666666667,0.053922802209854126,0.08103306591510773
72.0,0.05473300814628601,0.08215588331222534
72.03333333333333,0.0542948842048645,0.08312460780143738
72.06666666666666,0.05475473403930664,0.08322079479694366
72.1,0.054747775197029114,0.08359888195991516
72.13333333333334,0.054728299379348755,0.08345583081245422
72.16666666666667,0.05496342480182648,0.0835324227809906
72.2,0.054899320006370544,0.08364659547805786
72.23333333333333,0.05492040514945984,0.0836409330368042
72.26666666666667,0.054791152477264404,0.08378873765468597
72.3,0.05460992455482483,0.08349134027957916
72.33333333333333,0.05484762787818909,0.08406145870685577
72.36666666666666,0.05478134751319885,0.08449326455593109
72.4,0.05486695468425751,0.08555692434310913
72.43333333333334,0.05486616492271423,0.0852600634098053
72.46666666666667,0.054775089025497437,0.08544707298278809
72.5,0.05448593199253082,0.08514747023582458
72.53333333333333,0.05432584881782532,0.0856049507856369
72.56666666666666,0.05449084937572479,0.08548825979232788
72.6,0.05451013147830963,0.08512057363986969
72.63333333333334,0.05443331599235535,0.08511100709438324
72.66666666666667,0.05437171459197998,0.08511999249458313
72.7,0.054500848054885864,0.0852837860584259
72.73333333333333,0.05456976592540741,0.08536748588085175
72.76666666666667,0.05449923872947693,0.08566313982009888
72.8,0.05465060472488403,0.0859403908252716
72.83333333333333,0.05587157607078552,0.08846566081047058
72.86666666666666,0.055136457085609436,0.08939820528030396
72.9,0.055281177163124084,0.08922471106052399
72.93333333333334,0.055222272872924805,0.08980774879455566
72.96666666666667,0.05503976345062256,0.08997474610805511
73.0,0.05500863492488861,0.09036153554916382
73.03333333333333,0.05476298928260803,0.09045007824897766
73.06666666666666,0.054588913917541504,0.09078072011470795
73.1,0.05451327562332153,0.09073047339916229
73.13333333333334,0.05445262789726257,0.09096519649028778
73.16666666666667,0.053568363189697266,0.09049507975578308
73.2,0.05291295051574707,0.09232074022293091
73.23333333333333,0.05266368389129639,0.09213966131210327
73.26666666666667,0.052755385637283325,0.09221784770488739
73.3,0.05282403528690338,0.0923895388841629
73.33333333333333,0.052992597222328186,0.09238918125629425
73.36666666666666,0.05183415114879608,0.09312722086906433
73.4,0.05172267556190491,0.0934404581785202
73.43333333333334,0.051669538021087646,0.093260258436203
73.46666666666667,0.05153569579124451,0.09353236854076385
73.5,0.05149327218532562,0.09380319714546204
73.53333333333333,0.05134470760822296,0.09363037347793579
73.56666666666666,0.05122576653957367,0.09378357231616974
73.6,0.0513494610786438,0.09378474950790405
73.63333333333334,0.051348522305488586,0.09420712292194366
73.66666666666667,0.05141498148441315,0.09440690279006958
73.7,0.051371246576309204,0.09428952634334564
73.73333333333333,0.05116799473762512,0.09447275102138519
73.76666666666667,0.05099497735500336,0.09446200728416443
73.8,0.04735006392002106,0.09536974132061005
73.83333333333333,0.04612940549850464,0.09493091702461243
73.86666666666666,0.04619118571281433,0.09492985904216766
73.9,0.04614835977554321,0.09508879482746124
73.93333333333334,0.04629796743392944,0.09513430297374725
73.96666666666667,0.04622620344161987,0.09492766857147217
74.0,0.04619400203227997,0.09500595927238464
74.03333333333333,0.04621496796607971,0.09474800527095795
74.06666666666666,0.04612042009830475,0.0947246253490448
74.1,0.04612424969673157,0.0944325178861618
74.13333333333334,0.04609242081642151,0.09310819208621979
74.16666666666667,0.04579642415046692,0.09144197404384613
74.2,0.043939292430877686,0.08977040648460388
74.23333333333333,0.04340590536594391,0.09061078727245331
74.26666666666667,0.0419914573431015,0.09176388382911682
74.3,0.041612207889556885,0.09303559362888336
74.33333333333333,0.041464269161224365,0.0935649424791336
74.36666666666666,0.04138897359371185,0.09366187453269958
74.4,0.04132823646068573,0.09429427981376648
74.43333333333334,0.04124344885349274,0.09413363039493561
74.46666666666667,0.0410844087600708,0.09421053528785706
74.5,0.041070565581321716,0.09396800398826599
74.53333333333333,0.040964752435684204,0.09390509128570557
74.56666666666666,0.04047408699989319,0.09352639317512512
74.6,0.037535399198532104,0.09273222088813782
74.63333333333334,0.037471845746040344,0.09248468279838562
74.66666666666667,0.037565141916275024,0.09255236387252808
74.7,0.03754355013370514,0.09221774339675903
74.73333333333333,0.037614062428474426,0.09207673370838165
74.76666666666667,0.037664994597435,0.0919913500547409
74.8,0.0377400666475296,0.09159757196903229
74.83333333333333,0.0375472754240036,0.09182357788085938
74.86666666666666,0.03760920464992523,0.09112662076950073
74.9,0.03742790222167969,0.0916394591331482
74.93333333333334,0.03734360635280609,0.0917733758687973
74.96666666666667,0.037399694323539734,0.09207455813884735
75.0,0.036978378891944885,0.09172384440898895
75.03333333333333,0.036765649914741516,0.09208713471889496
75.06666666666666,0.036965012550354004,0.09172005951404572
75.1,0.036861538887023926,0.09204396605491638
75.13333333333334,0.03703227639198303,0.09160798788070679
75.16666666666667,0.03680606186389923,0.09205852448940277
75.2,0.03708033263683319,0.09145346283912659
75.23333333333333,0.03649750351905823,0.09197714924812317
75.26666666666667,0.0371236652135849,0.09140685200691223
75.3,0.03671453893184662,0.09080754220485687
75.33333333333333,0.03732803463935852,0.08965912461280823
75.36666666666666,0.03781646490097046,0.08927442133426666
75.4,0.03813178837299347,0.08916158974170685
75.43333333333334,0.037969887256622314,0.08923257887363434
75.46666666666667,0.037962570786476135,0.09007883071899414
75.5,0.03785417973995209,0.09061329066753387
75.53333333333333,0.03804539144039154,0.089627206325531
75.56666666666666,0.0382390171289444,0.08631929755210876
75.6,0.03797738254070282,0.08133804798126221
75.63333333333334,0.03930175304412842,0.07750876247882843
75.66666666666667,0.041205376386642456,0.07493142783641815
75.7,0.0409640371799469,0.07521310448646545
75.73333333333333,0.040960267186164856,0.0757332444190979
75.76666666666667,0.04097725450992584,0.07606633007526398
75.8,0.04069216549396515,0.07615587115287781
75.83333333333333,0.04031860828399658,0.07671371102333069
75.86666666666666,0.04012477397918701,0.07684187591075897
75.9,0.040170103311538696,0.07720047235488892
75.93333333333334,0.040182992815971375,0.07754397392272949
75.96666666666667,0.04016697406768799,0.07767848670482635
76.0,0.04031655192375183,0.07768133282661438
76.03333333333333,0.0404311865568161,0.07795470952987671
76.06666666666666,0.04048176109790802,0.07800288498401642
76.1,0.04098065197467804,0.07562188804149628
76.13333333333334,0.0411359965801239,0.07534123957157135
76.16666666666667,0.04102981090545654,0.0747968852519989
76.2,0.040782347321510315,0.07493652403354645
76.23333333333333,0.04066362977027893,0.07515881955623627
76.26666666666667,0.04055045545101166,0.07544349133968353
76.3,0.040507733821868896,0.07553079724311829
76.33333333333333,0.040517374873161316,0.07557697594165802
76.36666666666666,0.040636301040649414,0.07575872540473938
76.4,0.040675222873687744,0.07599987089633942
76.43333333333334,0.04059818387031555,0.07646408677101135
76.46666666666667,0.04062585532665253,0.07613609731197357
76.5,0.040638938546180725,0.07603539526462555
